/* Generated by tools/build_boss_portraits.py; mod artwork, not disc data. */
#pragma once
#include <stdint.h>

static const uint16_t toshinden_gaia_portrait[16384] = {
    0x8000, 0x8000, 0x8000, 0x8000, 0x8000, 0x8000, 0x8000, 0x8000, 0x8000, 0x8000, 0x8000, 0x8000, 0x8000, 0x8000, 0x8000, 0x8000,
    0x8000, 0x8000, 0x8000, 0x8000, 0x8000, 0x8000, 0x8000, 0x8000, 0x8000, 0x8000, 0x8000, 0x8000, 0x8000, 0x8000, 0x8000, 0x8000,
    0x8000, 0x8000, 0x8000, 0x8000, 0x8000, 0x8000, 0x8000, 0x8000, 0x8000, 0x8000, 0x8000, 0x8000, 0x8000, 0x8000, 0x8000, 0x8000,
    0x8000, 0x8000, 0x8000, 0x8000, 0x8000, 0x8000, 0x8000, 0x8000, 0x8000, 0x8000, 0x8000, 0x8000, 0x8000, 0x8000, 0x8000, 0x8000,
    0x8000, 0x8000, 0x8000, 0x8000, 0x8000, 0x8000, 0x8000, 0x8000, 0x8000, 0x8000, 0x8000, 0x8000, 0x8000, 0x8000, 0x8000, 0x8000,
    0x8000, 0x8000, 0x8000, 0x8000, 0x8000, 0x8000, 0x8000, 0x8000, 0x8000, 0x8000, 0x8000, 0x8000, 0x8000, 0x8000, 0x8000, 0x8000,
    0x8000, 0x8000, 0x8000, 0x8000, 0x8000, 0x8000, 0x8000, 0x8000, 0x8000, 0x8000, 0x8000, 0x8000, 0x8000, 0x8000, 0x8000, 0x8000,
    0x8000, 0x8000, 0x8000, 0x8000, 0x8000, 0x8000, 0x8000, 0x8000, 0x8000, 0x8000, 0x8000, 0x8000, 0x8000, 0x8000, 0x8000, 0x8000,
    0x8000, 0x8000, 0x8000, 0x8000, 0x8000, 0x8000, 0x8000, 0x8000, 0x8000, 0x8000, 0x8000, 0x8000, 0x8000, 0x8000, 0x8000, 0x8000,
    0x8000, 0x8000, 0x8000, 0x8000, 0x8000, 0x8000, 0x8000, 0x8000, 0x8000, 0x8000, 0x8000, 0x8000, 0x8000, 0x8000, 0x8000, 0x8000,
    0x8000, 0x8000, 0x8000, 0x8000, 0x8000, 0x8000, 0x8000, 0x8000, 0x8000, 0x8000, 0x8000, 0x8000, 0x8000, 0x8000, 0x8000, 0x8000,
    0x8000, 0x8000, 0x8000, 0x8000, 0x8000, 0x8000, 0x8000, 0x8000, 0x8000, 0x8000, 0x8000, 0x8000, 0x8000, 0x8000, 0x8000, 0x8000,
    0x8000, 0x8000, 0x8000, 0x8000, 0x8000, 0x8000, 0x8000, 0x8000, 0x8000, 0x8000, 0x8000, 0x8000, 0x8000, 0x8000, 0x8000, 0x8000,
    0x8000, 0x8000, 0x8000, 0x8000, 0x8000, 0x8000, 0x8000, 0x8000, 0x8000, 0x8000, 0x8000, 0x8000, 0x8000, 0x8000, 0x8000, 0x8000,
    0x8000, 0x8000, 0x8000, 0x8000, 0x8000, 0x8000, 0x8000, 0x8000, 0x8000, 0x8000, 0x8000, 0x8000, 0x8000, 0x8000, 0x8000, 0x8000,
    0x8000, 0x8000, 0x8000, 0x8000, 0x8000, 0x8000, 0x8000, 0x8000, 0x8000, 0x8000, 0x8000, 0x8000, 0x8000, 0x8000, 0x8000, 0x8000,
    0x8000, 0x8000, 0x8000, 0x8000, 0x8000, 0x8000, 0x8000, 0x8000, 0x8000, 0x8000, 0x8000, 0x8000, 0x8000, 0x8000, 0x8000, 0x8000,
    0x8000, 0x8000, 0x8000, 0x8000, 0x8000, 0x8000, 0x8000, 0x8000, 0x8000, 0x8000, 0x8000, 0x8000, 0x8000, 0x8000, 0x8000, 0x8000,
    0x8000, 0x8000, 0x8000, 0x8000, 0x8000, 0x8000, 0x8000, 0x8000, 0x8000, 0x8000, 0x8000, 0x8000, 0x8000, 0x8000, 0x8000, 0x8000,
    0x8000, 0x8000, 0x8000, 0x8000, 0x8000, 0x8000, 0x8000, 0x8000, 0x8000, 0x8000, 0x8000, 0x8000, 0x8000, 0x8000, 0x8000, 0x8000,
    0x8000, 0x8000, 0x8000, 0x8000, 0x8000, 0x8000, 0x8000, 0x8000, 0x8000, 0x8000, 0x8000, 0x8000, 0x8000, 0x8000, 0x8000, 0x8000,
    0x8000, 0x8000, 0x8000, 0x8000, 0x8000, 0x8000, 0x8000, 0x8000, 0x8000, 0x8000, 0x8000, 0x8000, 0x8000, 0x8000, 0x8000, 0x8000,
    0x8000, 0x8000, 0x8000, 0x8000, 0x8000, 0x8000, 0x8000, 0x8000, 0x8000, 0x8000, 0x8000, 0x8000, 0x8000, 0x8000, 0x8000, 0x8000,
    0x8000, 0x8000, 0x8000, 0x8000, 0x8000, 0x8000, 0x8000, 0x8000, 0x8000, 0x8000, 0x8000, 0x8000, 0x8000, 0x8000, 0x8000, 0x8000,
    0x8000, 0x8000, 0x8000, 0x8000, 0x8000, 0x8000, 0x8000, 0x8000, 0x8000, 0x8000, 0x8000, 0x8000, 0x8000, 0x8000, 0x8000, 0x8000,
    0x8000, 0x8000, 0x8000, 0x8000, 0x8000, 0x8000, 0x8000, 0x8000, 0x8000, 0x8000, 0x8000, 0x8000, 0x8000, 0x8000, 0x8000, 0x8000,
    0x8000, 0x8000, 0x8000, 0x8000, 0x8000, 0x8000, 0x8000, 0x8000, 0x8000, 0x8000, 0x8000, 0x8000, 0x8000, 0x8000, 0x8000, 0x8000,
    0x8000, 0x8000, 0x8000, 0x8000, 0x8000, 0x8000, 0x8000, 0x8000, 0x8000, 0x8000, 0x8000, 0x8000, 0x8000, 0x8000, 0x8000, 0x8000,
    0x8000, 0x8000, 0x8000, 0x8000, 0x8000, 0x8000, 0x8000, 0x8000, 0x8000, 0x8000, 0x0443, 0x112C, 0x0022, 0x8000, 0x8000, 0x8000,
    0x8000, 0x8000, 0x8000, 0x8000, 0x8000, 0x8000, 0x8000, 0x8000, 0x8000, 0x8000, 0x8000, 0x8000, 0x8000, 0x8000, 0x8000, 0x8000,
    0x8000, 0x8000, 0x8000, 0x8000, 0x8000, 0x8000, 0x8000, 0x8000, 0x8000, 0x8000, 0x8000, 0x8000, 0x8000, 0x8000, 0x8000, 0x8000,
    0x8000, 0x8000, 0x8000, 0x8000, 0x8000, 0x8000, 0x8000, 0x8000, 0x8000, 0x8000, 0x8000, 0x8000, 0x8000, 0x8000, 0x8000, 0x8000,
    0x8000, 0x8000, 0x8000, 0x8000, 0x8000, 0x8000, 0x8000, 0x8000, 0x8000, 0x8000, 0x8000, 0x8000, 0x8000, 0x8000, 0x8000, 0x8000,
    0x8000, 0x8000, 0x8000, 0x8000, 0x8000, 0x8000, 0x8000, 0x8000, 0x8000, 0x8000, 0x8000, 0x8000, 0x8000, 0x8000, 0x8000, 0x8000,
    0x8000, 0x8000, 0x8000, 0x8000, 0x8000, 0x8000, 0x8000, 0x8000, 0x8000, 0x8000, 0x8000, 0x8000, 0x8000, 0x8000, 0x8000, 0x8000,
    0x8000, 0x8000, 0x8000, 0x8000, 0x8000, 0x8000, 0x8000, 0x8000, 0x8000, 0x8000, 0x8000, 0x8000, 0x8000, 0x8000, 0x8000, 0x8000,
    0x8000, 0x8000, 0x8000, 0x8000, 0x8000, 0x8000, 0x8000, 0x8000, 0x8000, 0x0001, 0x3E76, 0x42DB, 0x092E, 0x0042, 0x8000, 0x8000,
    0x8000, 0x8000, 0x8000, 0x8000, 0x8000, 0x8000, 0x8000, 0x8000, 0x8000, 0x8000, 0x8000, 0x8000, 0x8000, 0x8000, 0x8000, 0x8000,
    0x8000, 0x8000, 0x8000, 0x8000, 0x8000, 0x8000, 0x8000, 0x8000, 0x8000, 0x8000, 0x8000, 0x8000, 0x8000, 0x8000, 0x8000, 0x8000,
    0x8000, 0x8000, 0x8000, 0x8000, 0x8000, 0x8000, 0x8000, 0x8000, 0x8000, 0x8000, 0x8000, 0x8000, 0x8000, 0x8000, 0x8000, 0x8000,
    0x8000, 0x8000, 0x8000, 0x8000, 0x8000, 0x8000, 0x8000, 0x8000, 0x8000, 0x8000, 0x8000, 0x8000, 0x8000, 0x8000, 0x8000, 0x8000,
    0x8000, 0x8000, 0x8000, 0x8000, 0x8000, 0x8000, 0x8000, 0x8000, 0x8000, 0x8000, 0x8000, 0x8000, 0x8000, 0x8000, 0x8000, 0x8000,
    0x8000, 0x8000, 0x8000, 0x8000, 0x8000, 0x8000, 0x8000, 0x8000, 0x8000, 0x8000, 0x8000, 0x8000, 0x8000, 0x8000, 0x8000, 0x8000,
    0x8000, 0x8000, 0x8000, 0x8000, 0x8000, 0x8000, 0x8000, 0x8000, 0x8000, 0x8000, 0x8000, 0x8000, 0x8000, 0x8000, 0x8000, 0x8000,
    0x8000, 0x8000, 0x8000, 0x8000, 0x8000, 0x8000, 0x8000, 0x8000, 0x0002, 0x35F0, 0x5B5D, 0x2616, 0x114F, 0x0D0C, 0x0464, 0x8000,
    0x8000, 0x8000, 0x8000, 0x8000, 0x8000, 0x8000, 0x8000, 0x8000, 0x8000, 0x8000, 0x8000, 0x8000, 0x8000, 0x8000, 0x8000, 0x8000,
    0x8000, 0x8000, 0x8000, 0x8000, 0x8000, 0x8000, 0x8000, 0x8000, 0x8000, 0x8000, 0x8000, 0x8000, 0x8000, 0x8000, 0x8000, 0x8000,
    0x8000, 0x8000, 0x8000, 0x8000, 0x8000, 0x8000, 0x8000, 0x8000, 0x8000, 0x8000, 0x8000, 0x8000, 0x8000, 0x8000, 0x8000, 0x8000,
    0x8000, 0x8000, 0x8000, 0x8000, 0x8000, 0x8000, 0x8000, 0x8000, 0x8000, 0x8000, 0x8000, 0x8000, 0x8000, 0x8000, 0x8000, 0x8000,
    0x8000, 0x8000, 0x8000, 0x8000, 0x8000, 0x8000, 0x8000, 0x8000, 0x8000, 0x8000, 0x8000, 0x8000, 0x8000, 0x0407, 0x0427, 0x0427,
    0x0426, 0x0427, 0x0004, 0x8000, 0x8000, 0x8000, 0x8000, 0x8000, 0x8000, 0x8000, 0x8000, 0x8000, 0x8000, 0x8000, 0x8000, 0x8000,
    0x8000, 0x8000, 0x8000, 0x8000, 0x8000, 0x8000, 0x8000, 0x8000, 0x8000, 0x8000, 0x8000, 0x8000, 0x8000, 0x8000, 0x8000, 0x8000,
    0x8000, 0x8000, 0x8000, 0x8000, 0x8000, 0x8000, 0x8000, 0x8000, 0x298E, 0x637D, 0x21F4, 0x1E17, 0x1D90, 0x0D0D, 0x0487, 0x8000,
    0x8000, 0x8000, 0x8000, 0x8000, 0x8000, 0x8000, 0x8000, 0x8000, 0x8000, 0x8000, 0x8000, 0x8000, 0x8000, 0x8000, 0x8000, 0x8000,
    0x8000, 0x8000, 0x8000, 0x8000, 0x8000, 0x8000, 0x8000, 0x8000, 0x8000, 0x8000, 0x8000, 0x8000, 0x8000, 0x8000, 0x8000, 0x8000,
    0x8000, 0x8000, 0x8000, 0x8000, 0x8000, 0x8000, 0x8000, 0x8000, 0x8000, 0x8000, 0x8000, 0x8000, 0x8000, 0x8000, 0x8000, 0x8000,
    0x8000, 0x8000, 0x8000, 0x8000, 0x8000, 0x8000, 0x8000, 0x8000, 0x8000, 0x8000, 0x8000, 0x8000, 0x8000, 0x8000, 0x8000, 0x8000,
    0x8000, 0x8000, 0x8000, 0x8000, 0x8000, 0x8000, 0x8000, 0x8000, 0x8000, 0x8000, 0x0428, 0x108E, 0x14D0, 0x18D4, 0x0C70, 0x084D,
    0x0C70, 0x084E, 0x084D, 0x0429, 0x0428, 0x0002, 0x8000, 0x8000, 0x8000, 0x8000, 0x8000, 0x8000, 0x8000, 0x8000, 0x8000, 0x8000,
    0x8000, 0x8000, 0x8000, 0x8000, 0x8000, 0x8000, 0x8000, 0x8000, 0x8000, 0x8000, 0x8000, 0x8000, 0x8000, 0x8000, 0x8000, 0x8000,
    0x8000, 0x8000, 0x8000, 0x8000, 0x8000, 0x8000, 0x8000, 0x8000, 0x1D6E, 0x2E78, 0x0D50, 0x2637, 0x21F4, 0x0D2F, 0x0487, 0x8000,
    0x8000, 0x8000, 0x8000, 0x8000, 0x8000, 0x8000, 0x8000, 0x8000, 0x8000, 0x8000, 0x8000, 0x8000, 0x8000, 0x8000, 0x8000, 0x8000,
    0x8000, 0x8000, 0x8000, 0x8000, 0x8000, 0x8000, 0x8000, 0x8000, 0x8000, 0x8000, 0x8000, 0x8000, 0x8000, 0x8000, 0x8000, 0x8000,
    0x8000, 0x8000, 0x8000, 0x8000, 0x8000, 0x8000, 0x8000, 0x8000, 0x8000, 0x8000, 0x8000, 0x8000, 0x8000, 0x8000, 0x8000, 0x8000,
    0x8000, 0x8000, 0x8000, 0x8000, 0x8000, 0x8000, 0x8000, 0x8000, 0x8000, 0x8000, 0x8000, 0x8000, 0x8000, 0x8000, 0x8000, 0x8000,
    0x8000, 0x8000, 0x8000, 0x8000, 0x8000, 0x8000, 0x8000, 0x0005, 0x14D2, 0x1CF3, 0x1CF5, 0x14D3, 0x1091, 0x0C6E, 0x084C, 0x084D,
    0x082C, 0x042C, 0x0429, 0x0429, 0x042A, 0x082B, 0x042A, 0x0002, 0x8000, 0x8000, 0x8000, 0x8000, 0x8000, 0x8000, 0x8000, 0x8000,
    0x8000, 0x8000, 0x8000, 0x8000, 0x8000, 0x8000, 0x8000, 0x8000, 0x8000, 0x8000, 0x8000, 0x8000, 0x8000, 0x8000, 0x8000, 0x8000,
    0x8000, 0x8000, 0x8000, 0x8000, 0x8000, 0x8000, 0x8000, 0x8000, 0x0022, 0x04C9, 0x19D5, 0x19D5, 0x2238, 0x114F, 0x0D0D, 0x0464,
    0x8000, 0x8000, 0x8000, 0x8000, 0x8000, 0x8000, 0x8000, 0x8000, 0x8000, 0x8000, 0x8000, 0x8000, 0x8000, 0x8000, 0x8000, 0x8000,
    0x8000, 0x8000, 0x8000, 0x8000, 0x8000, 0x8000, 0x8000, 0x8000, 0x8000, 0x8000, 0x8000, 0x8000, 0x8000, 0x8000, 0x8000, 0x8000,
    0x8000, 0x8000, 0x8000, 0x8000, 0x8000, 0x8000, 0x8000, 0x8000, 0x8000, 0x8000, 0x8000, 0x8000, 0x8000, 0x8000, 0x8000, 0x8000,
    0x8000, 0x8000, 0x8000, 0x8000, 0x8000, 0x8000, 0x8000, 0x8000, 0x8000, 0x8000, 0x8000, 0x8000, 0x8000, 0x8000, 0x8000, 0x8000,
    0x8000, 0x8000, 0x0001, 0x0426, 0x1CCC, 0x20C5, 0x1884, 0x0C43, 0x0C6C, 0x14B5, 0x0C6E, 0x084C, 0x042B, 0x042A, 0x0429, 0x0427,
    0x0005, 0x0006, 0x0003, 0x0005, 0x0006, 0x0428, 0x042A, 0x084C, 0x0428, 0x8000, 0x8000, 0x8000, 0x8000, 0x8000, 0x8000, 0x8000,
    0x8000, 0x8000, 0x8000, 0x8000, 0x8000, 0x8000, 0x8000, 0x8000, 0x8000, 0x8000, 0x8000, 0x8000, 0x8000, 0x8000, 0x8000, 0x8000,
    0x8000, 0x8000, 0x8000, 0x8000, 0x8000, 0x8000, 0x8000, 0x8000, 0x8000, 0x0464, 0x19F6, 0x1192, 0x267A, 0x154E, 0x0D0D, 0x0485,
    0x8000, 0x8000, 0x8000, 0x8000, 0x8000, 0x8000, 0x8000, 0x8000, 0x8000, 0x8000, 0x8000, 0x8000, 0x8000, 0x8000, 0x8000, 0x8000,
    0x8000, 0x8000, 0x8000, 0x8000, 0x8000, 0x8000, 0x8000, 0x8000, 0x8000, 0x8000, 0x8000, 0x8000, 0x8000, 0x8000, 0x8000, 0x8000,
    0x8000, 0x8000, 0x8000, 0x8000, 0x8000, 0x8000, 0x8000, 0x8000, 0x8000, 0x8000, 0x8000, 0x8000, 0x8000, 0x8000, 0x8000, 0x8000,
    0x8000, 0x8000, 0x8000, 0x8000, 0x8000, 0x8000, 0x8000, 0x8000, 0x8000, 0x8000, 0x8000, 0x8000, 0x8000, 0x8000, 0x8000, 0x8000,
    0x8000, 0x0425, 0x14B2, 0x20C8, 0x1CC6, 0x1CC5, 0x2D4A, 0x2D29, 0x0C42, 0x042A, 0x042B, 0x0008, 0x0407, 0x0007, 0x0004, 0x0004,
    0x0005, 0x0004, 0x0004, 0x0004, 0x0003, 0x0004, 0x0005, 0x0007, 0x0429, 0x0428, 0x0001, 0x8000, 0x8000, 0x8000, 0x8000, 0x8000,
    0x8000, 0x8000, 0x8000, 0x8000, 0x8000, 0x8000, 0x8000, 0x8000, 0x8000, 0x8000, 0x8000, 0x8000, 0x8000, 0x8000, 0x8000, 0x8000,
    0x8000, 0x8000, 0x8000, 0x8000, 0x8000, 0x8000, 0x8000, 0x8000, 0x8000, 0x0465, 0x19F6, 0x1192, 0x2E9A, 0x1990, 0x0D0D, 0x0464,
    0x8000, 0x8000, 0x8000, 0x8000, 0x8000, 0x8000, 0x8000, 0x8000, 0x8000, 0x8000, 0x8000, 0x8000, 0x8000, 0x8000, 0x8000, 0x8000,
    0x8000, 0x8000, 0x8000, 0x8000, 0x8000, 0x8000, 0x8000, 0x8000, 0x8000, 0x8000, 0x8000, 0x8000, 0x8000, 0x8000, 0x8000, 0x8000,
    0x8000, 0x8000, 0x8000, 0x8000, 0x8000, 0x8000, 0x8000, 0x8000, 0x8000, 0x8000, 0x8000, 0x8000, 0x8000, 0x8000, 0x8000, 0x8000,
    0x8000, 0x8000, 0x8000, 0x8000, 0x8000, 0x8000, 0x8000, 0x8000, 0x8000, 0x8000, 0x8000, 0x8000, 0x8000, 0x8000, 0x8000, 0x8000,
    0x0424, 0x0C71, 0x0C48, 0x1CC5, 0x20E6, 0x356B, 0x356B, 0x1CA5, 0x1483, 0x0821, 0x042A, 0x0007, 0x0005, 0x0005, 0x0004, 0x0004,
    0x0004, 0x0005, 0x0004, 0x0005, 0x0427, 0x0426, 0x0426, 0x0424, 0x0425, 0x0428, 0x0005, 0x8000, 0x8000, 0x8000, 0x8000, 0x8000,
    0x8000, 0x8000, 0x8000, 0x8000, 0x8000, 0x8000, 0x8000, 0x8000, 0x8000, 0x8000, 0x8000, 0x8000, 0x8000, 0x8000, 0x8000, 0x8000,
    0x8000, 0x8000, 0x8000, 0x8000, 0x8000, 0x8000, 0x8000, 0x8000, 0x8000, 0x0464, 0x1E17, 0x15D5, 0x2E79, 0x2A36, 0x0D2E, 0x0486,
    0x8000, 0x8000, 0x8000, 0x8000, 0x8000, 0x8000, 0x8000, 0x8000, 0x8000, 0x8000, 0x8000, 0x8000, 0x8000, 0x8000, 0x8000, 0x8000,
    0x8000, 0x8000, 0x8000, 0x8000, 0x8000, 0x8000, 0x8000, 0x8000, 0x8000, 0x8000, 0x8000, 0x8000, 0x8000, 0x8000, 0x8000, 0x8000,
    0x8000, 0x8000, 0x8000, 0x8000, 0x8000, 0x8000, 0x8000, 0x8000, 0x8000, 0x8000, 0x8000, 0x8000, 0x8000, 0x8000, 0x8000, 0x8000,
    0x8000, 0x8000, 0x8000, 0x8000, 0x8000, 0x8000, 0x8000, 0x8000, 0x8000, 0x8000, 0x8000, 0x8000, 0x8000, 0x8000, 0x8000, 0x0002,
    0x1091, 0x084B, 0x0C42, 0x2D4A, 0x4A31, 0x3DCE, 0x1484, 0x0C62, 0x1063, 0x0C42, 0x0425, 0x0408, 0x0005, 0x0004, 0x0004, 0x0005,
    0x0004, 0x0004, 0x0427, 0x0428, 0x084D, 0x106F, 0x14B2, 0x1091, 0x1071, 0x0C71, 0x0428, 0x0424, 0x0001, 0x8000, 0x8000, 0x8000,
    0x8000, 0x8000, 0x8000, 0x8000, 0x8000, 0x8000, 0x8000, 0x8000, 0x8000, 0x8000, 0x8000, 0x8000, 0x8000, 0x8000, 0x8000, 0x8000,
    0x8000, 0x8000, 0x8000, 0x8000, 0x8000, 0x8000, 0x8000, 0x8000, 0x8000, 0x0001, 0x1570, 0x2238, 0x1E17, 0x2217, 0x0D0D, 0x0D2E,
    0x0043, 0x8000, 0x8000, 0x8000, 0x8000, 0x8000, 0x8000, 0x8000, 0x8000, 0x8000, 0x8000, 0x8000, 0x8000, 0x8000, 0x8000, 0x8000,
    0x8000, 0x8000, 0x8000, 0x8000, 0x8000, 0x8000, 0x8000, 0x8000, 0x8000, 0x8000, 0x8000, 0x8000, 0x8000, 0x8000, 0x8000, 0x8000,
    0x8000, 0x8000, 0x8000, 0x8000, 0x8000, 0x8000, 0x8000, 0x8000, 0x8000, 0x8000, 0x8000, 0x8000, 0x8000, 0x8000, 0x8000, 0x8000,
    0x8000, 0x8000, 0x8000, 0x8000, 0x8000, 0x8000, 0x8000, 0x8000, 0x8000, 0x8000, 0x8000, 0x8000, 0x8000, 0x8000, 0x8000, 0x084B,
    0x0C71, 0x0005, 0x2508, 0x5EF7, 0x3DCE, 0x0C41, 0x0C42, 0x0821, 0x0821, 0x0C42, 0x0421, 0x0007, 0x0006, 0x0003, 0x0004, 0x0004,
    0x0005, 0x0849, 0x0C4F, 0x084C, 0x0428, 0x0005, 0x0005, 0x0005, 0x0428, 0x084C, 0x0C6F, 0x1092, 0x0C4C, 0x0426, 0x8000, 0x8000,
    0x8000, 0x8000, 0x8000, 0x8000, 0x8000, 0x8000, 0x8000, 0x8000, 0x8000, 0x8000, 0x8000, 0x8000, 0x8000, 0x8000, 0x8000, 0x8000,
    0x8000, 0x8000, 0x8000, 0x8000, 0x8000, 0x8000, 0x8000, 0x8000, 0x8000, 0x8000, 0x0CC9, 0x2259, 0x15D5, 0x2238, 0x112D, 0x0D0C,
    0x0443, 0x8000, 0x8000, 0x8000, 0x8000, 0x8000, 0x8000, 0x8000, 0x8000, 0x8000, 0x8000, 0x8000, 0x8000, 0x8000, 0x8000, 0x8000,
    0x8000, 0x8000, 0x8000, 0x8000, 0x8000, 0x8000, 0x8000, 0x8000, 0x8000, 0x8000, 0x8000, 0x8000, 0x8000, 0x8000, 0x8000, 0x8000,
    0x8000, 0x8000, 0x8000, 0x8000, 0x8000, 0x8000, 0x8000, 0x8000, 0x8000, 0x8000, 0x8000, 0x8000, 0x8000, 0x8000, 0x8000, 0x8000,
    0x8000, 0x8000, 0x8000, 0x8000, 0x8000, 0x8000, 0x8000, 0x8000, 0x8000, 0x8000, 0x8000, 0x8000, 0x8000, 0x8000, 0x8000, 0x042A,
    0x084E, 0x0003, 0x2949, 0x4610, 0x1CC6, 0x1063, 0x0841, 0x0821, 0x0821, 0x0821, 0x0821, 0x0001, 0x0007, 0x0004, 0x0003, 0x0006,
    0x0C6F, 0x0C6F, 0x0427, 0x0003, 0x0004, 0x0005, 0x0005, 0x0005, 0x0004, 0x0004, 0x0004, 0x0428, 0x0C6F, 0x1092, 0x0849, 0x0002,
    0x8000, 0x8000, 0x8000, 0x8000, 0x8000, 0x8000, 0x8000, 0x8000, 0x8000, 0x8000, 0x8000, 0x8000, 0x8000, 0x8000, 0x8000, 0x8000,
    0x8000, 0x8000, 0x8000, 0x8000, 0x8000, 0x8000, 0x8000, 0x8000, 0x8000, 0x8000, 0x0486, 0x1E17, 0x19F6, 0x32BB, 0x1D90, 0x0D0D,
    0x0044, 0x8000, 0x8000, 0x8000, 0x8000, 0x8000, 0x8000, 0x8000, 0x8000, 0x8000, 0x8000, 0x8000, 0x8000, 0x8000, 0x0426, 0x0425,
    0x0426, 0x0426, 0x0426, 0x0425, 0x0004, 0x0003, 0x0001, 0x8000, 0x8000, 0x8000, 0x8000, 0x8000, 0x8000, 0x8000, 0x8000, 0x8000,
    0x8000, 0x8000, 0x8000, 0x8000, 0x8000, 0x8000, 0x8000, 0x8000, 0x8000, 0x8000, 0x8000, 0x8000, 0x8000, 0x8000, 0x8000, 0x8000,
    0x8000, 0x8000, 0x8000, 0x8000, 0x8000, 0x8000, 0x8000, 0x8000, 0x8000, 0x8000, 0x8000, 0x8000, 0x8000, 0x8000, 0x8000, 0x0003,
    0x084E, 0x0007, 0x1042, 0x1CA5, 0x1CC6, 0x20C6, 0x0841, 0x0821, 0x0421, 0x0421, 0x0821, 0x0421, 0x0005, 0x0005, 0x0004, 0x084F,
    0x0C4E, 0x0004, 0x0004, 0x0005, 0x0005, 0x0005, 0x0005, 0x0005, 0x0005, 0x0005, 0x0005, 0x0004, 0x0006, 0x0428, 0x084D, 0x0C6F,
    0x0425, 0x8000, 0x8000, 0x8000, 0x8000, 0x8000, 0x8000, 0x8000, 0x8000, 0x8000, 0x8000, 0x8000, 0x8000, 0x8000, 0x8000, 0x8000,
    0x8000, 0x8000, 0x8000, 0x8000, 0x8000, 0x8000, 0x8000, 0x8000, 0x8000, 0x8000, 0x0001, 0x19B1, 0x1DF5, 0x1E16, 0x1990, 0x08EB,
    0x08CA, 0x0001, 0x8000, 0x8000, 0x8000, 0x8000, 0x8000, 0x8000, 0x8000, 0x8000, 0x8000, 0x0004, 0x084A, 0x0C6D, 0x0C71, 0x084C,
    0x084D, 0x084D, 0x084D, 0x082C, 0x042A, 0x0429, 0x0427, 0x0006, 0x8000, 0x8000, 0x8000, 0x8000, 0x8000, 0x8000, 0x8000, 0x8000,
    0x8000, 0x8000, 0x8000, 0x8000, 0x8000, 0x8000, 0x8000, 0x8000, 0x8000, 0x8000, 0x8000, 0x8000, 0x8000, 0x8000, 0x8000, 0x8000,
    0x8000, 0x8000, 0x8000, 0x8000, 0x8000, 0x8000, 0x8000, 0x8000, 0x8000, 0x8000, 0x8000, 0x8000, 0x8000, 0x8000, 0x8000, 0x8000,
    0x0429, 0x0429, 0x0421, 0x1CC6, 0x18A4, 0x20E7, 0x1063, 0x0821, 0x0821, 0x0821, 0x0821, 0x0421, 0x0401, 0x0004, 0x084C, 0x084E,
    0x0005, 0x0004, 0x0005, 0x0006, 0x0005, 0x0005, 0x0005, 0x0005, 0x0005, 0x0005, 0x0005, 0x0005, 0x0005, 0x0428, 0x0429, 0x084E,
    0x1092, 0x0426, 0x8000, 0x8000, 0x8000, 0x8000, 0x8000, 0x8000, 0x8000, 0x8000, 0x8000, 0x8000, 0x8000, 0x8000, 0x8000, 0x8000,
    0x8000, 0x8000, 0x8000, 0x8000, 0x8000, 0x8000, 0x8000, 0x8000, 0x8000, 0x8000, 0x8000, 0x112C, 0x19F5, 0x19D4, 0x19F6, 0x0CEB,
    0x0D2E, 0x0022, 0x8000, 0x8000, 0x8000, 0x8000, 0x8000, 0x8000, 0x8000, 0x8000, 0x0428, 0x14B3, 0x1091, 0x084D, 0x0429, 0x0006,
    0x0006, 0x0006, 0x0006, 0x0006, 0x0006, 0x0006, 0x0427, 0x0428, 0x0007, 0x0005, 0x8000, 0x8000, 0x8000, 0x8000, 0x8000, 0x8000,
    0x8000, 0x8000, 0x8000, 0x8000, 0x8000, 0x8000, 0x8000, 0x8000, 0x8000, 0x8000, 0x8000, 0x8000, 0x8000, 0x8000, 0x8000, 0x8000,
    0x8000, 0x8000, 0x8000, 0x8000, 0x8000, 0x8000, 0x8000, 0x8000, 0x8000, 0x8000, 0x8000, 0x8000, 0x8000, 0x8000, 0x8000, 0x8000,
    0x0003, 0x084D, 0x0002, 0x1063, 0x18A5, 0x1484, 0x1CA5, 0x0C42, 0x0821, 0x0821, 0x0821, 0x0421, 0x0841, 0x8000, 0x042A, 0x0007,
    0x0003, 0x0006, 0x0006, 0x0006, 0x0006, 0x0006, 0x0005, 0x0006, 0x0005, 0x0005, 0x0005, 0x0005, 0x0005, 0x0006, 0x042A, 0x0408,
    0x042A, 0x1091, 0x0847, 0x8000, 0x8000, 0x8000, 0x8000, 0x8000, 0x8000, 0x8000, 0x8000, 0x8000, 0x8000, 0x8000, 0x8000, 0x8000,
    0x8000, 0x8000, 0x8000, 0x8000, 0x8000, 0x8000, 0x8000, 0x8000, 0x8000, 0x8000, 0x8000, 0x0D0B, 0x1E39, 0x19F6, 0x36BB, 0x194D,
    0x08EC, 0x0022, 0x8000, 0x8000, 0x8000, 0x8000, 0x8000, 0x8000, 0x8000, 0x084A, 0x0C71, 0x084C, 0x0006, 0x0004, 0x0004, 0x0005,
    0x0005, 0x0005, 0x0005, 0x0005, 0x0007, 0x0007, 0x0007, 0x0006, 0x0006, 0x0007, 0x0005, 0x8000, 0x8000, 0x8000, 0x8000, 0x8000,
    0x8000, 0x8000, 0x8000, 0x8000, 0x8000, 0x8000, 0x8000, 0x8000, 0x8000, 0x8000, 0x8000, 0x8000, 0x8000, 0x8000, 0x8000, 0x8000,
    0x8000, 0x8000, 0x8000, 0x8000, 0x8000, 0x8000, 0x8000, 0x8000, 0x8000, 0x8000, 0x8000, 0x8000, 0x8000, 0x8000, 0x8000, 0x8000,
    0x0001, 0x042B, 0x0428, 0x0001, 0x0C42, 0x1062, 0x18A5, 0x1484, 0x0841, 0x0821, 0x0841, 0x0821, 0x0842, 0x0841, 0x0002, 0x0006,
    0x0006, 0x0005, 0x0006, 0x0006, 0x0006, 0x0006, 0x0006, 0x0006, 0x0006, 0x0006, 0x0006, 0x0006, 0x0006, 0x0005, 0x0006, 0x0427,
    0x0006, 0x042A, 0x1090, 0x0849, 0x8000, 0x8000, 0x8000, 0x8000, 0x8000, 0x8000, 0x8000, 0x8000, 0x8000, 0x8000, 0x8000, 0x8000,
    0x8000, 0x8000, 0x8000, 0x8000, 0x8000, 0x8000, 0x8000, 0x8000, 0x8000, 0x8000, 0x8000, 0x08A8, 0x1A17, 0x19F6, 0x4B1C, 0x258E,
    0x08EB, 0x08A8, 0x8000, 0x8000, 0x8000, 0x8000, 0x8000, 0x8000, 0x0001, 0x0C71, 0x042A, 0x0004, 0x0004, 0x0005, 0x0005, 0x0005,
    0x0006, 0x0006, 0x0005, 0x0007, 0x0428, 0x0428, 0x0428, 0x0428, 0x0006, 0x0006, 0x0004, 0x0842, 0x1063, 0x8000, 0x8000, 0x8000,
    0x8000, 0x8000, 0x8000, 0x8000, 0x8000, 0x8000, 0x8000, 0x8000, 0x8000, 0x8000, 0x8000, 0x8000, 0x8000, 0x8000, 0x8000, 0x8000,
    0x8000, 0x8000, 0x8000, 0x8000, 0x8000, 0x8000, 0x8000, 0x8000, 0x8000, 0x8000, 0x8000, 0x8000, 0x8000, 0x8000, 0x8000, 0x8000,
    0x8000, 0x042A, 0x084C, 0x0002, 0x0421, 0x0C42, 0x0821, 0x1483, 0x1463, 0x0841, 0x0821, 0x0841, 0x0821, 0x1063, 0x0841, 0x0005,
    0x0429, 0x0006, 0x0006, 0x0006, 0x0006, 0x0006, 0x0006, 0x0006, 0x0006, 0x0006, 0x0006, 0x0006, 0x0006, 0x0006, 0x0006, 0x0006,
    0x0006, 0x0005, 0x042A, 0x1092, 0x0426, 0x8000, 0x8000, 0x8000, 0x8000, 0x8000, 0x8000, 0x8000, 0x8000, 0x8000, 0x8000, 0x8000,
    0x8000, 0x8000, 0x8000, 0x8000, 0x8000, 0x8000, 0x8000, 0x8000, 0x8000, 0x8000, 0x8000, 0x0043, 0x19D4, 0x1E38, 0x329A, 0x1991,
    0x0D0C, 0x0D2D, 0x8000, 0x8000, 0x8000, 0x8000, 0x8000, 0x8000, 0x0005, 0x084C, 0x0003, 0x0004, 0x0004, 0x0004, 0x0004, 0x0005,
    0x0005, 0x0005, 0x0006, 0x0408, 0x0428, 0x0428, 0x0428, 0x0428, 0x0428, 0x0428, 0x0006, 0x0842, 0x1883, 0x0825, 0x0003, 0x8000,
    0x8000, 0x8000, 0x8000, 0x8000, 0x8000, 0x8000, 0x8000, 0x8000, 0x8000, 0x8000, 0x8000, 0x8000, 0x8000, 0x8000, 0x8000, 0x8000,
    0x8000, 0x8000, 0x8000, 0x8000, 0x8000, 0x8000, 0x8000, 0x8000, 0x8000, 0x8000, 0x8000, 0x8000, 0x8000, 0x8000, 0x8000, 0x8000,
    0x8000, 0x0004, 0x084D, 0x0004, 0x0001, 0x0420, 0x8000, 0x0421, 0x1063, 0x1063, 0x0841, 0x0841, 0x0842, 0x0842, 0x1483, 0x0822,
    0x0008, 0x0006, 0x0006, 0x0006, 0x0006, 0x0006, 0x0006, 0x0006, 0x0006, 0x0006, 0x0006, 0x0006, 0x0428, 0x0408, 0x0006, 0x0006,
    0x0005, 0x0428, 0x0007, 0x042A, 0x1092, 0x0426, 0x8000, 0x8000, 0x8000, 0x8000, 0x8000, 0x8000, 0x8000, 0x8000, 0x8000, 0x8000,
    0x8000, 0x8000, 0x8000, 0x8000, 0x8000, 0x8000, 0x8000, 0x8000, 0x8000, 0x8000, 0x8000, 0x8000, 0x1991, 0x2259, 0x1E17, 0x15D4,
    0x0CEB, 0x0D0D, 0x0001, 0x8000, 0x8000, 0x8000, 0x8000, 0x0002, 0x10B0, 0x18F5, 0x18F3, 0x0C70, 0x084C, 0x1090, 0x084D, 0x042A,
    0x0006, 0x0003, 0x0004, 0x0005, 0x0407, 0x0428, 0x0428, 0x0428, 0x0428, 0x0428, 0x0007, 0x0422, 0x1062, 0x0824, 0x0009, 0x0002,
    0x8000, 0x8000, 0x8000, 0x8000, 0x8000, 0x8000, 0x8000, 0x8000, 0x8000, 0x8000, 0x8000, 0x8000, 0x8000, 0x8000, 0x8000, 0x8000,
    0x8000, 0x8000, 0x8000, 0x8000, 0x8000, 0x8000, 0x8000, 0x8000, 0x8000, 0x8000, 0x8000, 0x8000, 0x8000, 0x8000, 0x8000, 0x8000,
    0x8000, 0x0423, 0x0C6F, 0x0005, 0x0003, 0x0001, 0x0841, 0x8000, 0x0400, 0x1063, 0x1483, 0x0841, 0x0C42, 0x0C42, 0x1062, 0x1483,
    0x0423, 0x0008, 0x0006, 0x0006, 0x0006, 0x0006, 0x0006, 0x0006, 0x0427, 0x0429, 0x0429, 0x0429, 0x0429, 0x0429, 0x042A, 0x0428,
    0x0006, 0x0006, 0x0005, 0x0006, 0x084C, 0x1091, 0x0424, 0x8000, 0x8000, 0x8000, 0x8000, 0x8000, 0x8000, 0x8000, 0x8000, 0x8000,
    0x8000, 0x8000, 0x8000, 0x8000, 0x8000, 0x8000, 0x8000, 0x8000, 0x8000, 0x8000, 0x8000, 0x8000, 0x1590, 0x2259, 0x2E79, 0x36BB,
    0x112D, 0x0D2E, 0x08A8, 0x8000, 0x8000, 0x0001, 0x084B, 0x18D4, 0x1091, 0x084E, 0x0C6E, 0x042A, 0x0429, 0x0429, 0x0429, 0x0428,
    0x042A, 0x084B, 0x0007, 0x0003, 0x0003, 0x0006, 0x0428, 0x0428, 0x0428, 0x0429, 0x0006, 0x0001, 0x0421, 0x0400, 0x0006, 0x0003,
    0x8000, 0x8000, 0x8000, 0x8000, 0x8000, 0x8000, 0x8000, 0x8000, 0x8000, 0x8000, 0x8000, 0x8000, 0x8000, 0x8000, 0x8000, 0x8000,
    0x8000, 0x8000, 0x8000, 0x8000, 0x8000, 0x8000, 0x8000, 0x8000, 0x8000, 0x8000, 0x8000, 0x8000, 0x8000, 0x8000, 0x8000, 0x8000,
    0x8000, 0x0425, 0x0C71, 0x0005, 0x0004, 0x0002, 0x0421, 0x0842, 0x8000, 0x8000, 0x0C42, 0x1063, 0x0841, 0x0C42, 0x0C42, 0x1063,
    0x1883, 0x0424, 0x0429, 0x0006, 0x0006, 0x0007, 0x0007, 0x0429, 0x042A, 0x042A, 0x042A, 0x042A, 0x042A, 0x042A, 0x0429, 0x042A,
    0x042A, 0x0428, 0x0006, 0x0005, 0x0407, 0x084D, 0x1091, 0x0424, 0x8000, 0x8000, 0x8000, 0x8000, 0x8000, 0x8000, 0x8000, 0x8000,
    0x8000, 0x8000, 0x8000, 0x8000, 0x8000, 0x8000, 0x8000, 0x8000, 0x8000, 0x8000, 0x8000, 0x8000, 0x156F, 0x2A9B, 0x2237, 0x3EDB,
    0x1D6F, 0x08EB, 0x0D0C, 0x8000, 0x8000, 0x0C6F, 0x18D5, 0x0C6F, 0x084D, 0x084D, 0x084D, 0x084C, 0x0428, 0x0428, 0x0428, 0x0428,
    0x0428, 0x0428, 0x0429, 0x0428, 0x0004, 0x0003, 0x0005, 0x0408, 0x0428, 0x0429, 0x0007, 0x8000, 0x0C42, 0x0C41, 0x0005, 0x0003,
    0x8000, 0x8000, 0x8000, 0x8000, 0x8000, 0x8000, 0x8000, 0x8000, 0x8000, 0x8000, 0x8000, 0x8000, 0x8000, 0x8000, 0x8000, 0x8000,
    0x8000, 0x8000, 0x8000, 0x8000, 0x8000, 0x8000, 0x8000, 0x8000, 0x8000, 0x8000, 0x8000, 0x8000, 0x8000, 0x8000, 0x8000, 0x8000,
    0x0001, 0x084C, 0x0C6F, 0x0006, 0x0005, 0x0002, 0x0421, 0x1063, 0x0821, 0x0400, 0x8000, 0x0821, 0x1063, 0x0842, 0x0C62, 0x1063,
    0x1884, 0x1885, 0x0005, 0x0428, 0x0006, 0x0429, 0x042A, 0x0429, 0x0429, 0x042A, 0x042A, 0x042A, 0x042A, 0x042A, 0x042A, 0x042A,
    0x042A, 0x042A, 0x0429, 0x0005, 0x0005, 0x0006, 0x0C4E, 0x1091, 0x0003, 0x8000, 0x8000, 0x8000, 0x8000, 0x8000, 0x8000, 0x8000,
    0x8000, 0x8000, 0x8000, 0x8000, 0x8000, 0x8000, 0x8000, 0x8000, 0x8000, 0x8000, 0x8000, 0x8000, 0x1D90, 0x2259, 0x1E17, 0x2A9A,
    0x1150, 0x08EB, 0x0D0C, 0x8000, 0x0C6C, 0x18D5, 0x0C4F, 0x084D, 0x084D, 0x084D, 0x084D, 0x0429, 0x0428, 0x0428, 0x0428, 0x0428,
    0x0428, 0x0428, 0x0428, 0x0007, 0x0007, 0x0006, 0x0003, 0x0003, 0x0007, 0x0428, 0x0006, 0x0421, 0x0C42, 0x0400, 0x0005, 0x0003,
    0x8000, 0x8000, 0x8000, 0x8000, 0x8000, 0x8000, 0x8000, 0x8000, 0x8000, 0x8000, 0x8000, 0x8000, 0x8000, 0x8000, 0x8000, 0x8000,
    0x8000, 0x8000, 0x8000, 0x8000, 0x8000, 0x8000, 0x8000, 0x8000, 0x8000, 0x8000, 0x8000, 0x8000, 0x8000, 0x8000, 0x8000, 0x8000,
    0x0001, 0x084E, 0x082C, 0x0006, 0x0005, 0x0003, 0x0001, 0x0C62, 0x0C42, 0x0821, 0x0400, 0x8000, 0x0C42, 0x1463, 0x0C62, 0x1063,
    0x1063, 0x1483, 0x0C45, 0x0009, 0x0429, 0x042A, 0x0429, 0x042A, 0x042A, 0x042A, 0x042A, 0x042A, 0x042A, 0x042A, 0x042A, 0x042A,
    0x042A, 0x042A, 0x042A, 0x0428, 0x0005, 0x0005, 0x0428, 0x0C70, 0x0C6D, 0x8000, 0x8000, 0x8000, 0x8000, 0x8000, 0x8000, 0x8000,
    0x8000, 0x8000, 0x8000, 0x8000, 0x8000, 0x8000, 0x8000, 0x8000, 0x8000, 0x8000, 0x8000, 0x8000, 0x31F1, 0x4B1D, 0x2E79, 0x267A,
    0x2636, 0x0CEB, 0x0D2D, 0x0446, 0x18D5, 0x0C6F, 0x084C, 0x084D, 0x084D, 0x084D, 0x042A, 0x0428, 0x0428, 0x0428, 0x0428, 0x0428,
    0x0428, 0x0428, 0x0428, 0x0428, 0x0428, 0x0005, 0x0007, 0x0003, 0x0002, 0x0006, 0x0004, 0x0821, 0x1484, 0x0420, 0x0004, 0x0002,
    0x8000, 0x8000, 0x8000, 0x8000, 0x8000, 0x8000, 0x8000, 0x8000, 0x8000, 0x8000, 0x8000, 0x8000, 0x8000, 0x8000, 0x8000, 0x8000,
    0x8000, 0x8000, 0x8000, 0x8000, 0x8000, 0x8000, 0x8000, 0x8000, 0x8000, 0x8000, 0x8000, 0x8000, 0x8000, 0x8000, 0x8000, 0x8000,
    0x0426, 0x1092, 0x042A, 0x0006, 0x0007, 0x0004, 0x0001, 0x0C42, 0x1484, 0x0841, 0x0821, 0x0400, 0x8000, 0x0842, 0x1063, 0x1063,
    0x1063, 0x1884, 0x20C5, 0x0844, 0x042A, 0x042A, 0x042A, 0x042A, 0x042A, 0x042A, 0x042A, 0x042A, 0x042A, 0x042A, 0x042A, 0x042A,
    0x042A, 0x042A, 0x042A, 0x042A, 0x0429, 0x0005, 0x0005, 0x042A, 0x0C72, 0x0426, 0x8000, 0x8000, 0x8000, 0x8000, 0x8000, 0x8000,
    0x8000, 0x8000, 0x8000, 0x8000, 0x8000, 0x8000, 0x8000, 0x8000, 0x8000, 0x8000, 0x8000, 0x8000, 0x31F1, 0x533D, 0x32BA, 0x3EFB,
    0x5F5C, 0x14EA, 0x0D2E, 0x112F, 0x0C70, 0x084C, 0x084D, 0x084D, 0x084E, 0x084C, 0x0429, 0x0408, 0x0428, 0x0428, 0x0428, 0x0428,
    0x0428, 0x0428, 0x0428, 0x0428, 0x0429, 0x0007, 0x0005, 0x0007, 0x0003, 0x0002, 0x0003, 0x0821, 0x1483, 0x8000, 0x0003, 0x0002,
    0x8000, 0x8000, 0x8000, 0x8000, 0x8000, 0x8000, 0x8000, 0x8000, 0x8000, 0x8000, 0x8000, 0x8000, 0x8000, 0x8000, 0x8000, 0x8000,
    0x8000, 0x8000, 0x8000, 0x8000, 0x8000, 0x8000, 0x8000, 0x8000, 0x8000, 0x8000, 0x8000, 0x8000, 0x8000, 0x8000, 0x8000, 0x8000,
    0x082B, 0x0C70, 0x042A, 0x0006, 0x0007, 0x0005, 0x0002, 0x0401, 0x1483, 0x1063, 0x0821, 0x0821, 0x8000, 0x8000, 0x0C42, 0x0C62,
    0x1063, 0x1062, 0x18A5, 0x1483, 0x0005, 0x042B, 0x042A, 0x042A, 0x042A, 0x042A, 0x042A, 0x042A, 0x042A, 0x042A, 0x042A, 0x042A,
    0x042A, 0x042A, 0x042A, 0x042A, 0x042A, 0x0429, 0x0005, 0x0005, 0x084C, 0x084D, 0x0002, 0x8000, 0x8000, 0x8000, 0x8000, 0x8000,
    0x8000, 0x8000, 0x8000, 0x8000, 0x8000, 0x8000, 0x8000, 0x8000, 0x8000, 0x8000, 0x8000, 0x8000, 0x25B0, 0x267A, 0x15F6, 0x329A,
    0x635C, 0x150A, 0x0D2D, 0x112E, 0x082C, 0x084D, 0x084D, 0x084D, 0x084E, 0x042A, 0x0408, 0x0428, 0x0428, 0x0428, 0x0428, 0x0428,
    0x0428, 0x0428, 0x0428, 0x0428, 0x0428, 0x0006, 0x0005, 0x0005, 0x0006, 0x0001, 0x0421, 0x1484, 0x0C42, 0x0400, 0x0004, 0x0002,
    0x8000, 0x8000, 0x8000, 0x8000, 0x8000, 0x8000, 0x8000, 0x8000, 0x8000, 0x8000, 0x8000, 0x8000, 0x8000, 0x8000, 0x8000, 0x8000,
    0x8000, 0x8000, 0x8000, 0x8000, 0x8000, 0x8000, 0x8000, 0x8000, 0x8000, 0x8000, 0x8000, 0x8000, 0x8000, 0x8000, 0x8000, 0x0425,
    0x0C4D, 0x084D, 0x0429, 0x0007, 0x0007, 0x0005, 0x0003, 0x0002, 0x0841, 0x1884, 0x1063, 0x0841, 0x0821, 0x8000, 0x0421, 0x0C42,
    0x0C62, 0x1063, 0x1063, 0x18A4, 0x1063, 0x0004, 0x042A, 0x042A, 0x042A, 0x042A, 0x042A, 0x042A, 0x042A, 0x042A, 0x042A, 0x042A,
    0x0429, 0x042B, 0x042B, 0x0429, 0x042A, 0x042A, 0x0427, 0x0004, 0x0007, 0x0C71, 0x0425, 0x8000, 0x8000, 0x8000, 0x8000, 0x8000,
    0x8000, 0x8000, 0x8000, 0x8000, 0x8000, 0x8000, 0x8000, 0x8000, 0x8000, 0x8000, 0x8000, 0x8000, 0x1990, 0x1E17, 0x15B4, 0x19F6,
    0x3EFB, 0x1591, 0x0D0C, 0x1170, 0x0407, 0x084E, 0x084D, 0x084D, 0x084C, 0x0429, 0x0428, 0x0428, 0x0428, 0x0428, 0x0428, 0x0428,
    0x0428, 0x0428, 0x0428, 0x0007, 0x0006, 0x0005, 0x0004, 0x0004, 0x0005, 0x0004, 0x0C42, 0x1484, 0x0821, 0x0420, 0x0004, 0x0002,
    0x8000, 0x8000, 0x8000, 0x8000, 0x8000, 0x8000, 0x8000, 0x8000, 0x8000, 0x8000, 0x8000, 0x8000, 0x8000, 0x8000, 0x8000, 0x8000,
    0x8000, 0x8000, 0x8000, 0x8000, 0x8000, 0x8000, 0x8000, 0x8000, 0x8000, 0x8000, 0x8000, 0x8000, 0x8000, 0x8000, 0x0002, 0x084C,
    0x1071, 0x084D, 0x0428, 0x0007, 0x0007, 0x0006, 0x0003, 0x0003, 0x8000, 0x1063, 0x18A5, 0x1063, 0x0C42, 0x0821, 0x8000, 0x0821,
    0x0C42, 0x1063, 0x0C42, 0x1063, 0x1483, 0x0421, 0x0425, 0x042A, 0x042A, 0x042A, 0x042A, 0x042A, 0x042A, 0x042A, 0x042B, 0x042B,
    0x042A, 0x084C, 0x084C, 0x042B, 0x042A, 0x042A, 0x042A, 0x0005, 0x0004, 0x0C4D, 0x084A, 0x0001, 0x8000, 0x8000, 0x8000, 0x8000,
    0x8000, 0x8000, 0x8000, 0x8000, 0x8000, 0x8000, 0x8000, 0x8000, 0x8000, 0x8000, 0x8000, 0x8000, 0x1590, 0x15D4, 0x1172, 0x15D4,
    0x2EBB, 0x2E57, 0x08A9, 0x15B2, 0x0446, 0x084E, 0x084D, 0x084D, 0x0429, 0x0408, 0x0428, 0x0428, 0x0428, 0x0428, 0x0428, 0x0428,
    0x0428, 0x0428, 0x0007, 0x0006, 0x0005, 0x0005, 0x0004, 0x0004, 0x0004, 0x0003, 0x1463, 0x0C42, 0x0841, 0x0420, 0x0004, 0x0003,
    0x8000, 0x8000, 0x8000, 0x8000, 0x8000, 0x8000, 0x8000, 0x8000, 0x8000, 0x8000, 0x8000, 0x8000, 0x8000, 0x8000, 0x8000, 0x8000,
    0x8000, 0x8000, 0x8000, 0x8000, 0x8000, 0x8000, 0x8000, 0x8000, 0x8000, 0x8000, 0x8000, 0x8000, 0x8000, 0x8000, 0x0427, 0x0C70,
    0x0C4E, 0x084D, 0x0007, 0x0007, 0x0006, 0x0007, 0x0004, 0x0003, 0x0001, 0x0420, 0x1063, 0x1483, 0x1483, 0x1062, 0x0420, 0x8000,
    0x0C42, 0x0C42, 0x0841, 0x0821, 0x0C42, 0x1484, 0x0C41, 0x0004, 0x0429, 0x042B, 0x042A, 0x042A, 0x042B, 0x082C, 0x084C, 0x084C,
    0x084C, 0x084C, 0x084C, 0x084E, 0x082B, 0x082C, 0x082B, 0x0428, 0x0005, 0x0006, 0x0C70, 0x0003, 0x8000, 0x8000, 0x8000, 0x8000,
    0x8000, 0x8000, 0x8000, 0x8000, 0x0421, 0x0C63, 0x14A5, 0x14A5, 0x0842, 0x0842, 0x0421, 0x8000, 0x1590, 0x19D4, 0x0D4F, 0x15D5,
    0x2A7A, 0x52F8, 0x0887, 0x1170, 0x0CED, 0x042A, 0x084D, 0x042C, 0x0428, 0x0428, 0x0428, 0x0428, 0x0428, 0x0428, 0x0428, 0x0428,
    0x0428, 0x0007, 0x0005, 0x0005, 0x0005, 0x0004, 0x0004, 0x0005, 0x0003, 0x0842, 0x18A4, 0x0821, 0x0821, 0x8000, 0x0002, 0x0006,
    0x0001, 0x8000, 0x8000, 0x8000, 0x8000, 0x8000, 0x8000, 0x8000, 0x8000, 0x8000, 0x8000, 0x8000, 0x8000, 0x8000, 0x8000, 0x8000,
    0x8000, 0x8000, 0x8000, 0x8000, 0x8000, 0x8000, 0x8000, 0x8000, 0x8000, 0x8000, 0x8000, 0x8000, 0x8000, 0x0003, 0x084C, 0x0C70,
    0x084E, 0x084C, 0x0007, 0x0007, 0x0027, 0x0007, 0x0004, 0x0003, 0x0003, 0x0001, 0x8000, 0x0821, 0x1063, 0x1484, 0x1063, 0x0421,
    0x0421, 0x0841, 0x0821, 0x0821, 0x0821, 0x0C42, 0x18A4, 0x0C42, 0x0002, 0x042A, 0x082B, 0x042A, 0x084C, 0x084E, 0x084C, 0x082B,
    0x084E, 0x084D, 0x084D, 0x084D, 0x084D, 0x0C4F, 0x084E, 0x0429, 0x0006, 0x0004, 0x042B, 0x0004, 0x8000, 0x8000, 0x8000, 0x8000,
    0x8000, 0x0400, 0x14A5, 0x0C42, 0x358C, 0x5273, 0x5ED6, 0x5ED6, 0x5294, 0x3DAE, 0x20C7, 0x0421, 0x1990, 0x19B3, 0x0D2D, 0x15B3,
    0x1E16, 0x52F9, 0x0CC9, 0x0D2E, 0x0D2E, 0x0406, 0x084C, 0x0429, 0x0428, 0x0428, 0x0428, 0x0428, 0x0428, 0x0428, 0x0428, 0x0428,
    0x0007, 0x0006, 0x0006, 0x0005, 0x0004, 0x0003, 0x0004, 0x0005, 0x0422, 0x18A4, 0x0C42, 0x0C42, 0x0421, 0x8000, 0x0002, 0x0005,
    0x8000, 0x8000, 0x8000, 0x8000, 0x8000, 0x8000, 0x8000, 0x8000, 0x8000, 0x8000, 0x8000, 0x8000, 0x8000, 0x8000, 0x8000, 0x8000,
    0x8000, 0x8000, 0x8000, 0x8000, 0x8000, 0x8000, 0x8000, 0x8000, 0x8000, 0x8000, 0x8000, 0x8000, 0x0004, 0x086A, 0x0C6E, 0x084F,
    0x084C, 0x042B, 0x0007, 0x0007, 0x0427, 0x0006, 0x0003, 0x0003, 0x0003, 0x0001, 0x1463, 0x0821, 0x0420, 0x0821, 0x0C62, 0x0C42,
    0x8000, 0x0842, 0x0821, 0x0821, 0x0C42, 0x0C42, 0x0C42, 0x18A5, 0x1483, 0x0003, 0x084E, 0x084D, 0x082B, 0x084C, 0x084D, 0x084E,
    0x084E, 0x084E, 0x0C6F, 0x0C71, 0x0C70, 0x0C4E, 0x084C, 0x042A, 0x0007, 0x0004, 0x0006, 0x042B, 0x0001, 0x8000, 0x8000, 0x8000,
    0x1484, 0x2929, 0x41EF, 0x314A, 0x39AD, 0x41EF, 0x316B, 0x398C, 0x4210, 0x358D, 0x2D29, 0x1462, 0x25F2, 0x19D4, 0x0D0D, 0x0D4F,
    0x1DF5, 0x4AFB, 0x0D0C, 0x08C9, 0x114E, 0x0427, 0x0429, 0x0428, 0x0428, 0x0428, 0x0428, 0x0428, 0x0428, 0x0428, 0x0428, 0x0428,
    0x0006, 0x0007, 0x0005, 0x0005, 0x0004, 0x0004, 0x0005, 0x0001, 0x1483, 0x1063, 0x0841, 0x0C42, 0x0401, 0x0001, 0x0001, 0x0005,
    0x0002, 0x8000, 0x8000, 0x8000, 0x8000, 0x8000, 0x8000, 0x8000, 0x8000, 0x8000, 0x8000, 0x8000, 0x8000, 0x8000, 0x8000, 0x8000,
    0x8000, 0x8000, 0x8000, 0x8000, 0x8000, 0x8000, 0x8000, 0x8000, 0x8000, 0x8000, 0x8000, 0x8000, 0x1090, 0x18D3, 0x084D, 0x0005,
    0x0005, 0x042C, 0x0007, 0x0007, 0x0407, 0x0005, 0x0003, 0x0003, 0x0003, 0x0842, 0x1484, 0x1483, 0x0C62, 0x0821, 0x0421, 0x0421,
    0x0421, 0x0421, 0x1463, 0x0842, 0x0C42, 0x1062, 0x1063, 0x1063, 0x1CC5, 0x0421, 0x0429, 0x0C70, 0x084E, 0x084E, 0x084F, 0x084E,
    0x084E, 0x0C6F, 0x0C71, 0x0C4E, 0x084D, 0x084B, 0x042A, 0x0429, 0x0007, 0x0005, 0x0004, 0x042B, 0x0001, 0x8000, 0x8000, 0x18A5,
    0x314B, 0x316B, 0x20C7, 0x2908, 0x24E7, 0x24E7, 0x2908, 0x20E6, 0x1063, 0x1484, 0x2D4A, 0x1883, 0x29F2, 0x1DD4, 0x08EB, 0x114F,
    0x19F6, 0x2679, 0x21D3, 0x08C8, 0x15B3, 0x0466, 0x0407, 0x0429, 0x0428, 0x0428, 0x0428, 0x0428, 0x0428, 0x0429, 0x0408, 0x0007,
    0x0407, 0x0005, 0x0005, 0x0004, 0x0004, 0x0004, 0x0003, 0x0822, 0x1484, 0x0C42, 0x0841, 0x0821, 0x8000, 0x0001, 0x0001, 0x0005,
    0x0006, 0x8000, 0x8000, 0x8000, 0x8000, 0x8000, 0x8000, 0x8000, 0x8000, 0x8000, 0x8000, 0x8000, 0x8000, 0x8000, 0x8000, 0x8000,
    0x8000, 0x8000, 0x8000, 0x8000, 0x8000, 0x8000, 0x8000, 0x8000, 0x8000, 0x8000, 0x8000, 0x8000, 0x18D3, 0x0C4F, 0x0005, 0x0002,
    0x8000, 0x0007, 0x0007, 0x0007, 0x0006, 0x0004, 0x0003, 0x0004, 0x0001, 0x1063, 0x1484, 0x1063, 0x1483, 0x1063, 0x1063, 0x0C42,
    0x0821, 0x8000, 0x0C62, 0x1483, 0x1483, 0x1484, 0x1063, 0x1063, 0x1484, 0x18A4, 0x0001, 0x084B, 0x1093, 0x084E, 0x084D, 0x0C70,
    0x1493, 0x1091, 0x042C, 0x0CCE, 0x088B, 0x0409, 0x042A, 0x0429, 0x0006, 0x0005, 0x0004, 0x0006, 0x0007, 0x0001, 0x24E7, 0x2908,
    0x18A4, 0x1CC6, 0x2D29, 0x2D29, 0x356B, 0x39AD, 0x3DCE, 0x3DAE, 0x398D, 0x314A, 0x2508, 0x18A4, 0x4254, 0x2A15, 0x08EC, 0x114F,
    0x0D71, 0x2658, 0x46FA, 0x08C9, 0x1591, 0x08C8, 0x0006, 0x042A, 0x0428, 0x0428, 0x0428, 0x0428, 0x0429, 0x0428, 0x0006, 0x0007,
    0x0006, 0x0005, 0x0005, 0x0004, 0x0004, 0x0003, 0x0C42, 0x1CA5, 0x0C42, 0x0841, 0x0C42, 0x8000, 0x0001, 0x0001, 0x0001, 0x0003,
    0x0006, 0x8000, 0x8000, 0x8000, 0x8000, 0x8000, 0x8000, 0x8000, 0x8000, 0x8000, 0x8000, 0x8000, 0x8000, 0x8000, 0x8000, 0x8000,
    0x8000, 0x8000, 0x8000, 0x8000, 0x8000, 0x8000, 0x8000, 0x8000, 0x8000, 0x8000, 0x8000, 0x0003, 0x18D3, 0x084D, 0x0001, 0x0001,
    0x0002, 0x042A, 0x0007, 0x0407, 0x0007, 0x0004, 0x0003, 0x0004, 0x0001, 0x1484, 0x1484, 0x1483, 0x1484, 0x18A5, 0x1484, 0x1463,
    0x0C42, 0x0821, 0x8000, 0x0C42, 0x1483, 0x1063, 0x1063, 0x1063, 0x18A4, 0x20C6, 0x0C62, 0x0403, 0x0C8E, 0x14D3, 0x1092, 0x1093,
    0x1091, 0x000A, 0x2D91, 0x29D1, 0x0028, 0x0429, 0x0428, 0x0428, 0x0006, 0x0006, 0x0004, 0x0004, 0x0847, 0x2D4A, 0x1CC6, 0x1484,
    0x358B, 0x45EF, 0x4611, 0x4610, 0x4E52, 0x5695, 0x5274, 0x4A32, 0x4E52, 0x4E53, 0x39AD, 0x190A, 0x573C, 0x2DF3, 0x090D, 0x112F,
    0x1192, 0x2638, 0x571B, 0x08A7, 0x0D0C, 0x1150, 0x0004, 0x0428, 0x042A, 0x0428, 0x0428, 0x0428, 0x0429, 0x0428, 0x0007, 0x0007,
    0x0005, 0x0005, 0x0004, 0x0004, 0x0003, 0x0842, 0x20C6, 0x1063, 0x0821, 0x0841, 0x0842, 0x0001, 0x0001, 0x0001, 0x0001, 0x0001,
    0x0006, 0x8000, 0x8000, 0x8000, 0x8000, 0x8000, 0x8000, 0x8000, 0x8000, 0x8000, 0x8000, 0x8000, 0x8000, 0x8000, 0x8000, 0x8000,
    0x8000, 0x8000, 0x8000, 0x8000, 0x8000, 0x8000, 0x8000, 0x8000, 0x8000, 0x8000, 0x8000, 0x084B, 0x18D5, 0x084C, 0x0003, 0x0001,
    0x042A, 0x042C, 0x0007, 0x0407, 0x0007, 0x0003, 0x0003, 0x0003, 0x0843, 0x18A5, 0x1484, 0x1484, 0x1CC6, 0x1CC5, 0x1483, 0x0C42,
    0x0C42, 0x0421, 0x8000, 0x8000, 0x0421, 0x0420, 0x0821, 0x0C42, 0x1884, 0x20C7, 0x20E7, 0x0420, 0x0005, 0x18D3, 0x2136, 0x0C6F,
    0x0409, 0x192F, 0x471C, 0x1D6D, 0x0006, 0x042A, 0x0028, 0x0008, 0x0006, 0x0005, 0x0003, 0x0423, 0x2D2A, 0x1CC6, 0x1484, 0x56B5,
    0x6739, 0x5274, 0x4610, 0x56B5, 0x5AD6, 0x6B5A, 0x6B5A, 0x5ED7, 0x5AD6, 0x6739, 0x3DCE, 0x2D8D, 0x4B5E, 0x19B3, 0x0D2E, 0x1150,
    0x1192, 0x1E17, 0x36BA, 0x08C9, 0x04A8, 0x15D4, 0x0444, 0x0005, 0x042B, 0x042A, 0x0428, 0x0429, 0x0428, 0x0429, 0x0429, 0x0006,
    0x0005, 0x0005, 0x0005, 0x0004, 0x0823, 0x20C6, 0x1463, 0x0821, 0x0841, 0x0841, 0x8000, 0x0001, 0x0001, 0x0001, 0x0001, 0x0001,
    0x0006, 0x0001, 0x8000, 0x8000, 0x8000, 0x8000, 0x8000, 0x8000, 0x8000, 0x8000, 0x8000, 0x8000, 0x8000, 0x8000, 0x8000, 0x8000,
    0x8000, 0x8000, 0x8000, 0x8000, 0x8000, 0x8000, 0x8000, 0x8000, 0x8000, 0x8000, 0x0001, 0x14D1, 0x1091, 0x084C, 0x042A, 0x0429,
    0x042B, 0x042A, 0x0407, 0x0428, 0x0005, 0x0003, 0x0003, 0x0002, 0x1064, 0x18A5, 0x14A4, 0x20C6, 0x20C6, 0x1063, 0x0C63, 0x0C63,
    0x2908, 0x2908, 0x24E7, 0x24E7, 0x1CC6, 0x18A5, 0x18A4, 0x0821, 0x0C42, 0x2929, 0x316B, 0x0C42, 0x8000, 0x0448, 0x14B3, 0x042B,
    0x004A, 0x46B9, 0x3A98, 0x094F, 0x0869, 0x0408, 0x0428, 0x0408, 0x0006, 0x0005, 0x0003, 0x2D4A, 0x20E7, 0x1063, 0x3DCE, 0x5694,
    0x2929, 0x39AD, 0x5AB5, 0x45F0, 0x4A31, 0x5AB6, 0x62F7, 0x73BD, 0x739C, 0x4E52, 0x1084, 0x3DEF, 0x4B1C, 0x0D71, 0x1171, 0x0D2F,
    0x15B3, 0x1A17, 0x2259, 0x112E, 0x0465, 0x114F, 0x0CEA, 0x0003, 0x0006, 0x042B, 0x042A, 0x0428, 0x0428, 0x0007, 0x0428, 0x0026,
    0x0005, 0x0005, 0x0005, 0x0402, 0x20C6, 0x1484, 0x0821, 0x0821, 0x0841, 0x0821, 0x8000, 0x0001, 0x0001, 0x0001, 0x0001, 0x0001,
    0x0004, 0x0005, 0x8000, 0x8000, 0x8000, 0x8000, 0x8000, 0x8000, 0x8000, 0x8000, 0x8000, 0x8000, 0x8000, 0x8000, 0x8000, 0x8000,
    0x8000, 0x8000, 0x8000, 0x8000, 0x8000, 0x8000, 0x8000, 0x8000, 0x8000, 0x0001, 0x14D0, 0x18F6, 0x084E, 0x084D, 0x084E, 0x084E,
    0x084D, 0x0428, 0x0408, 0x0007, 0x0004, 0x0003, 0x0003, 0x0003, 0x1485, 0x1CC5, 0x20C6, 0x1CA5, 0x1484, 0x1084, 0x24E8, 0x2D29,
    0x20C6, 0x1884, 0x1484, 0x1463, 0x0C62, 0x0C42, 0x1483, 0x1483, 0x8000, 0x2D4A, 0x3DCE, 0x1484, 0x1083, 0x0422, 0x0427, 0x000A,
    0x25B2, 0x3AFC, 0x1170, 0x15B3, 0x08C9, 0x0006, 0x0428, 0x0006, 0x0006, 0x0005, 0x1CC7, 0x2D29, 0x0842, 0x2908, 0x5273, 0x1CC5,
    0x0C42, 0x1083, 0x41EF, 0x5694, 0x41EF, 0x4A11, 0x6739, 0x6318, 0x39AD, 0x1463, 0x10C8, 0x4AFA, 0x3A99, 0x11B4, 0x15D4, 0x19F6,
    0x19D5, 0x1E37, 0x2E79, 0x3A99, 0x0465, 0x0887, 0x15B3, 0x0024, 0x0003, 0x0408, 0x042B, 0x0429, 0x0427, 0x0007, 0x088B, 0x112D,
    0x0003, 0x0005, 0x0402, 0x18A4, 0x1884, 0x0821, 0x0821, 0x0841, 0x0C42, 0x8000, 0x0821, 0x8000, 0x0001, 0x0001, 0x0001, 0x0001,
    0x0002, 0x0006, 0x8000, 0x8000, 0x8000, 0x8000, 0x8000, 0x8000, 0x8000, 0x8000, 0x8000, 0x8000, 0x8000, 0x8000, 0x8000, 0x8000,
    0x8000, 0x8000, 0x8000, 0x8000, 0x8000, 0x8000, 0x8000, 0x8000, 0x8000, 0x0429, 0x18D5, 0x0C6F, 0x084C, 0x084D, 0x084E, 0x084E,
    0x082C, 0x0429, 0x0408, 0x0005, 0x0003, 0x0003, 0x0004, 0x0844, 0x1CC5, 0x20E7, 0x1CC6, 0x1CC6, 0x1CA6, 0x24E7, 0x18A4, 0x18A5,
    0x1884, 0x1483, 0x0C42, 0x0C42, 0x0821, 0x0C42, 0x0C42, 0x1884, 0x0421, 0x2108, 0x4E73, 0x398D, 0x2D29, 0x1063, 0x0001, 0x006A,
    0x3A98, 0x2A14, 0x090E, 0x15D4, 0x15D4, 0x0446, 0x0409, 0x0027, 0x0005, 0x0423, 0x316A, 0x20E7, 0x1063, 0x316B, 0x18A5, 0x1062,
    0x1484, 0x1483, 0x18A5, 0x4E73, 0x5294, 0x5273, 0x5EF7, 0x2508, 0x0C42, 0x8000, 0x1D2A, 0x3679, 0x050E, 0x0D2E, 0x1593, 0x1E17,
    0x19F6, 0x2237, 0x471C, 0x635B, 0x0886, 0x0024, 0x0D0C, 0x0466, 0x0003, 0x0004, 0x0408, 0x042A, 0x0429, 0x0005, 0x0889, 0x2236,
    0x0466, 0x0003, 0x1483, 0x1CC5, 0x0421, 0x0821, 0x0821, 0x0C42, 0x0421, 0x0400, 0x0842, 0x0841, 0x8000, 0x0001, 0x0001, 0x0001,
    0x0002, 0x0007, 0x0004, 0x8000, 0x8000, 0x8000, 0x8000, 0x8000, 0x8000, 0x8000, 0x8000, 0x8000, 0x8000, 0x8000, 0x8000, 0x8000,
    0x8000, 0x8000, 0x8000, 0x8000, 0x8000, 0x8000, 0x8000, 0x8000, 0x0004, 0x14B3, 0x1093, 0x082C, 0x084D, 0x084D, 0x084E, 0x084E,
    0x042A, 0x0008, 0x0006, 0x0003, 0x0003, 0x0003, 0x0003, 0x1064, 0x20C6, 0x18A5, 0x18A5, 0x2908, 0x2908, 0x2107, 0x2929, 0x2D29,
    0x2908, 0x1CC6, 0x0821, 0x0841, 0x0841, 0x0842, 0x0C42, 0x1484, 0x1062, 0x18C6, 0x5694, 0x356B, 0x1CC6, 0x0821, 0x8000, 0x150D,
    0x2679, 0x0D2E, 0x114F, 0x1171, 0x1A16, 0x0D2E, 0x0005, 0x0006, 0x0005, 0x1CC8, 0x3149, 0x1083, 0x1484, 0x20C6, 0x18A4, 0x18A4,
    0x1483, 0x0C43, 0x1063, 0x1CC6, 0x5294, 0x5273, 0x2508, 0x0C42, 0x8000, 0x8000, 0x10A6, 0x0D70, 0x0D0D, 0x08EB, 0x0D2D, 0x15B3,
    0x1A17, 0x329A, 0x4B1C, 0x635B, 0x0CA7, 0x0466, 0x08A8, 0x04A8, 0x0002, 0x0004, 0x0006, 0x0007, 0x0407, 0x0005, 0x0468, 0x19F6,
    0x090D, 0x0421, 0x1484, 0x1484, 0x0C42, 0x0821, 0x0841, 0x0841, 0x0400, 0x0841, 0x0821, 0x0C42, 0x0841, 0x0001, 0x0001, 0x0001,
    0x0001, 0x0005, 0x0005, 0x8000, 0x8000, 0x8000, 0x8000, 0x8000, 0x8000, 0x8000, 0x8000, 0x8000, 0x8000, 0x8000, 0x8000, 0x8000,
    0x8000, 0x8000, 0x8000, 0x8000, 0x8000, 0x8000, 0x8000, 0x0003, 0x1090, 0x18D5, 0x0C6F, 0x084D, 0x084E, 0x0C4E, 0x084E, 0x042A,
    0x0008, 0x0006, 0x0003, 0x0003, 0x0003, 0x0004, 0x0002, 0x1CC6, 0x20E7, 0x18A5, 0x314A, 0x358C, 0x398D, 0x39AD, 0x316B, 0x1CC6,
    0x1484, 0x1884, 0x0821, 0x0842, 0x0841, 0x0821, 0x0821, 0x0C42, 0x1063, 0x18A5, 0x356B, 0x0400, 0x0400, 0x0001, 0x0002, 0x216E,
    0x2E35, 0x08EC, 0x1171, 0x1193, 0x15B3, 0x1E38, 0x0D0C, 0x0005, 0x0004, 0x20E8, 0x24E7, 0x1063, 0x1CC6, 0x1CA5, 0x1CC5, 0x1483,
    0x0C63, 0x25B0, 0x0C64, 0x1062, 0x358C, 0x2929, 0x0420, 0x8000, 0x8000, 0x2D6B, 0x24E7, 0x0043, 0x114F, 0x0CEB, 0x08A9, 0x0D2E,
    0x1A17, 0x267A, 0x46FC, 0x675C, 0x0CA7, 0x0466, 0x08A8, 0x0863, 0x0423, 0x0004, 0x0005, 0x0CEC, 0x0448, 0x0005, 0x0427, 0x1171,
    0x0D4F, 0x0C64, 0x0C42, 0x0421, 0x0C42, 0x1483, 0x0C42, 0x0420, 0x0821, 0x0C42, 0x0841, 0x0821, 0x0C42, 0x0421, 0x0001, 0x0001,
    0x8000, 0x0002, 0x0007, 0x0002, 0x8000, 0x8000, 0x8000, 0x8000, 0x8000, 0x8000, 0x8000, 0x8000, 0x8000, 0x8000, 0x8000, 0x8000,
    0x8000, 0x8000, 0x8000, 0x8000, 0x8000, 0x8000, 0x8000, 0x0C69, 0x1CF7, 0x0C70, 0x084D, 0x0C4E, 0x084E, 0x084E, 0x084D, 0x0008,
    0x0007, 0x0004, 0x0003, 0x0003, 0x0004, 0x0003, 0x0843, 0x2908, 0x2508, 0x398D, 0x4E73, 0x45F0, 0x2D29, 0x1CA5, 0x0C42, 0x1083,
    0x20C6, 0x1484, 0x8000, 0x0821, 0x0421, 0x0841, 0x0821, 0x0841, 0x1483, 0x1884, 0x1484, 0x0420, 0x0001, 0x0006, 0x0002, 0x154D,
    0x21F4, 0x08CA, 0x1171, 0x15B3, 0x1171, 0x15B3, 0x2259, 0x08EC, 0x0002, 0x24E7, 0x18A5, 0x1063, 0x18A4, 0x1CC5, 0x18A4, 0x1062,
    0x3E54, 0x2636, 0x0421, 0x1CA5, 0x20C6, 0x0821, 0x0421, 0x8000, 0x2108, 0x4A52, 0x1484, 0x0400, 0x04A7, 0x0CEB, 0x0487, 0x0D0D,
    0x15B3, 0x2679, 0x42FC, 0x675C, 0x0C86, 0x0466, 0x08EC, 0x1063, 0x1063, 0x0003, 0x0004, 0x15B3, 0x0465, 0x0005, 0x0426, 0x110C,
    0x1192, 0x08A7, 0x8000, 0x8000, 0x8000, 0x0C42, 0x1484, 0x1484, 0x0C42, 0x0C42, 0x0C42, 0x0841, 0x0821, 0x0841, 0x0001, 0x0001,
    0x8000, 0x8000, 0x0006, 0x0005, 0x8000, 0x8000, 0x8000, 0x8000, 0x8000, 0x8000, 0x8000, 0x8000, 0x8000, 0x8000, 0x8000, 0x8000,
    0x8000, 0x8000, 0x8000, 0x8000, 0x8000, 0x8000, 0x0003, 0x18D3, 0x14D3, 0x084E, 0x0C4E, 0x0C4E, 0x0C4E, 0x084E, 0x0429, 0x0008,
    0x0005, 0x0002, 0x0003, 0x0003, 0x0004, 0x0002, 0x1CC5, 0x358B, 0x3DCE, 0x5AD6, 0x4610, 0x1CC5, 0x1063, 0x0842, 0x1063, 0x18A5,
    0x20C6, 0x0C42, 0x8000, 0x0421, 0x0821, 0x0821, 0x0821, 0x0821, 0x0C62, 0x18A4, 0x0841, 0x0001, 0x0003, 0x0004, 0x0003, 0x0467,
    0x1190, 0x1593, 0x0D4F, 0x1192, 0x15D5, 0x1171, 0x19D4, 0x2679, 0x0CC9, 0x1463, 0x14A4, 0x1063, 0x18A4, 0x18A4, 0x1062, 0x0D0B,
    0x329A, 0x1170, 0x0463, 0x1CA4, 0x1063, 0x0821, 0x8000, 0x8000, 0x4631, 0x39AD, 0x0821, 0x0421, 0x0002, 0x0D0D, 0x08C9, 0x0D0C,
    0x15D4, 0x2679, 0x533C, 0x675B, 0x0887, 0x0466, 0x08CA, 0x0842, 0x1063, 0x0002, 0x0003, 0x19B2, 0x08C9, 0x0004, 0x0447, 0x1571,
    0x0D0C, 0x08A8, 0x8000, 0x8000, 0x8000, 0x8000, 0x0421, 0x1063, 0x1484, 0x1063, 0x0841, 0x0842, 0x0400, 0x0841, 0x0421, 0x8000,
    0x8000, 0x8000, 0x0004, 0x0005, 0x8000, 0x8000, 0x8000, 0x8000, 0x8000, 0x8000, 0x8000, 0x8000, 0x8000, 0x8000, 0x8000, 0x8000,
    0x8000, 0x8000, 0x8000, 0x8000, 0x8000, 0x0001, 0x086C, 0x18D5, 0x0C6F, 0x084E, 0x0C4F, 0x0C6F, 0x0C4F, 0x084B, 0x0428, 0x0007,
    0x0003, 0x0003, 0x0003, 0x0004, 0x0003, 0x1085, 0x356B, 0x3DCE, 0x5ED7, 0x5294, 0x2D29, 0x1884, 0x1484, 0x18A5, 0x18A5, 0x1884,
    0x1CC6, 0x0C42, 0x8000, 0x8000, 0x0421, 0x0841, 0x0841, 0x0841, 0x0821, 0x1884, 0x1063, 0x0001, 0x0004, 0x0002, 0x0003, 0x0006,
    0x0466, 0x0D2E, 0x15B4, 0x1192, 0x15B3, 0x19D5, 0x1192, 0x2238, 0x2E99, 0x10C7, 0x0400, 0x1063, 0x1484, 0x1063, 0x0842, 0x3E98,
    0x114F, 0x114F, 0x112D, 0x1063, 0x0842, 0x8000, 0x8000, 0x2108, 0x4610, 0x1CA5, 0x1062, 0x0C42, 0x8000, 0x0D0B, 0x0D0D, 0x0D2E,
    0x1E17, 0x42FB, 0x3EDB, 0x675C, 0x0C86, 0x0465, 0x0486, 0x8000, 0x1062, 0x0822, 0x0002, 0x19D3, 0x1170, 0x0001, 0x0464, 0x19F5,
    0x08C9, 0x08CA, 0x0043, 0x8000, 0x8000, 0x8000, 0x8000, 0x8000, 0x0821, 0x1483, 0x1483, 0x0842, 0x0821, 0x0400, 0x0821, 0x0421,
    0x8000, 0x8000, 0x0003, 0x0007, 0x0002, 0x8000, 0x8000, 0x8000, 0x8000, 0x8000, 0x8000, 0x8000, 0x8000, 0x8000, 0x8000, 0x8000,
    0x8000, 0x8000, 0x8000, 0x8000, 0x8000, 0x0423, 0x18D5, 0x0C70, 0x084D, 0x0C6F, 0x0C4F, 0x0C4F, 0x084E, 0x0429, 0x0407, 0x0005,
    0x0003, 0x0003, 0x0003, 0x0003, 0x1065, 0x314A, 0x4610, 0x5EF7, 0x5AD6, 0x356B, 0x314A, 0x24E8, 0x20C6, 0x1CC6, 0x1CC5, 0x1484,
    0x1CA5, 0x0C42, 0x8000, 0x8000, 0x8000, 0x8000, 0x8000, 0x0421, 0x0821, 0x0C42, 0x1484, 0x0823, 0x0003, 0x0002, 0x0003, 0x0007,
    0x0004, 0x0022, 0x0D0C, 0x15D5, 0x15B3, 0x15B3, 0x19F6, 0x19F6, 0x1E59, 0x3E98, 0x25D2, 0x0443, 0x0821, 0x0C42, 0x21D2, 0x2A15,
    0x0CEB, 0x1170, 0x1E16, 0x0421, 0x0821, 0x8000, 0x8000, 0x358C, 0x398D, 0x1063, 0x1484, 0x1062, 0x0400, 0x0D0C, 0x112E, 0x0D4F,
    0x19F6, 0x2A79, 0x36BB, 0x571B, 0x0886, 0x04A8, 0x0022, 0x0841, 0x1483, 0x0842, 0x0001, 0x2215, 0x116F, 0x0022, 0x114F, 0x114F,
    0x08A7, 0x08EA, 0x0486, 0x8000, 0x8000, 0x8000, 0x8000, 0x8000, 0x8000, 0x0421, 0x1063, 0x1483, 0x0C42, 0x0421, 0x0821, 0x0421,
    0x8000, 0x0001, 0x8000, 0x0005, 0x0004, 0x8000, 0x8000, 0x8000, 0x8000, 0x8000, 0x8000, 0x8000, 0x8000, 0x8000, 0x8000, 0x8000,
    0x8000, 0x8000, 0x8000, 0x8000, 0x0001, 0x0C6E, 0x18F5, 0x082C, 0x084C, 0x0C4F, 0x084F, 0x084F, 0x042B, 0x0007, 0x0006, 0x0003,
    0x0003, 0x0003, 0x0004, 0x0C45, 0x316A, 0x4611, 0x5ED7, 0x6318, 0x4E52, 0x5ED6, 0x4A52, 0x2508, 0x1CA5, 0x1CA5, 0x18A5, 0x1484,
    0x20C6, 0x0C42, 0x8000, 0x8000, 0x8000, 0x8000, 0x8000, 0x8000, 0x8000, 0x8000, 0x1463, 0x1063, 0x0001, 0x0004, 0x0003, 0x0005,
    0x0027, 0x0004, 0x0001, 0x08EA, 0x1E17, 0x1A17, 0x19D6, 0x19F6, 0x15D5, 0x2679, 0x329B, 0x46B8, 0x1990, 0x0864, 0x3EB9, 0x0D0C,
    0x0D2E, 0x1150, 0x2237, 0x112E, 0x8000, 0x8000, 0x1063, 0x39AD, 0x20E7, 0x1483, 0x18A5, 0x0C62, 0x8000, 0x1150, 0x1171, 0x0D2D,
    0x1171, 0x15F6, 0x2A9A, 0x4EFA, 0x0886, 0x04A9, 0x0022, 0x0821, 0x1483, 0x0C42, 0x0001, 0x2615, 0x114E, 0x04A8, 0x15D5, 0x08C9,
    0x0487, 0x08CA, 0x0486, 0x8000, 0x8000, 0x8000, 0x8000, 0x8000, 0x8000, 0x8000, 0x0001, 0x0C46, 0x1483, 0x0C42, 0x0821, 0x0821,
    0x0001, 0x0001, 0x0001, 0x0005, 0x0005, 0x8000, 0x8000, 0x8000, 0x8000, 0x8000, 0x8000, 0x8000, 0x8000, 0x8000, 0x8000, 0x8000,
    0x8000, 0x8000, 0x8000, 0x8000, 0x0001, 0x0C70, 0x0C6F, 0x042B, 0x084E, 0x084E, 0x084E, 0x084F, 0x0429, 0x0006, 0x0004, 0x0003,
    0x0003, 0x0004, 0x0424, 0x2D4A, 0x41EF, 0x6318, 0x6739, 0x4E52, 0x6B5A, 0x6318, 0x41EF, 0x2908, 0x1CC6, 0x18A5, 0x1483, 0x18A4,
    0x20C6, 0x0C42, 0x8000, 0x8000, 0x8000, 0x8000, 0x8000, 0x8000, 0x8000, 0x8000, 0x8000, 0x1062, 0x0C43, 0x0003, 0x0002, 0x0003,
    0x0006, 0x0005, 0x0004, 0x0003, 0x08C9, 0x19F5, 0x1E38, 0x19F6, 0x1E17, 0x1A17, 0x15B4, 0x1DF6, 0x2E7A, 0x3A76, 0x1970, 0x0D2D,
    0x1171, 0x0D50, 0x19B2, 0x369A, 0x0487, 0x8000, 0x1CE7, 0x3DAD, 0x18A5, 0x1483, 0x1484, 0x0C41, 0x0886, 0x1171, 0x114F, 0x0D2D,
    0x112F, 0x15B4, 0x19F6, 0x3EBA, 0x0CA8, 0x0488, 0x0001, 0x0821, 0x1063, 0x0821, 0x090C, 0x42DA, 0x110B, 0x08EC, 0x08CA, 0x08A9,
    0x08C9, 0x08C9, 0x0043, 0x8000, 0x8000, 0x8000, 0x8000, 0x8000, 0x8000, 0x8000, 0x8000, 0x0002, 0x0C65, 0x1483, 0x0821, 0x0C42,
    0x0401, 0x0001, 0x0002, 0x0002, 0x0007, 0x0004, 0x8000, 0x8000, 0x8000, 0x8000, 0x8000, 0x8000, 0x8000, 0x8000, 0x8000, 0x8000,
    0x8000, 0x8000, 0x8000, 0x8000, 0x0003, 0x1071, 0x042B, 0x082C, 0x084E, 0x084E, 0x0C4F, 0x042B, 0x0007, 0x0006, 0x0002, 0x0003,
    0x0004, 0x0004, 0x18A6, 0x358C, 0x5EF7, 0x6318, 0x4610, 0x6739, 0x6318, 0x41EF, 0x39AD, 0x2909, 0x20E6, 0x1CA5, 0x18A5, 0x1484,
    0x20C6, 0x1063, 0x8000, 0x8000, 0x8000, 0x8000, 0x8000, 0x8000, 0x8000, 0x8000, 0x8000, 0x1484, 0x18A4, 0x0001, 0x0003, 0x0001,
    0x0004, 0x0006, 0x0004, 0x0003, 0x0002, 0x0444, 0x1170, 0x2A9B, 0x2259, 0x1193, 0x19D5, 0x1193, 0x0D4F, 0x0D2D, 0x0D0C, 0x1150,
    0x1150, 0x1192, 0x1170, 0x2637, 0x1DD3, 0x0464, 0x2D29, 0x2929, 0x1CA5, 0x18A4, 0x1484, 0x0800, 0x0D2D, 0x0D2E, 0x0CEA, 0x114F,
    0x0D2E, 0x0D4F, 0x1E17, 0x2A78, 0x08A8, 0x0466, 0x0022, 0x0841, 0x0C62, 0x0400, 0x1591, 0x1E17, 0x08CA, 0x0D0C, 0x0887, 0x08A7,
    0x08CA, 0x0487, 0x8000, 0x8000, 0x8000, 0x8000, 0x8000, 0x8000, 0x8000, 0x8000, 0x8000, 0x8000, 0x0003, 0x0C45, 0x1483, 0x0842,
    0x0C42, 0x8000, 0x0001, 0x0002, 0x0005, 0x0008, 0x0001, 0x8000, 0x8000, 0x8000, 0x8000, 0x8000, 0x8000, 0x8000, 0x8000, 0x8000,
    0x8000, 0x8000, 0x8000, 0x8000, 0x082A, 0x1493, 0x042A, 0x084C, 0x084E, 0x084F, 0x084E, 0x0428, 0x0007, 0x0003, 0x0002, 0x0003,
    0x0003, 0x18A6, 0x39AC, 0x4E53, 0x6739, 0x4610, 0x4A31, 0x5EF7, 0x3DCE, 0x2909, 0x2D29, 0x24E7, 0x24E7, 0x1CC6, 0x1CC5, 0x18A5,
    0x18A5, 0x20C6, 0x0821, 0x8000, 0x8000, 0x8000, 0x8000, 0x8000, 0x8000, 0x8000, 0x0C42, 0x356B, 0x24E7, 0x0401, 0x0003, 0x0001,
    0x0004, 0x0006, 0x0004, 0x0004, 0x0003, 0x0001, 0x0842, 0x0D0B, 0x2258, 0x19D4, 0x0D50, 0x1592, 0x1171, 0x08C9, 0x0D0D, 0x114F,
    0x1170, 0x1171, 0x1192, 0x1592, 0x3EDB, 0x2E35, 0x190B, 0x20A5, 0x20E6, 0x18A5, 0x1463, 0x0443, 0x15B3, 0x112E, 0x0D0D, 0x0D2D,
    0x0D0C, 0x1150, 0x19F6, 0x19D4, 0x0465, 0x0465, 0x0487, 0x0422, 0x0821, 0x0044, 0x3A98, 0x1D4D, 0x04A8, 0x0D0D, 0x0487, 0x08C9,
    0x08C9, 0x0043, 0x8000, 0x8000, 0x8000, 0x8000, 0x8000, 0x8000, 0x8000, 0x8000, 0x8000, 0x8000, 0x8000, 0x0424, 0x1486, 0x1483,
    0x0C42, 0x0400, 0x0001, 0x0002, 0x0003, 0x0007, 0x0006, 0x8000, 0x8000, 0x8000, 0x8000, 0x8000, 0x8000, 0x8000, 0x8000, 0x8000,
    0x8000, 0x8000, 0x8000, 0x8000, 0x084D, 0x0C70, 0x042B, 0x082B, 0x084D, 0x084F, 0x042A, 0x0007, 0x0005, 0x0002, 0x0003, 0x0003,
    0x0404, 0x316B, 0x4E52, 0x6F9C, 0x5694, 0x3DCE, 0x5AD6, 0x45F0, 0x2908, 0x24E7, 0x24E7, 0x24E7, 0x28E8, 0x24E7, 0x1CC5, 0x1CC5,
    0x1CC5, 0x24E7, 0x1CA5, 0x0420, 0x8000, 0x8000, 0x8000, 0x8000, 0x8000, 0x0821, 0x24E7, 0x24E7, 0x2908, 0x1CC6, 0x0002, 0x0003,
    0x0002, 0x0005, 0x0004, 0x0004, 0x0001, 0x1063, 0x1483, 0x0400, 0x08A7, 0x1DF5, 0x15B4, 0x1150, 0x15B4, 0x0887, 0x0D0D, 0x114F,
    0x1171, 0x1150, 0x15B4, 0x1172, 0x2217, 0x533D, 0x3257, 0x152D, 0x14A5, 0x1063, 0x0C21, 0x08EA, 0x19F6, 0x112E, 0x08CA, 0x0CEB,
    0x0CEB, 0x0D4F, 0x1A17, 0x0D0D, 0x0445, 0x0466, 0x08CA, 0x0421, 0x8000, 0x2E14, 0x3656, 0x0CA8, 0x08CA, 0x0D0C, 0x0465, 0x08CA,
    0x0486, 0x8000, 0x8000, 0x8000, 0x8000, 0x8000, 0x8000, 0x8000, 0x8000, 0x8000, 0x8000, 0x8000, 0x0004, 0x0007, 0x0425, 0x1064,
    0x1063, 0x0C42, 0x8000, 0x0001, 0x0002, 0x0005, 0x0009, 0x0001, 0x8000, 0x8000, 0x8000, 0x8000, 0x8000, 0x8000, 0x8000, 0x8000,
    0x8000, 0x8000, 0x8000, 0x8000, 0x1090, 0x084E, 0x042B, 0x084E, 0x084E, 0x084E, 0x0429, 0x0007, 0x0004, 0x0003, 0x0004, 0x0003,
    0x292A, 0x4E52, 0x2D29, 0x316B, 0x56B5, 0x5AB5, 0x41EF, 0x2D4A, 0x24E7, 0x24E7, 0x24E7, 0x24E7, 0x24E7, 0x28E8, 0x24E7, 0x20C6,
    0x1CC5, 0x20E6, 0x24E7, 0x1463, 0x8000, 0x8000, 0x8000, 0x8000, 0x0400, 0x20C6, 0x24E7, 0x1063, 0x24E7, 0x41EF, 0x1484, 0x8000,
    0x0002, 0x0003, 0x0004, 0x0002, 0x1063, 0x24E7, 0x1063, 0x0821, 0x0400, 0x0487, 0x19F5, 0x15B3, 0x1170, 0x0466, 0x0D2D, 0x0D2E,
    0x1150, 0x1192, 0x15B4, 0x19D5, 0x1E38, 0x2A15, 0x150B, 0x1170, 0x1E16, 0x1DD3, 0x0465, 0x216C, 0x2E7A, 0x0D72, 0x0D0D, 0x08C9,
    0x08CA, 0x0D2E, 0x1A16, 0x0CEB, 0x0465, 0x0486, 0x08C9, 0x08C9, 0x1DF5, 0x2637, 0x110C, 0x0486, 0x0CEA, 0x08EB, 0x0487, 0x08A8,
    0x8000, 0x8000, 0x8000, 0x8000, 0x8000, 0x8000, 0x8000, 0x8000, 0x8000, 0x8000, 0x8000, 0x0007, 0x042B, 0x0007, 0x0004, 0x0829,
    0x1484, 0x1063, 0x0821, 0x0001, 0x0003, 0x0003, 0x0006, 0x0007, 0x8000, 0x8000, 0x8000, 0x8000, 0x8000, 0x8000, 0x8000, 0x8000,
    0x8000, 0x8000, 0x8000, 0x0428, 0x14B4, 0x084C, 0x084C, 0x084E, 0x084E, 0x084D, 0x0429, 0x0006, 0x0003, 0x0004, 0x0003, 0x20E8,
    0x4E52, 0x2929, 0x1484, 0x1CC5, 0x2908, 0x56B5, 0x41EF, 0x24C6, 0x24E7, 0x24E7, 0x24E7, 0x24E7, 0x24E7, 0x28E8, 0x2908, 0x24E7,
    0x24E6, 0x20C6, 0x24E7, 0x20C7, 0x0C42, 0x8000, 0x8000, 0x8000, 0x18A4, 0x1CC6, 0x1063, 0x18A5, 0x24E7, 0x356C, 0x41EF, 0x18A5,
    0x8000, 0x0003, 0x0002, 0x0821, 0x24E7, 0x18A5, 0x0821, 0x0841, 0x0841, 0x0420, 0x0465, 0x15B3, 0x15D4, 0x08A9, 0x08EB, 0x1150,
    0x1150, 0x1171, 0x1192, 0x15B3, 0x1E38, 0x0D0D, 0x0465, 0x0CEA, 0x0D0C, 0x114F, 0x114F, 0x0865, 0x2636, 0x1E38, 0x1150, 0x0486,
    0x08C9, 0x114F, 0x19F5, 0x08A8, 0x0444, 0x08A9, 0x08A8, 0x0D0C, 0x0D0C, 0x08EC, 0x08AA, 0x0887, 0x08EA, 0x08CA, 0x08A8, 0x0021,
    0x8000, 0x8000, 0x8000, 0x8000, 0x8000, 0x8000, 0x8000, 0x8000, 0x8000, 0x0001, 0x0428, 0x042B, 0x0006, 0x0004, 0x0004, 0x0429,
    0x0828, 0x1483, 0x1062, 0x8000, 0x0002, 0x0003, 0x0005, 0x0007, 0x0001, 0x8000, 0x8000, 0x8000, 0x8000, 0x8000, 0x8000, 0x8000,
    0x8000, 0x8000, 0x8000, 0x082A, 0x0C71, 0x082B, 0x084E, 0x084E, 0x084E, 0x042C, 0x0007, 0x0005, 0x0003, 0x0003, 0x1886, 0x41EF,
    0x316B, 0x1884, 0x1484, 0x2908, 0x1463, 0x35AD, 0x4E53, 0x24E7, 0x24E7, 0x24E7, 0x24E7, 0x24E7, 0x24E7, 0x24E7, 0x2908, 0x2D29,
    0x2908, 0x24E7, 0x24E7, 0x2908, 0x1CC5, 0x0842, 0x8000, 0x8000, 0x1484, 0x0C42, 0x1063, 0x20C6, 0x24E7, 0x24E7, 0x2D29, 0x39AD,
    0x1CC6, 0x0001, 0x0001, 0x18A5, 0x1CC6, 0x1062, 0x0C42, 0x0C42, 0x0841, 0x0821, 0x0400, 0x0887, 0x1171, 0x0D0C, 0x0486, 0x1150,
    0x1150, 0x1593, 0x1192, 0x19F6, 0x2216, 0x08A9, 0x08C9, 0x08C9, 0x0CC9, 0x0CC9, 0x0CCA, 0x0843, 0x08A7, 0x2237, 0x19D5, 0x08C9,
    0x08A8, 0x0D2E, 0x15D5, 0x0465, 0x0443, 0x08EB, 0x0023, 0x0466, 0x0466, 0x08CA, 0x0888, 0x0886, 0x08CA, 0x08A9, 0x0043, 0x8000,
    0x8000, 0x8000, 0x8000, 0x8000, 0x8000, 0x8000, 0x8000, 0x8000, 0x0003, 0x042B, 0x0428, 0x0004, 0x0004, 0x0004, 0x0004, 0x0006,
    0x042A, 0x0C47, 0x1483, 0x0822, 0x0001, 0x0002, 0x0004, 0x0428, 0x0001, 0x8000, 0x8000, 0x8000, 0x8000, 0x8000, 0x8000, 0x8000,
    0x8000, 0x8000, 0x8000, 0x082A, 0x084E, 0x042B, 0x084E, 0x084E, 0x084E, 0x042A, 0x0007, 0x0004, 0x0003, 0x0845, 0x39AC, 0x358C,
    0x20C6, 0x1483, 0x0421, 0x18A5, 0x20C6, 0x18A4, 0x41EF, 0x356B, 0x20C6, 0x24E7, 0x2908, 0x2908, 0x2909, 0x2908, 0x2D29, 0x2D29,
    0x2D29, 0x2909, 0x20C6, 0x2908, 0x2908, 0x1484, 0x0C42, 0x8000, 0x0821, 0x0C42, 0x1483, 0x18A5, 0x20E7, 0x24E7, 0x20C6, 0x2507,
    0x39AD, 0x2929, 0x0C42, 0x1063, 0x1484, 0x1042, 0x0C42, 0x0C42, 0x1062, 0x0C62, 0x0C42, 0x0400, 0x0465, 0x1170, 0x08CA, 0x114F,
    0x114E, 0x1171, 0x15B3, 0x1E38, 0x1570, 0x0466, 0x08C9, 0x0CCA, 0x110C, 0x110C, 0x112D, 0x10C8, 0x8000, 0x116F, 0x2259, 0x112E,
    0x0466, 0x0D2E, 0x15D5, 0x0444, 0x0487, 0x08A8, 0x0022, 0x08A7, 0x0486, 0x08EA, 0x0487, 0x0466, 0x08CA, 0x0023, 0x8000, 0x8000,
    0x8000, 0x8000, 0x8000, 0x8000, 0x8000, 0x8000, 0x8000, 0x0004, 0x042A, 0x0408, 0x0004, 0x0004, 0x0003, 0x0002, 0x0005, 0x0005,
    0x0006, 0x042A, 0x0C45, 0x1062, 0x0001, 0x0001, 0x0003, 0x0007, 0x0003, 0x8000, 0x8000, 0x8000, 0x8000, 0x8000, 0x8000, 0x8000,
    0x8000, 0x8000, 0x8000, 0x084C, 0x084F, 0x084C, 0x084E, 0x084E, 0x084E, 0x042A, 0x0006, 0x0004, 0x0003, 0x1086, 0x3DCE, 0x20A5,
    0x1042, 0x0821, 0x0C63, 0x0842, 0x1CC6, 0x1463, 0x2D4A, 0x41CE, 0x20C6, 0x2908, 0x2908, 0x2D29, 0x2D29, 0x2D29, 0x314A, 0x2D4A,
    0x314A, 0x314A, 0x2908, 0x2908, 0x2D29, 0x2508, 0x1483, 0x0821, 0x8000, 0x0821, 0x1063, 0x1483, 0x1CC5, 0x20C6, 0x1CC6, 0x18A4,
    0x1484, 0x2908, 0x2508, 0x1484, 0x0842, 0x0C42, 0x0C62, 0x0C42, 0x1463, 0x1063, 0x1063, 0x0841, 0x0400, 0x08C9, 0x0D0C, 0x1150,
    0x1150, 0x114F, 0x15B4, 0x19F6, 0x08C9, 0x0887, 0x0CEA, 0x0CEB, 0x0D0B, 0x110D, 0x114E, 0x110C, 0x0842, 0x0422, 0x1DF4, 0x1E17,
    0x08CA, 0x0CEB, 0x1592, 0x0465, 0x08C9, 0x0443, 0x0465, 0x08A8, 0x08A7, 0x0D0C, 0x0487, 0x0887, 0x0487, 0x8000, 0x8000, 0x8000,
    0x0C62, 0x0C63, 0x8000, 0x8000, 0x8000, 0x8000, 0x0002, 0x0429, 0x0007, 0x0004, 0x0004, 0x0002, 0x8000, 0x8000, 0x0002, 0x0005,
    0x0005, 0x0428, 0x084B, 0x1064, 0x0821, 0x0001, 0x0001, 0x0004, 0x0006, 0x8000, 0x8000, 0x8000, 0x8000, 0x8000, 0x8000, 0x8000,
    0x8000, 0x8000, 0x8000, 0x084D, 0x084D, 0x084D, 0x084E, 0x084E, 0x084F, 0x0429, 0x0006, 0x0004, 0x0003, 0x20E7, 0x2908, 0x0841,
    0x2529, 0x4611, 0x41CE, 0x0C42, 0x0842, 0x18A4, 0x18A5, 0x39CE, 0x356B, 0x2908, 0x2D29, 0x2D4A, 0x2D2A, 0x314A, 0x2D2A, 0x2D2A,
    0x2D29, 0x314A, 0x314A, 0x2D29, 0x314A, 0x316B, 0x24E7, 0x1484, 0x0421, 0x8000, 0x0821, 0x1063, 0x1484, 0x18A5, 0x1484, 0x1484,
    0x1063, 0x0841, 0x18A5, 0x24E7, 0x1484, 0x0821, 0x1063, 0x1484, 0x1484, 0x18A5, 0x18A5, 0x1063, 0x0841, 0x0400, 0x0422, 0x08A7,
    0x1171, 0x15D5, 0x15B4, 0x1192, 0x0487, 0x0465, 0x0486, 0x0CC9, 0x154F, 0x1171, 0x112E, 0x10EA, 0x0CCA, 0x0422, 0x08A8, 0x1E59,
    0x15D4, 0x0CEC, 0x0D4F, 0x0486, 0x08C9, 0x0421, 0x08C9, 0x08EA, 0x0887, 0x08A7, 0x0887, 0x0465, 0x8000, 0x8000, 0x8000, 0x0821,
    0x1484, 0x20C6, 0x0C42, 0x8000, 0x8000, 0x8000, 0x0006, 0x0007, 0x0003, 0x0002, 0x0001, 0x0420, 0x0821, 0x0421, 0x8000, 0x0002,
    0x0005, 0x0005, 0x0428, 0x0C4C, 0x0823, 0x8000, 0x0003, 0x0003, 0x0007, 0x8000, 0x8000, 0x8000, 0x8000, 0x8000, 0x8000, 0x8000,
    0x8000, 0x8000, 0x8000, 0x0C4D, 0x084C, 0x084D, 0x084F, 0x084F, 0x084E, 0x0428, 0x0006, 0x0004, 0x0422, 0x2929, 0x0C62, 0x292A,
    0x6719, 0x6F7B, 0x356B, 0x1063, 0x0421, 0x0C42, 0x1483, 0x2929, 0x4610, 0x314A, 0x312A, 0x314A, 0x314A, 0x2D2A, 0x2D29, 0x314A,
    0x356B, 0x2D29, 0x316B, 0x356C, 0x358C, 0x3DCE, 0x3DAE, 0x2508, 0x1884, 0x0421, 0x8000, 0x0C42, 0x1063, 0x1463, 0x1063, 0x1063,
    0x1063, 0x1063, 0x0C42, 0x0C42, 0x1CA5, 0x0821, 0x0821, 0x1CC6, 0x20C6, 0x24E7, 0x2908, 0x1484, 0x0C42, 0x0C42, 0x0420, 0x0400,
    0x0465, 0x0CEB, 0x1170, 0x1193, 0x0465, 0x8000, 0x8000, 0x0022, 0x0CEA, 0x112D, 0x154F, 0x112E, 0x0CCA, 0x0886, 0x0400, 0x08C8,
    0x1E38, 0x15D4, 0x08C9, 0x08C9, 0x0465, 0x08A7, 0x08CA, 0x0486, 0x8000, 0x0444, 0x08C9, 0x0021, 0x0421, 0x8000, 0x0821, 0x0821,
    0x8000, 0x1463, 0x1484, 0x8000, 0x8000, 0x0002, 0x0006, 0x0004, 0x0001, 0x0400, 0x0821, 0x1484, 0x1CC5, 0x1483, 0x0C42, 0x8000,
    0x0001, 0x0005, 0x0006, 0x0429, 0x042B, 0x0004, 0x0001, 0x0003, 0x0006, 0x0004, 0x8000, 0x8000, 0x8000, 0x8000, 0x8000, 0x8000,
    0x8000, 0x8000, 0x8000, 0x084D, 0x084C, 0x084D, 0x084E, 0x0C4E, 0x084D, 0x0428, 0x0006, 0x0004, 0x0001, 0x18A4, 0x2508, 0x5ED6,
    0x5EF7, 0x4610, 0x20C6, 0x0C42, 0x0821, 0x8000, 0x1063, 0x1484, 0x4A31, 0x4A32, 0x2D29, 0x356B, 0x356B, 0x314B, 0x356C, 0x356B,
    0x3DAD, 0x39AD, 0x398D, 0x398D, 0x3DAD, 0x39AD, 0x4610, 0x4610, 0x314A, 0x1484, 0x0821, 0x0420, 0x0841, 0x0C42, 0x1063, 0x1063,
    0x1063, 0x1063, 0x1063, 0x1063, 0x1483, 0x0421, 0x0C63, 0x0C42, 0x2D4A, 0x3DCE, 0x2D29, 0x1CA5, 0x1063, 0x0C42, 0x0C42, 0x1063,
    0x8000, 0x8000, 0x0444, 0x04A7, 0x0001, 0x0002, 0x0C65, 0x0841, 0x0003, 0x0423, 0x0464, 0x08A8, 0x0CEA, 0x08EC, 0x10A7, 0x0820,
    0x08C8, 0x2238, 0x0D2E, 0x0486, 0x0843, 0x08A6, 0x0022, 0x8000, 0x8000, 0x0022, 0x0043, 0x0421, 0x0C42, 0x8000, 0x0400, 0x8000,
    0x8000, 0x1063, 0x1484, 0x8000, 0x8000, 0x0005, 0x0004, 0x0001, 0x0421, 0x0C42, 0x1063, 0x1483, 0x2508, 0x24E7, 0x1484, 0x0C62,
    0x8000, 0x0001, 0x0006, 0x0005, 0x042B, 0x082E, 0x0004, 0x8000, 0x0004, 0x0408, 0x8000, 0x8000, 0x8000, 0x8000, 0x8000, 0x8000,
    0x8000, 0x8000, 0x8000, 0x084D, 0x084D, 0x042B, 0x084E, 0x0C4E, 0x084D, 0x0408, 0x0006, 0x0004, 0x8000, 0x1CC5, 0x5253, 0x5AD6,
    0x62F8, 0x2D29, 0x20C6, 0x0C42, 0x0821, 0x8000, 0x0821, 0x18A4, 0x1CC6, 0x4E52, 0x3DCE, 0x316B, 0x398C, 0x39AD, 0x3DCE, 0x3DAE,
    0x3DCE, 0x41EF, 0x41CE, 0x3DCE, 0x45F0, 0x41EF, 0x3DCE, 0x4E52, 0x5274, 0x2D2A, 0x1484, 0x0421, 0x0400, 0x0821, 0x0C42, 0x1062,
    0x0C42, 0x1063, 0x1063, 0x1063, 0x0C42, 0x0420, 0x18A5, 0x1484, 0x1063, 0x41EF, 0x398C, 0x24E7, 0x18A5, 0x1484, 0x18A4, 0x0C42,
    0x8000, 0x8000, 0x8000, 0x0001, 0x0005, 0x0002, 0x18C6, 0x2908, 0x0422, 0x0002, 0x210F, 0x316B, 0x0443, 0x0CA7, 0x150B, 0x10A6,
    0x0800, 0x0CC9, 0x15B3, 0x0021, 0x0847, 0x0425, 0x0420, 0x0003, 0x0002, 0x8000, 0x0821, 0x0421, 0x0821, 0x8000, 0x8000, 0x8000,
    0x8000, 0x1484, 0x18A5, 0x8000, 0x0001, 0x0004, 0x0001, 0x0420, 0x0C42, 0x1063, 0x1463, 0x1063, 0x1CC6, 0x2D29, 0x20C6, 0x1484,
    0x1063, 0x8000, 0x0001, 0x0006, 0x0006, 0x042A, 0x084E, 0x0427, 0x0003, 0x0007, 0x8000, 0x8000, 0x8000, 0x8000, 0x8000, 0x8000,
    0x8000, 0x8000, 0x8000, 0x0C4D, 0x084D, 0x0428, 0x084C, 0x084F, 0x082D, 0x0008, 0x0005, 0x0003, 0x0842, 0x4A31, 0x5273, 0x5AD6,
    0x41CE, 0x2908, 0x2508, 0x1062, 0x0821, 0x8000, 0x8000, 0x1063, 0x1483, 0x20C6, 0x4E52, 0x4A31, 0x3DCE, 0x398C, 0x3DCE, 0x41CE,
    0x3DCE, 0x3DCE, 0x41CE, 0x41CE, 0x41EF, 0x41EF, 0x4A31, 0x4610, 0x56B5, 0x5694, 0x2D29, 0x1063, 0x8000, 0x8000, 0x0841, 0x0841,
    0x0C42, 0x0C42, 0x0C42, 0x1063, 0x0821, 0x0421, 0x0C42, 0x20C6, 0x18A5, 0x0842, 0x18A5, 0x356B, 0x2908, 0x1CC6, 0x1083, 0x8000,
    0x8000, 0x8000, 0x8000, 0x0004, 0x084C, 0x084B, 0x0843, 0x2D4A, 0x358C, 0x1063, 0x0826, 0x0C6E, 0x042E, 0x0004, 0x0842, 0x190B,
    0x18E9, 0x0821, 0x0442, 0x0003, 0x084C, 0x0844, 0x0001, 0x0407, 0x0002, 0x0820, 0x0C42, 0x0421, 0x0421, 0x0400, 0x8000, 0x8000,
    0x0821, 0x24E7, 0x0C62, 0x8000, 0x0001, 0x0002, 0x8000, 0x0421, 0x0841, 0x0C62, 0x1CC5, 0x18A5, 0x1483, 0x2929, 0x39AD, 0x24E8,
    0x1884, 0x0C42, 0x8000, 0x0003, 0x0006, 0x0005, 0x042A, 0x084F, 0x0026, 0x0004, 0x8000, 0x8000, 0x8000, 0x8000, 0x8000, 0x8000,
    0x8000, 0x8000, 0x8000, 0x084D, 0x084D, 0x0429, 0x042B, 0x084E, 0x084D, 0x0007, 0x0006, 0x0002, 0x2D4A, 0x4E52, 0x5AB5, 0x5AD6,
    0x2908, 0x28E7, 0x2D29, 0x18A5, 0x0C42, 0x0421, 0x8000, 0x0421, 0x1CA5, 0x1484, 0x20C6, 0x4610, 0x4A31, 0x4610, 0x3DCE, 0x3DCE,
    0x41EF, 0x41EF, 0x41EF, 0x45EF, 0x41EF, 0x4E53, 0x5294, 0x4E52, 0x5694, 0x739C, 0x5273, 0x1CA5, 0x0C62, 0x8000, 0x0421, 0x0841,
    0x0821, 0x0821, 0x0C62, 0x0C42, 0x8000, 0x0C42, 0x1063, 0x1063, 0x24E7, 0x1CC6, 0x0821, 0x1063, 0x2929, 0x1CC6, 0x0420, 0x8000,
    0x8000, 0x8000, 0x8000, 0x0002, 0x0C6E, 0x1091, 0x0409, 0x1086, 0x41EE, 0x4210, 0x2529, 0x1CE7, 0x1085, 0x0843, 0x8000, 0x0C42,
    0x10EA, 0x0843, 0x8000, 0x0421, 0x1485, 0x18C5, 0x0425, 0x0006, 0x8000, 0x0841, 0x1062, 0x0821, 0x8000, 0x0821, 0x8000, 0x8000,
    0x1484, 0x20C6, 0x0421, 0x8000, 0x0001, 0x0001, 0x0421, 0x0841, 0x0821, 0x1062, 0x1CA5, 0x20E7, 0x1484, 0x1884, 0x3DAE, 0x45F0,
    0x20C7, 0x1484, 0x0C42, 0x8000, 0x0005, 0x0007, 0x0005, 0x042B, 0x084D, 0x0003, 0x8000, 0x8000, 0x8000, 0x8000, 0x8000, 0x8000,
    0x8000, 0x8000, 0x8000, 0x084C, 0x084E, 0x042A, 0x0429, 0x084C, 0x084D, 0x0428, 0x0005, 0x1064, 0x4A31, 0x4E52, 0x62F8, 0x3DAD,
    0x28E8, 0x2D29, 0x312A, 0x2908, 0x1062, 0x0842, 0x8000, 0x8000, 0x0C42, 0x1CA5, 0x1484, 0x1483, 0x2D4A, 0x4E52, 0x5274, 0x3DCE,
    0x3DAD, 0x4A31, 0x4E53, 0x4E52, 0x4A31, 0x5AB5, 0x5273, 0x5AD6, 0x6F7B, 0x77BD, 0x62F7, 0x39AD, 0x20C6, 0x0821, 0x8000, 0x0821,
    0x0821, 0x0842, 0x1063, 0x0421, 0x0400, 0x1063, 0x1063, 0x1484, 0x1484, 0x2908, 0x316B, 0x1063, 0x8000, 0x0841, 0x8000, 0x8000,
    0x8000, 0x8000, 0x8000, 0x8000, 0x0007, 0x0004, 0x0426, 0x044B, 0x18CC, 0x2D6C, 0x5273, 0x6739, 0x5AD6, 0x4E52, 0x4210, 0x2D6B,
    0x1484, 0x0842, 0x14A5, 0x2508, 0x1CE5, 0x0845, 0x084E, 0x0004, 0x8000, 0x1063, 0x0C62, 0x0821, 0x8000, 0x0421, 0x8000, 0x1083,
    0x2928, 0x1063, 0x0821, 0x8000, 0x0001, 0x8000, 0x0841, 0x0821, 0x0841, 0x1063, 0x1483, 0x1CC6, 0x20C6, 0x1CC5, 0x20C6, 0x4A31,
    0x398D, 0x18A5, 0x1483, 0x0420, 0x0003, 0x0407, 0x0006, 0x0006, 0x082C, 0x084E, 0x0003, 0x8000, 0x8000, 0x8000, 0x8000, 0x8000,
    0x8000, 0x8000, 0x8000, 0x0004, 0x084C, 0x0429, 0x0428, 0x042B, 0x084D, 0x0429, 0x0423, 0x316B, 0x4A10, 0x5EF7, 0x4E73, 0x2908,
    0x2908, 0x314A, 0x316B, 0x314A, 0x1484, 0x0841, 0x0400, 0x8000, 0x8000, 0x0842, 0x20C6, 0x18A4, 0x1063, 0x1CC6, 0x398D, 0x4E73,
    0x5274, 0x4A11, 0x4A32, 0x5273, 0x56B5, 0x5EF7, 0x6739, 0x6F7B, 0x6B5A, 0x5EF7, 0x4610, 0x41CF, 0x2D29, 0x1884, 0x8000, 0x8000,
    0x0821, 0x0C42, 0x0841, 0x8000, 0x0821, 0x1063, 0x1063, 0x1884, 0x18A5, 0x1884, 0x2D4A, 0x3DCE, 0x2D6B, 0x0821, 0x8000, 0x8000,
    0x8000, 0x8000, 0x8000, 0x8000, 0x0005, 0x0005, 0x8000, 0x0004, 0x082C, 0x084D, 0x108A, 0x318B, 0x56B5, 0x5AD7, 0x6F7B, 0x73BD,
    0x6318, 0x316B, 0x2D29, 0x1CE7, 0x0447, 0x0429, 0x0428, 0x0002, 0x8000, 0x0C42, 0x0C42, 0x0400, 0x8000, 0x8000, 0x1484, 0x20C6,
    0x1063, 0x0C42, 0x0821, 0x8000, 0x8000, 0x8000, 0x0421, 0x0841, 0x0C42, 0x1063, 0x1063, 0x18A5, 0x2908, 0x20C6, 0x1CC5, 0x2D29,
    0x4E52, 0x316B, 0x18A5, 0x0C63, 0x8000, 0x0005, 0x0007, 0x0004, 0x0007, 0x084E, 0x084B, 0x8000, 0x8000, 0x8000, 0x8000, 0x8000,
    0x8000, 0x8000, 0x8000, 0x0427, 0x084F, 0x0429, 0x0007, 0x042A, 0x082D, 0x0008, 0x18A7, 0x41CE, 0x5694, 0x6319, 0x314A, 0x28E8,
    0x314A, 0x316B, 0x316B, 0x356C, 0x24E8, 0x1063, 0x0C42, 0x8000, 0x8000, 0x8000, 0x0821, 0x1CA5, 0x20E7, 0x1484, 0x1062, 0x20E7,
    0x4A11, 0x5ED6, 0x5273, 0x5AB5, 0x6318, 0x6B3A, 0x7BDE, 0x6739, 0x4A31, 0x4610, 0x314A, 0x20C6, 0x20C6, 0x20C6, 0x0842, 0x8000,
    0x0421, 0x0841, 0x8000, 0x0421, 0x0C42, 0x1062, 0x1483, 0x1CA5, 0x1CA5, 0x20E6, 0x20C6, 0x3DAE, 0x6739, 0x314A, 0x24E7, 0x1083,
    0x8000, 0x8000, 0x8000, 0x8000, 0x0002, 0x0428, 0x0004, 0x8000, 0x8000, 0x0426, 0x0009, 0x0CEE, 0x1D6E, 0x318C, 0x4E73, 0x6739,
    0x5294, 0x2929, 0x1084, 0x0445, 0x0006, 0x0001, 0x0002, 0x0001, 0x8000, 0x0421, 0x0400, 0x0821, 0x1484, 0x20C6, 0x20E6, 0x0C42,
    0x8000, 0x0C42, 0x0821, 0x8000, 0x8000, 0x8000, 0x8000, 0x0821, 0x0C42, 0x0C42, 0x1063, 0x18A5, 0x24E7, 0x24E8, 0x20E7, 0x20C6,
    0x4A31, 0x5273, 0x24E8, 0x1884, 0x0821, 0x0002, 0x0408, 0x0005, 0x0005, 0x0428, 0x084C, 0x0004, 0x8000, 0x8000, 0x8000, 0x8000,
    0x8000, 0x8000, 0x8000, 0x0427, 0x0C70, 0x0429, 0x0007, 0x0429, 0x042B, 0x1068, 0x2D49, 0x41EF, 0x6318, 0x4A52, 0x2908, 0x314A,
    0x316B, 0x316B, 0x316B, 0x316B, 0x356C, 0x24E7, 0x0C62, 0x0421, 0x8000, 0x8000, 0x8000, 0x0421, 0x1063, 0x24E7, 0x1CC5, 0x1483,
    0x18A4, 0x316B, 0x5EF7, 0x6F7B, 0x6B5A, 0x77BD, 0x6B5A, 0x4E73, 0x398D, 0x2D4A, 0x20C6, 0x1063, 0x1063, 0x1CC5, 0x1063, 0x8000,
    0x8000, 0x1063, 0x1063, 0x8000, 0x0C42, 0x1063, 0x1483, 0x1CC5, 0x1CC5, 0x20E6, 0x2909, 0x314A, 0x1CC6, 0x1083, 0x1CC6, 0x2D29,
    0x2D2A, 0x2D29, 0x1CC5, 0x0821, 0x0421, 0x0425, 0x0007, 0x0003, 0x0002, 0x8000, 0x0001, 0x08AB, 0x1192, 0x190B, 0x35AD, 0x4E73,
    0x358C, 0x18A6, 0x0888, 0x0003, 0x8000, 0x8000, 0x0003, 0x8000, 0x8000, 0x0421, 0x20E7, 0x2D2A, 0x2507, 0x1483, 0x0C42, 0x0420,
    0x0821, 0x1062, 0x0400, 0x8000, 0x8000, 0x8000, 0x8000, 0x0400, 0x0821, 0x0C42, 0x1063, 0x18A4, 0x1CC6, 0x2908, 0x2929, 0x314A,
    0x39AD, 0x6318, 0x4610, 0x2508, 0x1484, 0x0400, 0x0006, 0x0006, 0x0004, 0x0004, 0x042A, 0x042A, 0x8000, 0x8000, 0x8000, 0x8000,
    0x8000, 0x8000, 0x8000, 0x0428, 0x0C50, 0x042A, 0x0007, 0x0008, 0x0847, 0x1CC6, 0x356B, 0x4E52, 0x62F7, 0x314A, 0x2D29, 0x316B,
    0x356B, 0x314B, 0x316B, 0x314A, 0x39AD, 0x398D, 0x1484, 0x0C62, 0x0821, 0x8000, 0x8000, 0x8000, 0x8000, 0x0421, 0x20C6, 0x24E7,
    0x1484, 0x1063, 0x2929, 0x5694, 0x6F7C, 0x6318, 0x4611, 0x314B, 0x24E7, 0x1484, 0x1063, 0x0C42, 0x0C42, 0x1483, 0x1063, 0x8000,
    0x8000, 0x0421, 0x1884, 0x18A5, 0x0421, 0x0C62, 0x1484, 0x18A5, 0x20C6, 0x24E7, 0x358C, 0x18A5, 0x0400, 0x0821, 0x0C42, 0x1063,
    0x18A4, 0x18A5, 0x24E7, 0x2D29, 0x3DAD, 0x318B, 0x0003, 0x0006, 0x0004, 0x0001, 0x8000, 0x0005, 0x0D30, 0x1170, 0x18E8, 0x358C,
    0x1CC6, 0x0886, 0x0467, 0x8000, 0x8000, 0x0001, 0x0005, 0x8000, 0x0421, 0x358C, 0x3DAE, 0x1483, 0x0C42, 0x0821, 0x0421, 0x8000,
    0x0C42, 0x0C42, 0x8000, 0x0421, 0x8000, 0x8000, 0x8000, 0x8000, 0x0821, 0x0C42, 0x1062, 0x1063, 0x18A4, 0x24E7, 0x2D4A, 0x2508,
    0x1CA6, 0x18A5, 0x2508, 0x20C6, 0x1CA5, 0x0C42, 0x0003, 0x0007, 0x0004, 0x0003, 0x0028, 0x0429, 0x8000, 0x8000, 0x8000, 0x8000,
    0x8000, 0x8000, 0x8000, 0x0007, 0x0C4F, 0x042B, 0x0027, 0x0007, 0x1065, 0x2D49, 0x398C, 0x56B5, 0x4A32, 0x2D2A, 0x2D29, 0x314A,
    0x356B, 0x316B, 0x356B, 0x356B, 0x398C, 0x3DCE, 0x358C, 0x18A5, 0x1063, 0x0421, 0x8000, 0x8000, 0x8000, 0x8000, 0x8000, 0x1083,
    0x24E7, 0x1CC5, 0x1063, 0x18A4, 0x4E73, 0x5694, 0x2908, 0x1CC6, 0x1483, 0x0C42, 0x0C42, 0x0C63, 0x0C42, 0x1483, 0x1483, 0x8000,
    0x0400, 0x0841, 0x0842, 0x1884, 0x24E7, 0x0C42, 0x1063, 0x1CC5, 0x1CA5, 0x314A, 0x2929, 0x0C42, 0x0842, 0x0C42, 0x0C42, 0x1063,
    0x1063, 0x1063, 0x1483, 0x1484, 0x20C6, 0x358C, 0x18A4, 0x0004, 0x0428, 0x0003, 0x0001, 0x0001, 0x08EB, 0x1192, 0x112D, 0x10EA,
    0x0865, 0x04A8, 0x0023, 0x8000, 0x8000, 0x0003, 0x0003, 0x8000, 0x1484, 0x41EF, 0x18A4, 0x0821, 0x0821, 0x0841, 0x0421, 0x8000,
    0x1062, 0x0842, 0x8000, 0x0C42, 0x0821, 0x8000, 0x8000, 0x8000, 0x8000, 0x0C42, 0x0C42, 0x1484, 0x1CA5, 0x1484, 0x0842, 0x0821,
    0x0841, 0x0C42, 0x0841, 0x8000, 0x0821, 0x1063, 0x0400, 0x0007, 0x0005, 0x0002, 0x0006, 0x0428, 0x8000, 0x8000, 0x8000, 0x8000,
    0x8000, 0x8000, 0x8000, 0x0002, 0x084E, 0x084C, 0x0007, 0x0427, 0x1CC6, 0x314B, 0x4610, 0x62F8, 0x398C, 0x2D29, 0x314A, 0x316B,
    0x356B, 0x316B, 0x398C, 0x39AD, 0x398C, 0x3DCE, 0x4610, 0x358C, 0x1463, 0x1063, 0x0421, 0x8000, 0x8000, 0x8000, 0x8000, 0x8000,
    0x0C43, 0x24E7, 0x1484, 0x0C42, 0x2D4A, 0x3DCE, 0x18A4, 0x1063, 0x0C42, 0x0C42, 0x0C62, 0x1063, 0x0C42, 0x1483, 0x1484, 0x8000,
    0x0821, 0x0C62, 0x0841, 0x0421, 0x18A4, 0x18A5, 0x1062, 0x1063, 0x24E7, 0x314A, 0x1484, 0x0C42, 0x0C42, 0x0C42, 0x0C42, 0x0C62,
    0x1063, 0x1463, 0x1483, 0x18A4, 0x1483, 0x20E7, 0x356B, 0x0845, 0x0008, 0x0005, 0x0001, 0x8000, 0x0487, 0x114F, 0x0D0C, 0x08C9,
    0x0487, 0x0487, 0x8000, 0x8000, 0x8000, 0x0004, 0x0001, 0x8000, 0x2508, 0x314A, 0x0C42, 0x0842, 0x0821, 0x0821, 0x8000, 0x0821,
    0x0C62, 0x8000, 0x8000, 0x0400, 0x0C42, 0x8000, 0x8000, 0x8000, 0x8000, 0x0C41, 0x1063, 0x1063, 0x0842, 0x0421, 0x0821, 0x0C42,
    0x0400, 0x8000, 0x8000, 0x8000, 0x8000, 0x0421, 0x0841, 0x0426, 0x0005, 0x0002, 0x0005, 0x0428, 0x8000, 0x8000, 0x8000, 0x8000,
    0x8000, 0x8000, 0x8000, 0x8000, 0x084D, 0x084E, 0x0007, 0x1486, 0x2D29, 0x356B, 0x5694, 0x56B5, 0x2D29, 0x2D29, 0x316B, 0x356B,
    0x316B, 0x358C, 0x3DCE, 0x358C, 0x3DCE, 0x41CE, 0x41CE, 0x4A31, 0x3DAE, 0x1CA5, 0x1063, 0x0421, 0x8000, 0x8000, 0x8000, 0x8000,
    0x8000, 0x1063, 0x20E6, 0x1063, 0x1CC5, 0x314A, 0x18A4, 0x0C42, 0x1063, 0x0C62, 0x0C62, 0x1062, 0x0C42, 0x1483, 0x1063, 0x8000,
    0x0C42, 0x0C42, 0x1063, 0x18A4, 0x0841, 0x0427, 0x0C6C, 0x1485, 0x1063, 0x18A4, 0x0C42, 0x0C42, 0x0C42, 0x0C42, 0x0C42, 0x0C42,
    0x0C62, 0x1063, 0x1484, 0x1CA5, 0x1884, 0x1484, 0x314A, 0x1CC6, 0x0006, 0x0406, 0x0003, 0x8000, 0x0002, 0x0D0E, 0x0D2D, 0x08C9,
    0x0466, 0x0024, 0x8000, 0x0001, 0x0002, 0x0002, 0x8000, 0x1484, 0x39AD, 0x1884, 0x0842, 0x0841, 0x0841, 0x0821, 0x8000, 0x0C42,
    0x0821, 0x8000, 0x8000, 0x0821, 0x1884, 0x0821, 0x8000, 0x8000, 0x8000, 0x0821, 0x0C42, 0x8000, 0x8000, 0x0842, 0x0821, 0x8000,
    0x8000, 0x8000, 0x0C42, 0x0821, 0x8000, 0x8000, 0x8000, 0x0842, 0x0427, 0x0002, 0x0004, 0x0008, 0x0002, 0x8000, 0x8000, 0x8000,
    0x8000, 0x8000, 0x8000, 0x8000, 0x082B, 0x084E, 0x0426, 0x20C7, 0x314A, 0x39AD, 0x62F7, 0x3DCE, 0x2D29, 0x356B, 0x316B, 0x356B,
    0x356B, 0x398C, 0x356B, 0x3DAE, 0x3DCE, 0x3DCE, 0x3DCE, 0x3DCE, 0x5695, 0x41F0, 0x1CC6, 0x1062, 0x0821, 0x8000, 0x8000, 0x8000,
    0x8000, 0x8000, 0x1464, 0x1CC5, 0x1063, 0x2908, 0x1CC5, 0x0C42, 0x1063, 0x1062, 0x0C42, 0x0C42, 0x1063, 0x1484, 0x1063, 0x8000,
    0x1063, 0x1063, 0x1483, 0x1884, 0x0845, 0x0824, 0x0427, 0x0C6D, 0x18CE, 0x1063, 0x0821, 0x0C42, 0x0C42, 0x0C42, 0x0C62, 0x0C62,
    0x1062, 0x1063, 0x1483, 0x18A4, 0x18A4, 0x1083, 0x20E6, 0x2507, 0x0423, 0x0409, 0x0006, 0x8000, 0x8000, 0x08EA, 0x1170, 0x08C9,
    0x0465, 0x8000, 0x0001, 0x0007, 0x0005, 0x0002, 0x8000, 0x316B, 0x2929, 0x0C42, 0x0C42, 0x0821, 0x0421, 0x0421, 0x0821, 0x0C42,
    0x8000, 0x0420, 0x0824, 0x0002, 0x1063, 0x1063, 0x0400, 0x8000, 0x8000, 0x8000, 0x0400, 0x8000, 0x0400, 0x8000, 0x8000, 0x0821,
    0x1063, 0x1483, 0x20E7, 0x2D29, 0x18A5, 0x0C62, 0x8000, 0x8000, 0x0005, 0x0004, 0x0003, 0x0008, 0x0003, 0x8000, 0x8000, 0x8000,
    0x8000, 0x8000, 0x8000, 0x8000, 0x0003, 0x084D, 0x1485, 0x24E7, 0x314B, 0x4631, 0x5ED7, 0x398D, 0x314A, 0x356B, 0x356B, 0x3DAE,
    0x3DAD, 0x356B, 0x3DCE, 0x3DCE, 0x41CE, 0x39AD, 0x41EF, 0x4E52, 0x4E52, 0x5AD6, 0x4A31, 0x1884, 0x1063, 0x0421, 0x8000, 0x8000,
    0x8000, 0x8000, 0x0C42, 0x1CC5, 0x1062, 0x2908, 0x20E6, 0x0C42, 0x1063, 0x1062, 0x1063, 0x1063, 0x1063, 0x1484, 0x1063, 0x0421,
    0x1063, 0x1063, 0x1CC5, 0x0C43, 0x0C64, 0x1063, 0x0849, 0x0844, 0x0427, 0x084F, 0x250D, 0x24E6, 0x0842, 0x0C42, 0x0C42, 0x0C42,
    0x1062, 0x1063, 0x1063, 0x1063, 0x1484, 0x1884, 0x1063, 0x24E7, 0x1483, 0x0006, 0x0428, 0x8000, 0x8000, 0x0001, 0x114F, 0x0D0C,
    0x0024, 0x8000, 0x8000, 0x0005, 0x0428, 0x8000, 0x1483, 0x2D29, 0x1484, 0x0C62, 0x0C42, 0x0821, 0x0821, 0x0400, 0x0821, 0x8000,
    0x0421, 0x0C41, 0x0004, 0x0003, 0x0821, 0x1483, 0x0C42, 0x8000, 0x8000, 0x8000, 0x8000, 0x8000, 0x8000, 0x8000, 0x0421, 0x1483,
    0x18A5, 0x18A4, 0x1884, 0x2D4A, 0x398D, 0x20C6, 0x0C42, 0x8000, 0x0001, 0x0005, 0x0003, 0x0006, 0x0004, 0x8000, 0x8000, 0x8000,
    0x8000, 0x8000, 0x8000, 0x8000, 0x8000, 0x0844, 0x2908, 0x2D2A, 0x398D, 0x5694, 0x4E52, 0x314A, 0x314B, 0x356B, 0x398D, 0x356B,
    0x358C, 0x3DCE, 0x41EF, 0x39AD, 0x39AD, 0x4A31, 0x4610, 0x5273, 0x5294, 0x62F7, 0x6F7B, 0x39AD, 0x18A5, 0x0C63, 0x0400, 0x8000,
    0x8000, 0x8000, 0x8000, 0x1483, 0x1483, 0x20E7, 0x20E7, 0x0C42, 0x1063, 0x1063, 0x1063, 0x1063, 0x1063, 0x1463, 0x1063, 0x0C42,
    0x1063, 0x18A4, 0x1484, 0x0C62, 0x1065, 0x1CC8, 0x0C43, 0x18A5, 0x18A5, 0x0847, 0x0827, 0x14AE, 0x4233, 0x2D4B, 0x0C64, 0x0C42,
    0x1062, 0x0C62, 0x1063, 0x1063, 0x1484, 0x18A4, 0x1063, 0x1884, 0x20E6, 0x0822, 0x0001, 0x8000, 0x8000, 0x8000, 0x08EA, 0x0D2E,
    0x0022, 0x8000, 0x8000, 0x8000, 0x0001, 0x8000, 0x2508, 0x18A5, 0x0C42, 0x1063, 0x0C42, 0x0821, 0x0421, 0x8000, 0x8000, 0x0421,
    0x0C41, 0x0424, 0x0005, 0x0002, 0x0002, 0x0C42, 0x1483, 0x0421, 0x8000, 0x8000, 0x8000, 0x8000, 0x8000, 0x0400, 0x0841, 0x1063,
    0x18A4, 0x18A4, 0x1484, 0x1CC6, 0x398C, 0x314B, 0x1CA5, 0x0C62, 0x8000, 0x0004, 0x0003, 0x0005, 0x0005, 0x8000, 0x8000, 0x8000,
    0x8000, 0x8000, 0x8000, 0x8000, 0x0421, 0x20C6, 0x2908, 0x41EF, 0x4210, 0x4A52, 0x5ED7, 0x4610, 0x3DAD, 0x356B, 0x398C, 0x356B,
    0x3DCE, 0x41EF, 0x41EF, 0x41CE, 0x41CE, 0x41CF, 0x4E52, 0x5273, 0x5EF7, 0x739C, 0x5ED6, 0x39AD, 0x2D29, 0x1CA5, 0x0421, 0x8000,
    0x8000, 0x8000, 0x8000, 0x0C63, 0x18A5, 0x1CC6, 0x24E7, 0x1063, 0x1063, 0x1063, 0x1063, 0x1063, 0x1063, 0x1484, 0x1484, 0x1483,
    0x18A5, 0x1884, 0x0822, 0x0C63, 0x0C64, 0x108A, 0x1485, 0x24E6, 0x39AD, 0x1089, 0x0C43, 0x0845, 0x0C69, 0x108F, 0x1D13, 0x358E,
    0x24E9, 0x0843, 0x1062, 0x1062, 0x0821, 0x0C42, 0x1063, 0x1063, 0x20C6, 0x1063, 0x8000, 0x8000, 0x8000, 0x8000, 0x8000, 0x08C9,
    0x0022, 0x8000, 0x8000, 0x8000, 0x8000, 0x1063, 0x2908, 0x0C62, 0x0C42, 0x0C42, 0x0842, 0x0841, 0x0400, 0x8000, 0x0821, 0x1463,
    0x0825, 0x0007, 0x0422, 0x0421, 0x0004, 0x0401, 0x1063, 0x0C62, 0x8000, 0x8000, 0x8000, 0x8000, 0x8000, 0x0421, 0x0841, 0x0842,
    0x1484, 0x1CA5, 0x18A5, 0x1484, 0x2508, 0x3DCE, 0x2929, 0x18A4, 0x0821, 0x8000, 0x0002, 0x0004, 0x0006, 0x8000, 0x8000, 0x8000,
    0x8000, 0x8000, 0x8000, 0x8000, 0x1884, 0x20C6, 0x314A, 0x41EF, 0x1CC6, 0x1063, 0x24E7, 0x3DCE, 0x4A52, 0x41EF, 0x3DCE, 0x41CF,
    0x3DCE, 0x3DCE, 0x4610, 0x4A31, 0x4A31, 0x4A31, 0x5273, 0x5EF7, 0x6B5A, 0x5AB5, 0x2D4A, 0x18A5, 0x18A5, 0x20C6, 0x1063, 0x8000,
    0x8000, 0x8000, 0x8000, 0x1063, 0x1CC5, 0x1063, 0x24E7, 0x1884, 0x0C42, 0x1063, 0x1063, 0x1063, 0x1484, 0x18A4, 0x1063, 0x0421,
    0x1063, 0x1062, 0x0005, 0x0006, 0x1086, 0x0C44, 0x1CA4, 0x2D29, 0x250E, 0x1068, 0x3149, 0x2D29, 0x1CC7, 0x0006, 0x0425, 0x0849,
    0x0C6D, 0x14B1, 0x292E, 0x18C8, 0x18C5, 0x1083, 0x0C41, 0x0420, 0x1063, 0x18A5, 0x8000, 0x8000, 0x8000, 0x8000, 0x8000, 0x8000,
    0x8000, 0x8000, 0x8000, 0x8000, 0x0401, 0x20C6, 0x18A5, 0x0C42, 0x0C42, 0x0841, 0x0821, 0x8000, 0x8000, 0x0C41, 0x18A5, 0x0C46,
    0x0429, 0x0001, 0x0C43, 0x0C42, 0x0423, 0x0003, 0x1062, 0x1484, 0x0841, 0x8000, 0x8000, 0x8000, 0x0421, 0x0841, 0x0821, 0x0842,
    0x1063, 0x18A5, 0x20C6, 0x1CA5, 0x1CA5, 0x358C, 0x3DAD, 0x1CC5, 0x1063, 0x8000, 0x0002, 0x0005, 0x0006, 0x8000, 0x8000, 0x8000,
    0x8000, 0x8000, 0x8000, 0x0421, 0x1CA5, 0x316B, 0x2D29, 0x1062, 0x1063, 0x1063, 0x1CA5, 0x1884, 0x18A5, 0x316B, 0x4210, 0x4A31,
    0x4A32, 0x41CF, 0x3DAD, 0x4E52, 0x5273, 0x5694, 0x5AD6, 0x6F7B, 0x5694, 0x2908, 0x1884, 0x1063, 0x0C62, 0x18A4, 0x1484, 0x8000,
    0x8000, 0x8000, 0x8000, 0x0821, 0x18A5, 0x1483, 0x24E7, 0x18A5, 0x0C42, 0x1063, 0x1063, 0x18A5, 0x1483, 0x0821, 0x0421, 0x8000,
    0x0420, 0x8000, 0x0001, 0x0004, 0x042C, 0x0828, 0x1CA9, 0x292A, 0x0C69, 0x2508, 0x358C, 0x3DCD, 0x292F, 0x0825, 0x20C6, 0x1485,
    0x0424, 0x0826, 0x042C, 0x18D0, 0x4634, 0x3171, 0x14AB, 0x1086, 0x18A3, 0x1462, 0x8000, 0x8000, 0x8000, 0x8000, 0x8000, 0x8000,
    0x8000, 0x8000, 0x8000, 0x8000, 0x0821, 0x1484, 0x0400, 0x0400, 0x8000, 0x8000, 0x0421, 0x0C62, 0x1063, 0x1CCA, 0x1088, 0x0007,
    0x0002, 0x0823, 0x0845, 0x0824, 0x0422, 0x0004, 0x0421, 0x1483, 0x1463, 0x8000, 0x8000, 0x8000, 0x0421, 0x1063, 0x0C42, 0x0842,
    0x0C42, 0x1484, 0x1CA5, 0x24E7, 0x1CC5, 0x20C6, 0x41EF, 0x314A, 0x1CA5, 0x0C42, 0x8000, 0x0004, 0x0005, 0x8000, 0x8000, 0x8000,
    0x8000, 0x8000, 0x8000, 0x1063, 0x2908, 0x2908, 0x1063, 0x1484, 0x1483, 0x0821, 0x1063, 0x18A5, 0x18A4, 0x18A4, 0x1463, 0x316B,
    0x4610, 0x4E32, 0x4E52, 0x4A11, 0x5273, 0x6719, 0x739C, 0x5694, 0x2908, 0x1484, 0x1063, 0x1063, 0x1063, 0x1483, 0x18A5, 0x0C42,
    0x8000, 0x8000, 0x8000, 0x8000, 0x1484, 0x18A5, 0x20E7, 0x1CA5, 0x0C42, 0x1083, 0x1884, 0x1063, 0x8000, 0x0400, 0x0C42, 0x8000,
    0x0842, 0x0421, 0x8000, 0x8000, 0x0003, 0x0428, 0x0C6E, 0x148D, 0x106A, 0x3169, 0x39AC, 0x3172, 0x084A, 0x1CA5, 0x2D29, 0x398D,
    0x294E, 0x2928, 0x1CC7, 0x0845, 0x042C, 0x044B, 0x0C91, 0x1CF1, 0x250D, 0x14AC, 0x18CA, 0x18C5, 0x1062, 0x0840, 0x0420, 0x8000,
    0x0821, 0x20E8, 0x1CE7, 0x1CE7, 0x20E7, 0x20E7, 0x18A5, 0x1484, 0x1484, 0x1063, 0x0C41, 0x1CC9, 0x18AA, 0x042A, 0x0005, 0x0421,
    0x0825, 0x0429, 0x0820, 0x0426, 0x0842, 0x0002, 0x0003, 0x1064, 0x1062, 0x8000, 0x8000, 0x8000, 0x0420, 0x1063, 0x1063, 0x0841,
    0x0C42, 0x1484, 0x18A4, 0x20E7, 0x2508, 0x1CA5, 0x398C, 0x41CF, 0x2908, 0x1483, 0x8000, 0x0004, 0x0005, 0x8000, 0x8000, 0x8000,
    0x8000, 0x8000, 0x8000, 0x1CC6, 0x24E7, 0x1063, 0x1884, 0x1063, 0x8000, 0x8000, 0x8000, 0x8000, 0x0841, 0x1484, 0x18A4, 0x18A4,
    0x1484, 0x2508, 0x4210, 0x6318, 0x6B5A, 0x6B5A, 0x5694, 0x24E7, 0x1063, 0x1063, 0x1063, 0x1063, 0x1063, 0x1063, 0x18A5, 0x1483,
    0x8000, 0x8000, 0x8000, 0x8000, 0x1484, 0x1CA5, 0x20E7, 0x18A5, 0x1483, 0x1484, 0x0842, 0x8000, 0x0421, 0x0821, 0x0421, 0x0001,
    0x0C43, 0x1483, 0x0421, 0x8000, 0x8000, 0x8000, 0x0004, 0x042D, 0x108F, 0x20F0, 0x250A, 0x084C, 0x0424, 0x2908, 0x2909, 0x292D,
    0x318C, 0x41EF, 0x45EE, 0x358F, 0x0C6C, 0x0C41, 0x0C44, 0x0426, 0x042A, 0x084D, 0x14AE, 0x20EC, 0x1CEF, 0x18AE, 0x18AE, 0x084B,
    0x20E8, 0x6318, 0x3DCE, 0x39AD, 0x316B, 0x2929, 0x2908, 0x24E7, 0x24E7, 0x24E6, 0x0843, 0x0009, 0x0004, 0x0423, 0x0428, 0x1062,
    0x1485, 0x0005, 0x0C43, 0x0C65, 0x0422, 0x0003, 0x0005, 0x0421, 0x8000, 0x0002, 0x0001, 0x8000, 0x0421, 0x0C62, 0x1484, 0x1063,
    0x0C42, 0x1063, 0x1484, 0x20C6, 0x314A, 0x20E7, 0x2508, 0x4A32, 0x314A, 0x1484, 0x0841, 0x0002, 0x0005, 0x8000, 0x8000, 0x8000,
    0x8000, 0x8000, 0x8000, 0x18A5, 0x1484, 0x1483, 0x0821, 0x8000, 0x8000, 0x8000, 0x8000, 0x8000, 0x8000, 0x8000, 0x0821, 0x0C42,
    0x18A5, 0x1484, 0x1484, 0x358C, 0x6318, 0x4E52, 0x20C7, 0x1063, 0x1063, 0x1063, 0x1063, 0x1063, 0x1063, 0x1063, 0x1083, 0x18A5,
    0x0841, 0x8000, 0x8000, 0x8000, 0x1484, 0x1CC5, 0x20E7, 0x24E7, 0x1483, 0x0400, 0x8000, 0x0821, 0x0C42, 0x0821, 0x0001, 0x0004,
    0x0001, 0x18A4, 0x1884, 0x0821, 0x8000, 0x8000, 0x8000, 0x0001, 0x0407, 0x084D, 0x106E, 0x0C6E, 0x1486, 0x2908, 0x2D29, 0x4213,
    0x358D, 0x41EF, 0x3DCF, 0x2111, 0x0847, 0x24E7, 0x2D29, 0x24E7, 0x18A4, 0x0846, 0x084A, 0x0825, 0x0849, 0x0449, 0x084C, 0x084F,
    0x1088, 0x4E52, 0x2908, 0x20C6, 0x1CA5, 0x18A4, 0x1884, 0x1063, 0x1063, 0x1CA5, 0x1066, 0x0003, 0x1062, 0x1486, 0x0C4C, 0x0843,
    0x1482, 0x0845, 0x0426, 0x0C41, 0x0003, 0x0007, 0x0002, 0x8000, 0x0001, 0x0002, 0x0002, 0x8000, 0x8000, 0x0821, 0x1063, 0x1484,
    0x0C42, 0x0C62, 0x1484, 0x18A5, 0x2908, 0x2908, 0x2908, 0x41EF, 0x5294, 0x2D29, 0x1063, 0x0001, 0x0003, 0x8000, 0x8000, 0x8000,
    0x8000, 0x8000, 0x8000, 0x0C62, 0x1483, 0x0400, 0x8000, 0x8000, 0x8000, 0x8000, 0x0001, 0x8000, 0x8000, 0x8000, 0x8000, 0x8000,
    0x0401, 0x1484, 0x1CC5, 0x1463, 0x1484, 0x314A, 0x20C6, 0x1063, 0x1063, 0x1063, 0x1063, 0x1063, 0x1063, 0x1063, 0x1063, 0x1CA5,
    0x1063, 0x8000, 0x8000, 0x8000, 0x1083, 0x20C6, 0x24E7, 0x18A5, 0x8000, 0x8000, 0x0421, 0x0C41, 0x0421, 0x0002, 0x0005, 0x0006,
    0x0003, 0x0842, 0x20C6, 0x18A4, 0x1484, 0x1063, 0x0421, 0x8000, 0x8000, 0x0001, 0x0407, 0x084E, 0x18D2, 0x1889, 0x2D4D, 0x316C,
    0x3DCE, 0x4610, 0x3DD0, 0x0C70, 0x0C45, 0x3149, 0x314A, 0x314A, 0x2908, 0x250E, 0x39AF, 0x20C5, 0x1CA4, 0x1483, 0x0C41, 0x084A,
    0x0449, 0x3DEF, 0x24E7, 0x24E7, 0x24E7, 0x20C6, 0x1CC6, 0x1CC6, 0x18A5, 0x1CC5, 0x0C68, 0x0403, 0x1884, 0x18A5, 0x1486, 0x0425,
    0x1483, 0x1067, 0x0005, 0x0420, 0x0426, 0x0004, 0x8000, 0x8000, 0x0001, 0x0003, 0x0003, 0x0001, 0x8000, 0x0421, 0x0C42, 0x18A4,
    0x1063, 0x0C42, 0x1484, 0x18A4, 0x2909, 0x314A, 0x316A, 0x39CE, 0x5EF7, 0x398C, 0x18A5, 0x0822, 0x0002, 0x8000, 0x8000, 0x8000,
    0x8000, 0x8000, 0x8000, 0x1063, 0x0C42, 0x8000, 0x8000, 0x8000, 0x8000, 0x0004, 0x0429, 0x0004, 0x8000, 0x8000, 0x8000, 0x8000,
    0x8000, 0x8000, 0x0421, 0x1484, 0x1062, 0x1CC5, 0x314A, 0x1483, 0x1063, 0x1063, 0x0C62, 0x1063, 0x1063, 0x1063, 0x1063, 0x1483,
    0x18A5, 0x0821, 0x8000, 0x8000, 0x1063, 0x20C6, 0x0C63, 0x8000, 0x8000, 0x8000, 0x0420, 0x0001, 0x0003, 0x0006, 0x0007, 0x0429,
    0x0428, 0x0001, 0x1484, 0x1CC6, 0x18A4, 0x24E7, 0x2929, 0x1484, 0x0821, 0x8000, 0x8000, 0x0001, 0x0004, 0x042A, 0x0C70, 0x0C68,
    0x316F, 0x3DCD, 0x398D, 0x084C, 0x1486, 0x356B, 0x2D29, 0x2928, 0x2D29, 0x18CD, 0x20C7, 0x2908, 0x20E7, 0x1CC6, 0x1CC4, 0x148F,
    0x084B, 0x3DCE, 0x2D29, 0x24E7, 0x24E7, 0x20E7, 0x1CA5, 0x18A5, 0x18A5, 0x1CC4, 0x0C6B, 0x0004, 0x1483, 0x18A4, 0x1485, 0x0428,
    0x0C42, 0x1064, 0x0422, 0x0423, 0x0006, 0x8000, 0x8000, 0x8000, 0x0001, 0x0003, 0x0003, 0x0002, 0x8000, 0x8000, 0x0841, 0x1484,
    0x1484, 0x0C62, 0x1484, 0x20E7, 0x20E7, 0x18A4, 0x1063, 0x0842, 0x0821, 0x0C42, 0x1CA5, 0x1063, 0x8000, 0x8000, 0x8000, 0x8000,
    0x8000, 0x8000, 0x8000, 0x0C62, 0x0C62, 0x8000, 0x8000, 0x8000, 0x0003, 0x084C, 0x082C, 0x0005, 0x0003, 0x0001, 0x8000, 0x8000,
    0x8000, 0x8000, 0x8000, 0x8000, 0x1063, 0x1484, 0x24E8, 0x24E7, 0x0C42, 0x1063, 0x1063, 0x1063, 0x1063, 0x1063, 0x1063, 0x1463,
    0x1CC5, 0x0C42, 0x0400, 0x0421, 0x0821, 0x0421, 0x8000, 0x8000, 0x8000, 0x8000, 0x0003, 0x0005, 0x0006, 0x0006, 0x0428, 0x082D,
    0x042B, 0x0002, 0x0400, 0x2908, 0x1CC5, 0x1CC5, 0x3DCE, 0x398C, 0x20E7, 0x1063, 0x0421, 0x8000, 0x8000, 0x0001, 0x0004, 0x0429,
    0x082C, 0x1CCB, 0x210D, 0x0827, 0x2908, 0x316B, 0x2D29, 0x2908, 0x2D28, 0x210E, 0x1486, 0x2907, 0x20E7, 0x20C6, 0x20C5, 0x14AE,
    0x084C, 0x356C, 0x2D29, 0x24E7, 0x24E7, 0x24E7, 0x1CC5, 0x18A4, 0x18A5, 0x18A4, 0x18AA, 0x0424, 0x1063, 0x18A4, 0x1486, 0x084A,
    0x0822, 0x1483, 0x0422, 0x0005, 0x0002, 0x8000, 0x0421, 0x0421, 0x0001, 0x0002, 0x0003, 0x0003, 0x0001, 0x8000, 0x0421, 0x1063,
    0x1884, 0x1484, 0x1CC6, 0x18A5, 0x0821, 0x0821, 0x0821, 0x8000, 0x8000, 0x0821, 0x0C42, 0x1063, 0x0400, 0x8000, 0x8000, 0x8000,
    0x8000, 0x8000, 0x8000, 0x0420, 0x1063, 0x8000, 0x8000, 0x8000, 0x0429, 0x0C71, 0x0428, 0x0003, 0x0004, 0x0005, 0x0002, 0x8000,
    0x8000, 0x8000, 0x8000, 0x8000, 0x0400, 0x0C42, 0x18A5, 0x2908, 0x1484, 0x1063, 0x1484, 0x1483, 0x1063, 0x1483, 0x1483, 0x1483,
    0x1484, 0x1463, 0x0420, 0x0821, 0x0421, 0x8000, 0x8000, 0x8000, 0x8000, 0x0004, 0x0407, 0x0005, 0x0006, 0x042B, 0x042B, 0x0428,
    0x042A, 0x0005, 0x8000, 0x1484, 0x2508, 0x18A5, 0x20C6, 0x3DCE, 0x4E52, 0x2D29, 0x0C42, 0x0821, 0x0421, 0x8000, 0x8000, 0x0001,
    0x0004, 0x042A, 0x0C70, 0x0847, 0x314A, 0x314A, 0x2D29, 0x2908, 0x18C9, 0x2D6D, 0x20E7, 0x24E7, 0x20E6, 0x1CC6, 0x1CC5, 0x1CCA,
    0x0C4C, 0x1CC7, 0x39AD, 0x24E7, 0x24E7, 0x24E7, 0x24E7, 0x1CC6, 0x18A5, 0x18A4, 0x1CC5, 0x0825, 0x0422, 0x18A4, 0x1885, 0x0847,
    0x0423, 0x1062, 0x0427, 0x0004, 0x8000, 0x8000, 0x0400, 0x0841, 0x8000, 0x0002, 0x0003, 0x0003, 0x0001, 0x8000, 0x8000, 0x0842,
    0x1483, 0x1CC5, 0x1483, 0x0421, 0x0421, 0x8000, 0x8000, 0x8000, 0x8000, 0x8000, 0x0C42, 0x0C42, 0x0C62, 0x8000, 0x8000, 0x8000,
    0x8000, 0x8000, 0x8000, 0x8000, 0x1063, 0x8000, 0x8000, 0x0002, 0x084D, 0x0C72, 0x0427, 0x0002, 0x0005, 0x0006, 0x0004, 0x0003,
    0x8000, 0x8000, 0x8000, 0x8000, 0x8000, 0x0421, 0x1483, 0x20E7, 0x24E7, 0x0C42, 0x18A4, 0x1884, 0x1483, 0x1483, 0x1484, 0x1484,
    0x1484, 0x1CC5, 0x0821, 0x0400, 0x0821, 0x8000, 0x8000, 0x8000, 0x0007, 0x0428, 0x0004, 0x0006, 0x042B, 0x082C, 0x042A, 0x0429,
    0x0007, 0x0005, 0x0001, 0x0400, 0x2909, 0x20E7, 0x1CA5, 0x2908, 0x3DCE, 0x4A52, 0x316B, 0x1CC6, 0x1063, 0x0C42, 0x0401, 0x8000,
    0x8000, 0x0001, 0x0006, 0x14B0, 0x2D4D, 0x20E7, 0x2D29, 0x2907, 0x14AD, 0x1CAB, 0x2907, 0x24E7, 0x20C6, 0x20C6, 0x20C6, 0x1CA5,
    0x0C4D, 0x14A7, 0x41EE, 0x20C6, 0x24E7, 0x24E7, 0x20E7, 0x20C6, 0x18A5, 0x18A5, 0x18A4, 0x0827, 0x0001, 0x1884, 0x1883, 0x1064,
    0x0005, 0x0405, 0x0007, 0x8000, 0x8000, 0x0421, 0x0400, 0x0C42, 0x8000, 0x0002, 0x0002, 0x0002, 0x0003, 0x0001, 0x8000, 0x0421,
    0x1063, 0x1884, 0x0821, 0x0400, 0x8000, 0x8000, 0x8000, 0x8000, 0x8000, 0x8000, 0x0821, 0x0C42, 0x1062, 0x8000, 0x8000, 0x8000,
    0x8000, 0x8000, 0x8000, 0x8000, 0x1062, 0x0C42, 0x8000, 0x0005, 0x0C4F, 0x0C70, 0x0006, 0x0005, 0x0008, 0x0006, 0x0007, 0x0005,
    0x0002, 0x8000, 0x8000, 0x8000, 0x8000, 0x0400, 0x1063, 0x20E7, 0x20E7, 0x1063, 0x18A4, 0x1484, 0x18A4, 0x18A4, 0x1884, 0x18A4,
    0x20C6, 0x20C6, 0x0841, 0x8000, 0x0841, 0x0400, 0x0002, 0x0008, 0x0008, 0x0005, 0x0006, 0x042A, 0x082C, 0x042A, 0x0429, 0x0429,
    0x042A, 0x0003, 0x8000, 0x8000, 0x1484, 0x2909, 0x20C6, 0x24E6, 0x24E7, 0x356C, 0x5274, 0x4610, 0x314B, 0x24E7, 0x1484, 0x1063,
    0x0421, 0x8000, 0x0001, 0x0427, 0x084E, 0x2D72, 0x358C, 0x1885, 0x3DD0, 0x210A, 0x20C6, 0x24E7, 0x20E6, 0x20C6, 0x20C6, 0x18A6,
    0x084E, 0x1088, 0x41EF, 0x24E7, 0x24E7, 0x24E7, 0x20E7, 0x1CC5, 0x1CA5, 0x18A4, 0x1CA5, 0x0826, 0x0001, 0x1483, 0x1463, 0x0824,
    0x042B, 0x0007, 0x0001, 0x0420, 0x0841, 0x0821, 0x0821, 0x0C62, 0x8000, 0x0001, 0x0003, 0x0003, 0x0003, 0x0003, 0x0001, 0x8000,
    0x1063, 0x0C42, 0x0421, 0x8000, 0x8000, 0x8000, 0x8000, 0x8000, 0x8000, 0x8000, 0x8000, 0x0C42, 0x1083, 0x0421, 0x8000, 0x8000,
    0x8000, 0x8000, 0x8000, 0x8000, 0x0400, 0x1483, 0x8000, 0x0429, 0x1094, 0x084B, 0x0006, 0x0428, 0x0427, 0x0428, 0x0006, 0x0005,
    0x0005, 0x0002, 0x8000, 0x8000, 0x8000, 0x8000, 0x0C42, 0x18A4, 0x20E7, 0x1CC5, 0x1063, 0x18A4, 0x1484, 0x18A4, 0x18A5, 0x1CC6,
    0x1CA5, 0x0C42, 0x0841, 0x0821, 0x0821, 0x0002, 0x0427, 0x0007, 0x0005, 0x0006, 0x042A, 0x0429, 0x0429, 0x042A, 0x042A, 0x0408,
    0x0005, 0x0001, 0x8000, 0x8000, 0x0821, 0x314A, 0x2908, 0x1CC5, 0x20C6, 0x24E7, 0x314A, 0x4A31, 0x5AB5, 0x3DAE, 0x398C, 0x2908,
    0x18A4, 0x0C42, 0x0421, 0x8000, 0x0005, 0x0428, 0x084A, 0x0C6F, 0x4A57, 0x39B0, 0x0C48, 0x20C6, 0x1CC5, 0x1CC5, 0x20C5, 0x18A4,
    0x0C4D, 0x1088, 0x4610, 0x20C6, 0x20C6, 0x24E7, 0x20E6, 0x1CA5, 0x1CC5, 0x1484, 0x1483, 0x0829, 0x0003, 0x0842, 0x0C44, 0x0429,
    0x0427, 0x0002, 0x0400, 0x0821, 0x0841, 0x0C42, 0x0C42, 0x0421, 0x8000, 0x8000, 0x0003, 0x0004, 0x0003, 0x0004, 0x0002, 0x8000,
    0x0C42, 0x0821, 0x8000, 0x8000, 0x8000, 0x8000, 0x8000, 0x8000, 0x8000, 0x8000, 0x8000, 0x0841, 0x1063, 0x0C42, 0x8000, 0x8000,
    0x8000, 0x8000, 0x8000, 0x8000, 0x8000, 0x1063, 0x0841, 0x084B, 0x2978, 0x108C, 0x0005, 0x0006, 0x0408, 0x0429, 0x0407, 0x0006,
    0x0005, 0x0004, 0x0002, 0x8000, 0x8000, 0x8000, 0x0421, 0x1062, 0x2929, 0x24E7, 0x1063, 0x1484, 0x18A4, 0x18A4, 0x20E7, 0x1884,
    0x0821, 0x0421, 0x0421, 0x0C42, 0x0422, 0x0007, 0x0005, 0x0005, 0x0007, 0x0428, 0x0408, 0x0008, 0x042A, 0x0429, 0x0007, 0x0005,
    0x0001, 0x0421, 0x0400, 0x0424, 0x0423, 0x1063, 0x20E7, 0x2929, 0x24E7, 0x20C6, 0x20C6, 0x2508, 0x398C, 0x56B5, 0x4E73, 0x41EF,
    0x398C, 0x20E7, 0x1063, 0x0C41, 0x8000, 0x8000, 0x0001, 0x0005, 0x0847, 0x042B, 0x2953, 0x3DF3, 0x20EB, 0x1CA6, 0x1485, 0x1488,
    0x042A, 0x1089, 0x56B5, 0x24E7, 0x1CC5, 0x20C6, 0x24E8, 0x20C7, 0x18A5, 0x1884, 0x1484, 0x0C6B, 0x0004, 0x082A, 0x0429, 0x0004,
    0x8000, 0x8000, 0x0841, 0x0C42, 0x0C42, 0x0C62, 0x8000, 0x0842, 0x1063, 0x0C42, 0x0001, 0x0003, 0x0004, 0x0004, 0x0003, 0x8000,
    0x8000, 0x8000, 0x8000, 0x8000, 0x8000, 0x8000, 0x8000, 0x0001, 0x0004, 0x8000, 0x8000, 0x8000, 0x1063, 0x0C42, 0x8000, 0x8000,
    0x8000, 0x8000, 0x8000, 0x8000, 0x8000, 0x0421, 0x0841, 0x14CE, 0x56DA, 0x2552, 0x042B, 0x0006, 0x0006, 0x0429, 0x042A, 0x0408,
    0x0005, 0x0005, 0x0003, 0x0001, 0x8000, 0x8000, 0x8000, 0x1063, 0x1CC5, 0x24E7, 0x1CA5, 0x1083, 0x18A4, 0x20C6, 0x1484, 0x0400,
    0x0821, 0x0841, 0x0C42, 0x0841, 0x0005, 0x0006, 0x0005, 0x0007, 0x0006, 0x0429, 0x0008, 0x0008, 0x0429, 0x0007, 0x0004, 0x0822,
    0x24E7, 0x314A, 0x2D4A, 0x2908, 0x314A, 0x20C7, 0x0823, 0x1CC6, 0x2D28, 0x24E7, 0x20E6, 0x1CC5, 0x2908, 0x3DCE, 0x4E52, 0x4E73,
    0x314A, 0x1CC5, 0x1083, 0x0822, 0x0422, 0x8000, 0x8000, 0x8000, 0x8000, 0x0001, 0x0424, 0x0846, 0x084A, 0x1070, 0x1090, 0x0C6E,
    0x042A, 0x1087, 0x631A, 0x4211, 0x20EA, 0x18A9, 0x108B, 0x084A, 0x0428, 0x0C46, 0x0848, 0x084C, 0x0004, 0x0005, 0x0002, 0x8000,
    0x0420, 0x0C41, 0x1063, 0x1063, 0x1063, 0x0421, 0x0400, 0x1CA5, 0x0C42, 0x1062, 0x1483, 0x0001, 0x0004, 0x0005, 0x0004, 0x0002,
    0x8000, 0x0001, 0x0003, 0x8000, 0x8000, 0x8000, 0x8000, 0x0003, 0x0005, 0x8000, 0x8000, 0x0C42, 0x1063, 0x8000, 0x8000, 0x8000,
    0x8000, 0x8000, 0x8000, 0x8000, 0x8000, 0x0002, 0x0426, 0x084B, 0x042A, 0x0005, 0x084D, 0x084D, 0x0429, 0x0428, 0x0429, 0x0008,
    0x0007, 0x0006, 0x0005, 0x0003, 0x8000, 0x8000, 0x8000, 0x0C42, 0x18A4, 0x2929, 0x1CC6, 0x1083, 0x1CA5, 0x1884, 0x0421, 0x0821,
    0x0821, 0x0420, 0x0C41, 0x0423, 0x0006, 0x0005, 0x0008, 0x0007, 0x0428, 0x0429, 0x0429, 0x0008, 0x0007, 0x0004, 0x0001, 0x20C6,
    0x20E7, 0x0841, 0x316B, 0x316B, 0x2D4A, 0x41EF, 0x1CC6, 0x0405, 0x1486, 0x2508, 0x24E7, 0x20C6, 0x24E7, 0x2907, 0x18A4, 0x1483,
    0x0844, 0x0403, 0x0002, 0x0425, 0x0C48, 0x1489, 0x0C67, 0x1087, 0x1483, 0x0C42, 0x8000, 0x8000, 0x0001, 0x0002, 0x0003, 0x0003,
    0x0004, 0x0002, 0x0429, 0x0427, 0x0005, 0x0006, 0x0006, 0x0005, 0x0005, 0x0004, 0x0003, 0x0002, 0x8000, 0x8000, 0x8000, 0x8000,
    0x0421, 0x0C63, 0x1483, 0x1484, 0x1063, 0x8000, 0x0842, 0x1CC6, 0x0C42, 0x1CA5, 0x0C42, 0x0842, 0x0002, 0x0006, 0x0007, 0x0005,
    0x8000, 0x0001, 0x0005, 0x0002, 0x8000, 0x8000, 0x0003, 0x0004, 0x0007, 0x0001, 0x8000, 0x1463, 0x1063, 0x8000, 0x8000, 0x8000,
    0x8000, 0x8000, 0x8000, 0x8000, 0x8000, 0x0405, 0x042A, 0x0407, 0x0429, 0x0005, 0x0004, 0x0427, 0x084E, 0x042C, 0x0429, 0x0408,
    0x0408, 0x0006, 0x0007, 0x0004, 0x0001, 0x8000, 0x8000, 0x0420, 0x1483, 0x1CC6, 0x18A5, 0x18A4, 0x18A5, 0x0420, 0x0421, 0x0842,
    0x8000, 0x0C42, 0x0842, 0x0005, 0x0006, 0x0006, 0x0007, 0x0428, 0x042A, 0x0429, 0x0429, 0x0408, 0x0006, 0x0002, 0x1063, 0x18A5,
    0x0400, 0x0C62, 0x0C42, 0x4210, 0x2D4A, 0x316B, 0x356B, 0x0824, 0x042A, 0x0C45, 0x20E6, 0x24E7, 0x1CA5, 0x0C44, 0x0002, 0x0002,
    0x0848, 0x14AD, 0x18CB, 0x39AD, 0x39AD, 0x3DCE, 0x398C, 0x2D29, 0x20E6, 0x1CA5, 0x1484, 0x0C62, 0x0841, 0x0821, 0x0821, 0x0420,
    0x8000, 0x8000, 0x8000, 0x8000, 0x8000, 0x8000, 0x8000, 0x8000, 0x8000, 0x8000, 0x8000, 0x8000, 0x8000, 0x0421, 0x0C42, 0x0402,
    0x0401, 0x0001, 0x0421, 0x1062, 0x0821, 0x8000, 0x0C42, 0x20E6, 0x0C42, 0x20E7, 0x0421, 0x0C42, 0x0001, 0x0006, 0x0007, 0x0006,
    0x0004, 0x0001, 0x0006, 0x0005, 0x8000, 0x0002, 0x0004, 0x0004, 0x0428, 0x0005, 0x0421, 0x18A4, 0x0421, 0x8000, 0x8000, 0x8000,
    0x8000, 0x8000, 0x8000, 0x8000, 0x0001, 0x0C70, 0x0427, 0x0426, 0x0427, 0x0002, 0x0006, 0x0004, 0x0007, 0x084F, 0x042C, 0x0408,
    0x0408, 0x0007, 0x0429, 0x0004, 0x8000, 0x8000, 0x8000, 0x8000, 0x1063, 0x1484, 0x2508, 0x1CA5, 0x0400, 0x0420, 0x0C42, 0x8000,
    0x8000, 0x1062, 0x0423, 0x0006, 0x0004, 0x0006, 0x0429, 0x0428, 0x0429, 0x0429, 0x0428, 0x0005, 0x0004, 0x0423, 0x20C6, 0x0842,
    0x1063, 0x2507, 0x0842, 0x2508, 0x3DAD, 0x18A5, 0x2D4A, 0x1484, 0x0409, 0x042A, 0x0824, 0x18A5, 0x0843, 0x210F, 0x2531, 0x20EE,
    0x2D4A, 0x3DCD, 0x4610, 0x6B5A, 0x5AD6, 0x356C, 0x314A, 0x2909, 0x2908, 0x24E8, 0x20E7, 0x1CC5, 0x18A5, 0x1484, 0x1484, 0x1483,
    0x1063, 0x0C42, 0x0C42, 0x0842, 0x0842, 0x0C42, 0x0C42, 0x0C42, 0x0C42, 0x0C42, 0x0C42, 0x0C42, 0x0C42, 0x0842, 0x0C42, 0x0C42,
    0x1063, 0x0842, 0x0402, 0x0823, 0x8000, 0x8000, 0x0421, 0x1484, 0x0C42, 0x1463, 0x0421, 0x0C42, 0x0001, 0x0004, 0x0007, 0x0007,
    0x0006, 0x0003, 0x0004, 0x0005, 0x8000, 0x0002, 0x0004, 0x0005, 0x0007, 0x0007, 0x0822, 0x1CA5, 0x8000, 0x8000, 0x8000, 0x8000,
    0x8000, 0x8000, 0x8000, 0x8000, 0x0002, 0x1071, 0x0004, 0x0006, 0x0429, 0x0043, 0x0003, 0x0004, 0x0004, 0x0407, 0x0C4F, 0x0008,
    0x0408, 0x0429, 0x0007, 0x0001, 0x8000, 0x8000, 0x8000, 0x8000, 0x1484, 0x18A4, 0x2D29, 0x0C63, 0x8000, 0x0842, 0x0420, 0x8000,
    0x0C42, 0x0C42, 0x0004, 0x0006, 0x0008, 0x0006, 0x0428, 0x0429, 0x0428, 0x0007, 0x0408, 0x0005, 0x0004, 0x0423, 0x20C6, 0x0C42,
    0x18A5, 0x2909, 0x1062, 0x1CC6, 0x356B, 0x1484, 0x24E7, 0x1483, 0x0005, 0x042B, 0x0428, 0x0403, 0x0006, 0x5294, 0x5AD5, 0x39AD,
    0x314A, 0x2D29, 0x314A, 0x41EF, 0x6318, 0x5AB5, 0x3DCE, 0x39AD, 0x356C, 0x2D4A, 0x2D29, 0x2908, 0x24E7, 0x20C6, 0x1CC5, 0x1CA5,
    0x1484, 0x1483, 0x1484, 0x1484, 0x1483, 0x1483, 0x1483, 0x1063, 0x1063, 0x1063, 0x1063, 0x0C42, 0x1063, 0x0C42, 0x1063, 0x1063,
    0x1063, 0x1063, 0x0C62, 0x0827, 0x0001, 0x8000, 0x8000, 0x0C62, 0x0C42, 0x0C42, 0x0C42, 0x0841, 0x0001, 0x0003, 0x0006, 0x0428,
    0x0008, 0x0005, 0x0005, 0x0004, 0x8000, 0x0003, 0x0005, 0x0005, 0x042A, 0x084C, 0x0425, 0x0842, 0x8000, 0x8000, 0x8000, 0x8000,
    0x8000, 0x8000, 0x8000, 0x8000, 0x0001, 0x084D, 0x084C, 0x0001, 0x08CB, 0x15D5, 0x08C9, 0x8000, 0x0005, 0x0003, 0x042B, 0x042C,
    0x0408, 0x0008, 0x0004, 0x8000, 0x8000, 0x0420, 0x0420, 0x8000, 0x1484, 0x18A5, 0x1884, 0x0821, 0x0841, 0x8000, 0x8000, 0x0420,
    0x1062, 0x0002, 0x0005, 0x0007, 0x0007, 0x0408, 0x0428, 0x0428, 0x0407, 0x0007, 0x0006, 0x0005, 0x0005, 0x0002, 0x1063, 0x1CC6,
    0x18A4, 0x1083, 0x1063, 0x2929, 0x20C6, 0x0421, 0x1CC5, 0x1063, 0x0007, 0x042B, 0x042A, 0x0006, 0x0003, 0x1CC6, 0x5273, 0x314A,
    0x2D4A, 0x398D, 0x3DCE, 0x4611, 0x5AB5, 0x6B5A, 0x5AD6, 0x4610, 0x3DCE, 0x39AD, 0x39AD, 0x398C, 0x316B, 0x2D29, 0x2D29, 0x2908,
    0x20C6, 0x1CC6, 0x1CC5, 0x1CC5, 0x1CC5, 0x1CC5, 0x1CC5, 0x1CA5, 0x18A4, 0x18A4, 0x1484, 0x1884, 0x1484, 0x1063, 0x1063, 0x1063,
    0x1463, 0x1483, 0x0C41, 0x0425, 0x0401, 0x0C42, 0x0001, 0x0420, 0x0821, 0x0821, 0x1063, 0x0420, 0x0001, 0x0004, 0x0005, 0x0006,
    0x0408, 0x0008, 0x0007, 0x0004, 0x8000, 0x0003, 0x0006, 0x0008, 0x084E, 0x0428, 0x0005, 0x0002, 0x8000, 0x8000, 0x8000, 0x8000,
    0x8000, 0x8000, 0x8000, 0x8000, 0x8000, 0x0004, 0x084B, 0x0066, 0x3256, 0x32BB, 0x0D2E, 0x0466, 0x0002, 0x0004, 0x0005, 0x0C4F,
    0x0428, 0x0005, 0x0002, 0x8000, 0x8000, 0x0842, 0x0841, 0x8000, 0x1484, 0x20C6, 0x0C42, 0x0C42, 0x0421, 0x8000, 0x8000, 0x1062,
    0x0822, 0x0004, 0x0006, 0x0007, 0x0006, 0x0008, 0x0429, 0x042A, 0x042B, 0x042A, 0x0429, 0x0429, 0x0007, 0x0003, 0x0001, 0x1CC6,
    0x20E7, 0x1CC6, 0x2D29, 0x2908, 0x0821, 0x0C42, 0x1CC5, 0x0421, 0x0408, 0x084E, 0x042A, 0x0002, 0x8000, 0x0844, 0x3DCE, 0x4E73,
    0x358C, 0x398D, 0x3DAD, 0x45EF, 0x4A31, 0x56B5, 0x739C, 0x5EF7, 0x4610, 0x3DCE, 0x3DCE, 0x41CF, 0x3DCE, 0x358C, 0x314A, 0x2D29,
    0x2D29, 0x24E7, 0x20C6, 0x1CC6, 0x1CC6, 0x20C6, 0x20C6, 0x20C6, 0x1CC6, 0x20C6, 0x1CC5, 0x20C6, 0x1CC5, 0x18A5, 0x1484, 0x1063,
    0x1484, 0x1484, 0x0C42, 0x0425, 0x0001, 0x1062, 0x1484, 0x8000, 0x8000, 0x0421, 0x0401, 0x8000, 0x0001, 0x0004, 0x0004, 0x0006,
    0x0429, 0x0008, 0x0004, 0x8000, 0x0001, 0x0004, 0x0006, 0x042C, 0x042A, 0x0002, 0x0004, 0x0429, 0x8000, 0x8000, 0x8000, 0x8000,
    0x8000, 0x8000, 0x8000, 0x8000, 0x8000, 0x0D0D, 0x0004, 0x216D, 0x577E, 0x2616, 0x0488, 0x08A8, 0x0486, 0x0004, 0x0004, 0x042B,
    0x0429, 0x0004, 0x8000, 0x8000, 0x0842, 0x1063, 0x1062, 0x8000, 0x1484, 0x1CA5, 0x0421, 0x0421, 0x8000, 0x8000, 0x0C42, 0x0841,
    0x0003, 0x0005, 0x0005, 0x0008, 0x042A, 0x042B, 0x042A, 0x0428, 0x0428, 0x0427, 0x0428, 0x0427, 0x0428, 0x0428, 0x0003, 0x0421,
    0x1063, 0x1CC6, 0x1484, 0x0421, 0x0421, 0x1CC6, 0x0C42, 0x0003, 0x042B, 0x084D, 0x0005, 0x8000, 0x1485, 0x0003, 0x1484, 0x5274,
    0x39AD, 0x316B, 0x398D, 0x41CE, 0x4611, 0x5273, 0x5ED6, 0x6F7B, 0x6318, 0x4E52, 0x41EF, 0x3DCE, 0x41EF, 0x39AD, 0x398C, 0x356B,
    0x314B, 0x2908, 0x2908, 0x24E7, 0x20E6, 0x24E7, 0x1CC6, 0x1CC5, 0x20C6, 0x20C6, 0x20C6, 0x20C6, 0x24E7, 0x2909, 0x1CC6, 0x1063,
    0x1484, 0x1484, 0x1062, 0x0823, 0x0003, 0x0420, 0x1484, 0x1463, 0x8000, 0x0421, 0x0821, 0x0421, 0x0002, 0x0002, 0x0005, 0x0008,
    0x0005, 0x0001, 0x8000, 0x8000, 0x0004, 0x0005, 0x0408, 0x042B, 0x0005, 0x8000, 0x0003, 0x0429, 0x8000, 0x8000, 0x8000, 0x8000,
    0x8000, 0x8000, 0x8000, 0x8000, 0x114E, 0x1592, 0x0046, 0x4AB7, 0x46FB, 0x050E, 0x08A9, 0x08CA, 0x08CA, 0x0043, 0x0001, 0x0005,
    0x082C, 0x0004, 0x8000, 0x0421, 0x1483, 0x1483, 0x1484, 0x0C42, 0x0421, 0x0421, 0x8000, 0x8000, 0x0421, 0x1063, 0x0C42, 0x0002,
    0x0005, 0x0005, 0x0428, 0x0429, 0x0429, 0x0427, 0x0003, 0x0001, 0x8000, 0x8000, 0x8000, 0x8000, 0x0002, 0x0007, 0x0006, 0x0001,
    0x0821, 0x0842, 0x0421, 0x1484, 0x1CA5, 0x1063, 0x0002, 0x042A, 0x084F, 0x0006, 0x0400, 0x2929, 0x20C6, 0x0821, 0x0425, 0x2929,
    0x4A52, 0x2D29, 0x356B, 0x39AD, 0x3DCE, 0x4A31, 0x5294, 0x6718, 0x77BD, 0x6319, 0x4A32, 0x3DAE, 0x3DCE, 0x3DAD, 0x3DCE, 0x3DAD,
    0x398C, 0x356B, 0x316B, 0x2908, 0x2908, 0x2908, 0x20C6, 0x20C6, 0x1CC5, 0x20C6, 0x20C6, 0x1CC6, 0x20C6, 0x24E7, 0x2909, 0x2508,
    0x1484, 0x1484, 0x1063, 0x0C42, 0x0005, 0x0420, 0x0C42, 0x1CA5, 0x0C62, 0x8000, 0x0421, 0x8000, 0x0002, 0x0004, 0x0005, 0x0002,
    0x8000, 0x8000, 0x8000, 0x8000, 0x0003, 0x0006, 0x042B, 0x0006, 0x0001, 0x0043, 0x0466, 0x0006, 0x8000, 0x8000, 0x8000, 0x8000,
    0x8000, 0x8000, 0x8000, 0x08CA, 0x1E38, 0x08CA, 0x216D, 0x5B7F, 0x21F5, 0x0487, 0x08C9, 0x0CEB, 0x1170, 0x08EB, 0x8000, 0x0004,
    0x042B, 0x0004, 0x8000, 0x0822, 0x1CA5, 0x18A5, 0x18A4, 0x1483, 0x0C42, 0x0421, 0x0421, 0x0821, 0x1484, 0x0C42, 0x0002, 0x0005,
    0x0006, 0x0429, 0x0428, 0x0004, 0x0001, 0x8000, 0x8000, 0x8000, 0x0421, 0x0421, 0x8000, 0x8000, 0x8000, 0x8000, 0x0003, 0x0006,
    0x0402, 0x1063, 0x1884, 0x1484, 0x0842, 0x0003, 0x0429, 0x084E, 0x0429, 0x0421, 0x2D4A, 0x356B, 0x1483, 0x0C42, 0x0002, 0x1064,
    0x41EF, 0x41EF, 0x2D29, 0x314A, 0x398C, 0x398C, 0x4E52, 0x56B5, 0x5EF7, 0x6F7B, 0x6739, 0x5695, 0x4610, 0x41EF, 0x41EF, 0x3DCE,
    0x41CE, 0x356B, 0x314A, 0x2D29, 0x2D29, 0x2909, 0x2908, 0x2909, 0x2908, 0x24E7, 0x20C6, 0x20C6, 0x20C6, 0x20E6, 0x2508, 0x314B,
    0x314A, 0x1884, 0x1063, 0x0C42, 0x0424, 0x0002, 0x0841, 0x1063, 0x18A4, 0x0842, 0x0001, 0x8000, 0x0002, 0x0003, 0x8000, 0x8000,
    0x0002, 0x0002, 0x0001, 0x8000, 0x8000, 0x0006, 0x0408, 0x0004, 0x0001, 0x0466, 0x08EB, 0x0002, 0x8000, 0x8000, 0x8000, 0x8000,
    0x8000, 0x8000, 0x8000, 0x1DD3, 0x1992, 0x0066, 0x36BA, 0x3EDA, 0x04EC, 0x08A9, 0x0D0D, 0x1191, 0x1592, 0x08A8, 0x0002, 0x0002,
    0x0027, 0x0006, 0x0001, 0x8000, 0x18A5, 0x2908, 0x20C6, 0x18A5, 0x18A4, 0x1063, 0x1484, 0x18A5, 0x1063, 0x0001, 0x0005, 0x0429,
    0x0408, 0x0004, 0x0001, 0x8000, 0x8000, 0x8000, 0x0821, 0x0821, 0x0841, 0x0C42, 0x0C42, 0x0421, 0x8000, 0x8000, 0x8000, 0x0004,
    0x0005, 0x0001, 0x0400, 0x8000, 0x0003, 0x0429, 0x084F, 0x0429, 0x8000, 0x2D4A, 0x398C, 0x18A4, 0x1CC5, 0x1483, 0x0821, 0x0822,
    0x2908, 0x5274, 0x39AD, 0x398D, 0x39AD, 0x3DCE, 0x4610, 0x5273, 0x5ED6, 0x73BD, 0x7BDF, 0x77BE, 0x6719, 0x5AD6, 0x5694, 0x5294,
    0x4E73, 0x4A31, 0x4610, 0x4610, 0x3DCE, 0x356B, 0x358C, 0x358C, 0x316B, 0x2D29, 0x2508, 0x24E7, 0x24E7, 0x24E8, 0x2908, 0x316B,
    0x41EF, 0x2D29, 0x1063, 0x1062, 0x0422, 0x0004, 0x0820, 0x1063, 0x1483, 0x1484, 0x8000, 0x8000, 0x0001, 0x0002, 0x0001, 0x0003,
    0x0004, 0x0003, 0x0002, 0x0002, 0x8000, 0x0004, 0x0429, 0x0001, 0x0444, 0x0445, 0x08EA, 0x08C9, 0x8000, 0x8000, 0x8000, 0x8000,
    0x8000, 0x8000, 0x0465, 0x21F5, 0x0D0C, 0x150B, 0x4B3D, 0x1170, 0x08A8, 0x0D0D, 0x1592, 0x15B3, 0x08EA, 0x0465, 0x0001, 0x8000,
    0x0005, 0x0003, 0x0003, 0x0004, 0x0401, 0x1CC5, 0x356B, 0x2508, 0x18A4, 0x20E7, 0x20E7, 0x1463, 0x8000, 0x0005, 0x0008, 0x0004,
    0x0001, 0x8000, 0x8000, 0x8000, 0x8000, 0x8000, 0x0841, 0x1063, 0x0C62, 0x0C42, 0x0C62, 0x0821, 0x0400, 0x8000, 0x8000, 0x0001,
    0x0005, 0x0004, 0x0001, 0x0003, 0x0428, 0x084D, 0x0428, 0x0001, 0x2509, 0x3DCE, 0x2908, 0x1CC6, 0x20C6, 0x1CA5, 0x0C42, 0x0422,
    0x1066, 0x18A5, 0x20E7, 0x2507, 0x2908, 0x314A, 0x316B, 0x39AD, 0x41CF, 0x41EF, 0x41EF, 0x39AD, 0x2929, 0x2508, 0x20E6, 0x1CC5,
    0x18A4, 0x18A4, 0x1CA5, 0x18A5, 0x1484, 0x1483, 0x1483, 0x1483, 0x1063, 0x1063, 0x1062, 0x1062, 0x1062, 0x1062, 0x1063, 0x1063,
    0x1483, 0x1063, 0x0842, 0x0C42, 0x0425, 0x0005, 0x0820, 0x1063, 0x0C62, 0x1484, 0x0C42, 0x8000, 0x8000, 0x0004, 0x0006, 0x0004,
    0x0004, 0x0004, 0x0003, 0x0002, 0x0001, 0x0001, 0x0003, 0x0445, 0x08A9, 0x0465, 0x08A8, 0x0D2D, 0x0443, 0x8000, 0x8000, 0x8000,
    0x8000, 0x8000, 0x112D, 0x19D5, 0x0466, 0x3677, 0x42DA, 0x08EB, 0x0D0C, 0x1191, 0x15D4, 0x0D0C, 0x0466, 0x0022, 0x8000, 0x8000,
    0x0001, 0x0002, 0x0007, 0x0429, 0x0005, 0x0401, 0x20C6, 0x358C, 0x316B, 0x20E7, 0x1063, 0x0421, 0x0005, 0x0007, 0x0003, 0x8000,
    0x8000, 0x8000, 0x0001, 0x0003, 0x0001, 0x8000, 0x8000, 0x0C42, 0x18A5, 0x1484, 0x1063, 0x0C62, 0x0C42, 0x0400, 0x8000, 0x8000,
    0x0006, 0x0429, 0x0004, 0x0428, 0x082C, 0x0428, 0x0001, 0x24E7, 0x4610, 0x356C, 0x24E7, 0x2908, 0x2908, 0x20C6, 0x1884, 0x0822,
    0x0003, 0x0003, 0x0004, 0x0424, 0x0823, 0x0821, 0x0841, 0x0C41, 0x0C42, 0x0C42, 0x0821, 0x0821, 0x0821, 0x0841, 0x0841, 0x0841,
    0x0C42, 0x0C42, 0x0821, 0x0821, 0x0821, 0x0421, 0x0400, 0x0420, 0x0421, 0x0421, 0x0400, 0x8000, 0x0400, 0x0400, 0x0400, 0x0400,
    0x0421, 0x0821, 0x0420, 0x0003, 0x0006, 0x0002, 0x0C41, 0x0C42, 0x0C42, 0x1063, 0x1483, 0x8000, 0x8000, 0x0003, 0x0428, 0x0007,
    0x0005, 0x0005, 0x0005, 0x0003, 0x0003, 0x0002, 0x8000, 0x0043, 0x08EB, 0x0887, 0x0465, 0x0D0C, 0x08CA, 0x8000, 0x8000, 0x8000,
    0x8000, 0x0043, 0x19D4, 0x114F, 0x0C65, 0x52FA, 0x1592, 0x08CA, 0x1150, 0x19F6, 0x0D2D, 0x0465, 0x0022, 0x0001, 0x0002, 0x0002,
    0x0003, 0x0408, 0x0429, 0x042A, 0x084F, 0x042A, 0x8000, 0x1CC6, 0x2929, 0x0C42, 0x0403, 0x0006, 0x0005, 0x0001, 0x8000, 0x8000,
    0x0001, 0x0002, 0x0004, 0x0005, 0x0004, 0x0003, 0x0001, 0x8000, 0x1063, 0x1CA5, 0x1063, 0x1063, 0x0841, 0x8000, 0x8000, 0x8000,
    0x0406, 0x0429, 0x0007, 0x042A, 0x0006, 0x8000, 0x20C6, 0x2D29, 0x2D4A, 0x314B, 0x2908, 0x2908, 0x2507, 0x20C6, 0x1CC5, 0x1884,
    0x0C42, 0x0422, 0x0423, 0x0002, 0x0004, 0x0005, 0x0408, 0x0428, 0x0025, 0x8000, 0x1062, 0x1CA5, 0x1CC5, 0x20C6, 0x1884, 0x1484,
    0x1484, 0x1063, 0x0C42, 0x0C42, 0x0C42, 0x0C42, 0x0C42, 0x0842, 0x0841, 0x0821, 0x0821, 0x0421, 0x0421, 0x8000, 0x8000, 0x8000,
    0x8000, 0x0422, 0x0406, 0x0003, 0x8000, 0x0820, 0x0C42, 0x0C42, 0x0C62, 0x0842, 0x1063, 0x0821, 0x8000, 0x8000, 0x0004, 0x042B,
    0x0006, 0x0005, 0x0005, 0x0004, 0x0004, 0x0003, 0x0002, 0x8000, 0x0444, 0x08EB, 0x0465, 0x0487, 0x0D2E, 0x0464, 0x8000, 0x8000,
    0x8000, 0x08C8, 0x19F6, 0x08CA, 0x0887, 0x3699, 0x0D2E, 0x08EB, 0x1192, 0x1592, 0x08A8, 0x0023, 0x0001, 0x0002, 0x0003, 0x0003,
    0x0006, 0x0429, 0x042A, 0x084D, 0x1071, 0x0429, 0x0001, 0x0821, 0x1062, 0x0824, 0x0006, 0x0004, 0x8000, 0x8000, 0x8000, 0x0001,
    0x0004, 0x0004, 0x0004, 0x0004, 0x0004, 0x0004, 0x0004, 0x0002, 0x8000, 0x1483, 0x1884, 0x0821, 0x8000, 0x8000, 0x8000, 0x8000,
    0x0005, 0x0429, 0x0008, 0x0005, 0x0001, 0x18A5, 0x24E7, 0x18A4, 0x1CA5, 0x356C, 0x2D29, 0x2908, 0x2507, 0x24E7, 0x1CC6, 0x20C6,
    0x1484, 0x1042, 0x0C41, 0x0C42, 0x0C43, 0x0C45, 0x0426, 0x0427, 0x0429, 0x0829, 0x106A, 0x0C68, 0x1065, 0x1484, 0x1483, 0x1483,
    0x1483, 0x1062, 0x1062, 0x1062, 0x0C42, 0x0C41, 0x0C42, 0x0C41, 0x0C41, 0x0841, 0x0841, 0x0841, 0x0421, 0x0003, 0x0003, 0x0002,
    0x0002, 0x0004, 0x0003, 0x8000, 0x0420, 0x0841, 0x0841, 0x0841, 0x0C42, 0x0821, 0x0C42, 0x1063, 0x8000, 0x0001, 0x0002, 0x0428,
    0x0428, 0x0005, 0x0005, 0x0005, 0x0004, 0x0003, 0x0002, 0x0001, 0x8000, 0x08C9, 0x08A9, 0x0445, 0x0D0C, 0x08C9, 0x8000, 0x8000,
    0x8000, 0x0D0B, 0x1591, 0x0466, 0x0887, 0x1E16, 0x0CEB, 0x0D0D, 0x15D4, 0x0D0C, 0x0043, 0x8000, 0x0002, 0x0002, 0x0005, 0x0007,
    0x0429, 0x0429, 0x084F, 0x1072, 0x084C, 0x0004, 0x0003, 0x8000, 0x0423, 0x0005, 0x0002, 0x8000, 0x8000, 0x0001, 0x0002, 0x0004,
    0x0005, 0x0005, 0x0004, 0x0004, 0x0005, 0x0005, 0x0004, 0x0004, 0x0002, 0x0821, 0x1063, 0x8000, 0x8000, 0x8000, 0x8000, 0x0001,
    0x0007, 0x0408, 0x0004, 0x8000, 0x1484, 0x1CC6, 0x1884, 0x18A5, 0x18A4, 0x314A, 0x314A, 0x28E8, 0x2908, 0x24E7, 0x20C6, 0x1CC6,
    0x1CC5, 0x20C6, 0x18A5, 0x1484, 0x0C42, 0x0820, 0x8000, 0x0002, 0x0005, 0x0004, 0x0006, 0x0008, 0x002B, 0x084C, 0x0C6C, 0x0C4B,
    0x0849, 0x0829, 0x0849, 0x0427, 0x0426, 0x0426, 0x0426, 0x0426, 0x0426, 0x0426, 0x0426, 0x0425, 0x0004, 0x0003, 0x0002, 0x0001,
    0x8000, 0x0001, 0x8000, 0x0400, 0x1042, 0x0C42, 0x0841, 0x0841, 0x0C42, 0x0841, 0x0821, 0x0C42, 0x8000, 0x8000, 0x0001, 0x0003,
    0x0429, 0x0007, 0x0005, 0x0005, 0x0005, 0x0003, 0x0003, 0x0003, 0x8000, 0x0043, 0x0CEB, 0x0465, 0x08C9, 0x0D0C, 0x0021, 0x8000,
    0x8000, 0x08EA, 0x0D2E, 0x0466, 0x08A8, 0x19F4, 0x08A8, 0x0D0D, 0x15B3, 0x08C9, 0x0001, 0x0001, 0x0002, 0x0004, 0x0008, 0x042A,
    0x042B, 0x084C, 0x0C70, 0x1072, 0x0007, 0x0004, 0x0003, 0x8000, 0x0001, 0x8000, 0x8000, 0x0001, 0x0001, 0x0003, 0x0006, 0x0005,
    0x0004, 0x0005, 0x0004, 0x0005, 0x0006, 0x0005, 0x0004, 0x0003, 0x0004, 0x0424, 0x0821, 0x8000, 0x8000, 0x8000, 0x8000, 0x0003,
    0x0409, 0x0004, 0x8000, 0x1063, 0x1CA5, 0x1063, 0x1484, 0x18A5, 0x18A4, 0x20E7, 0x356B, 0x2908, 0x24E7, 0x24E7, 0x24E7, 0x2D29,
    0x24E7, 0x18A4, 0x0C62, 0x0C42, 0x8000, 0x8000, 0x0002, 0x18CB, 0x5294, 0x5293, 0x4210, 0x358F, 0x2D4E, 0x20EB, 0x18A9, 0x1488,
    0x1067, 0x0C47, 0x0827, 0x0006, 0x0005, 0x0004, 0x0004, 0x0003, 0x0003, 0x0003, 0x0003, 0x0003, 0x0003, 0x0842, 0x1063, 0x0C41,
    0x0C44, 0x0426, 0x8000, 0x8000, 0x0841, 0x1062, 0x0C42, 0x0841, 0x0841, 0x0841, 0x0421, 0x0C42, 0x0821, 0x8000, 0x0001, 0x0002,
    0x0007, 0x042A, 0x0005, 0x0005, 0x0005, 0x0005, 0x0003, 0x0003, 0x0002, 0x8000, 0x08A8, 0x0887, 0x0466, 0x0D0D, 0x0465, 0x8000,
    0x8000, 0x08C8, 0x0D2E, 0x0486, 0x0486, 0x19D4, 0x08A8, 0x0D2E, 0x1170, 0x0023, 0x0001, 0x0002, 0x0003, 0x0006, 0x084C, 0x084D,
    0x084D, 0x0C6E, 0x0C70, 0x084C, 0x0004, 0x0004, 0x0001, 0x8000, 0x0001, 0x0002, 0x0002, 0x0002, 0x0003, 0x0006, 0x0006, 0x0005,
    0x0004, 0x0005, 0x0007, 0x0408, 0x0408, 0x0007, 0x0006, 0x0003, 0x0005, 0x0406, 0x8000, 0x8000, 0x8000, 0x8000, 0x0002, 0x0007,
    0x0003, 0x8000, 0x1063, 0x1CA5, 0x1063, 0x1063, 0x1463, 0x18A4, 0x18A5, 0x18A4, 0x314A, 0x2D29, 0x2908, 0x316B, 0x24E7, 0x1884,
    0x0C42, 0x0421, 0x8000, 0x0400, 0x0421, 0x0C41, 0x0847, 0x18AC, 0x56B3, 0x5695, 0x41CE, 0x356B, 0x3149, 0x2D08, 0x2907, 0x2907,
    0x20C5, 0x1CC5, 0x18A5, 0x18A5, 0x18A5, 0x1484, 0x1483, 0x1063, 0x1062, 0x1063, 0x1063, 0x1063, 0x1063, 0x1062, 0x0C62, 0x0C41,
    0x0843, 0x0426, 0x0002, 0x8000, 0x8000, 0x0420, 0x0C42, 0x1063, 0x0C42, 0x0821, 0x0421, 0x0C42, 0x0841, 0x8000, 0x8000, 0x0002,
    0x0004, 0x0429, 0x0428, 0x0005, 0x0005, 0x0005, 0x0004, 0x0003, 0x0003, 0x8000, 0x0043, 0x08EA, 0x0023, 0x08CA, 0x0486, 0x8000,
    0x8000, 0x08C8, 0x0D4F, 0x0487, 0x0466, 0x19D4, 0x0887, 0x0D0D, 0x0D2D, 0x0001, 0x0002, 0x0003, 0x0005, 0x042A, 0x084E, 0x0C4C,
    0x252F, 0x0C6F, 0x084E, 0x0005, 0x0004, 0x0002, 0x8000, 0x0001, 0x0003, 0x0003, 0x0004, 0x0005, 0x0407, 0x0007, 0x0004, 0x0004,
    0x0006, 0x0408, 0x0408, 0x0408, 0x0408, 0x0408, 0x0005, 0x0003, 0x0007, 0x0002, 0x8000, 0x8000, 0x8000, 0x0001, 0x0006, 0x0004,
    0x8000, 0x1484, 0x1CA5, 0x1063, 0x1063, 0x1063, 0x1063, 0x1484, 0x18A5, 0x18A4, 0x2508, 0x41EF, 0x2909, 0x18A4, 0x0C42, 0x8000,
    0x8000, 0x0841, 0x1063, 0x1484, 0x2908, 0x1CA4, 0x0427, 0x1CEF, 0x41EE, 0x4A32, 0x398C, 0x398C, 0x314A, 0x356B, 0x356C, 0x2D09,
    0x2908, 0x2929, 0x2908, 0x20C6, 0x20C6, 0x20C6, 0x20C5, 0x18A4, 0x1484, 0x1484, 0x1484, 0x1484, 0x1484, 0x1484, 0x1063, 0x0821,
    0x0841, 0x0824, 0x0004, 0x0841, 0x0841, 0x8000, 0x8000, 0x0841, 0x1063, 0x0821, 0x0421, 0x0842, 0x0821, 0x8000, 0x8000, 0x0003,
    0x0003, 0x0005, 0x042C, 0x0006, 0x0005, 0x0005, 0x0005, 0x0002, 0x0003, 0x0002, 0x0001, 0x0488, 0x0444, 0x08CA, 0x0486, 0x8000,
    0x8000, 0x08A7, 0x0D2E, 0x0887, 0x0466, 0x1592, 0x0487, 0x0D2D, 0x08A8, 0x8000, 0x0003, 0x0005, 0x0009, 0x000A, 0x0C4A, 0x358E,
    0x108D, 0x0C70, 0x0428, 0x0003, 0x0003, 0x0001, 0x8000, 0x0002, 0x0003, 0x0004, 0x0007, 0x0008, 0x0006, 0x0005, 0x0005, 0x0007,
    0x0408, 0x0428, 0x0428, 0x0428, 0x0428, 0x0408, 0x0006, 0x0006, 0x0428, 0x0001, 0x8000, 0x8000, 0x0001, 0x0004, 0x0003, 0x8000,
    0x1484, 0x1CA5, 0x1063, 0x1063, 0x1063, 0x1063, 0x1063, 0x1063, 0x1483, 0x20E7, 0x1CA5, 0x1063, 0x0842, 0x0400, 0x0400, 0x0C62,
    0x18A5, 0x20C6, 0x2D29, 0x1CC5, 0x18A4, 0x1062, 0x0009, 0x2930, 0x45EE, 0x4E73, 0x41EF, 0x39AD, 0x39AD, 0x356C, 0x356B, 0x2D29,
    0x314A, 0x24E7, 0x2909, 0x24E7, 0x20C6, 0x20C6, 0x20C6, 0x1CC5, 0x1884, 0x1484, 0x1484, 0x1484, 0x1484, 0x1484, 0x1063, 0x1063,
    0x0C42, 0x0824, 0x0005, 0x0420, 0x1063, 0x0C42, 0x8000, 0x8000, 0x0821, 0x0C42, 0x0421, 0x0842, 0x0841, 0x8000, 0x8000, 0x8000,
    0x0004, 0x0002, 0x0429, 0x0428, 0x0005, 0x0005, 0x0004, 0x0004, 0x0003, 0x0003, 0x0002, 0x0043, 0x0487, 0x08A8, 0x0465, 0x8000,
    0x8000, 0x0465, 0x0D0D, 0x0887, 0x0465, 0x1150, 0x0888, 0x0CEC, 0x0444, 0x0002, 0x0005, 0x0008, 0x0848, 0x250E, 0x4E53, 0x35B0,
    0x0C6F, 0x084C, 0x0004, 0x0004, 0x0002, 0x8000, 0x0001, 0x0004, 0x0004, 0x0428, 0x0429, 0x0005, 0x0005, 0x0005, 0x0007, 0x0428,
    0x0428, 0x0428, 0x0428, 0x0428, 0x0428, 0x0007, 0x0004, 0x042A, 0x0006, 0x8000, 0x8000, 0x0001, 0x0003, 0x0001, 0x8000, 0x1484,
    0x1884, 0x1063, 0x1063, 0x1063, 0x1063, 0x1063, 0x1063, 0x1884, 0x18A5, 0x1063, 0x0821, 0x0842, 0x0C42, 0x0C42, 0x20E7, 0x20E7,
    0x314A, 0x20C6, 0x1484, 0x1484, 0x1484, 0x0C42, 0x042C, 0x2950, 0x41EE, 0x3DAE, 0x4E53, 0x358C, 0x3DAD, 0x39AD, 0x398C, 0x314A,
    0x2D29, 0x316B, 0x2D29, 0x2908, 0x20C6, 0x1CC5, 0x20C6, 0x20C6, 0x20C6, 0x18A4, 0x1484, 0x1484, 0x1484, 0x1884, 0x1484, 0x1063,
    0x1062, 0x0822, 0x0005, 0x0002, 0x0821, 0x0C62, 0x1063, 0x0400, 0x8000, 0x0821, 0x0821, 0x0C42, 0x0842, 0x8000, 0x8000, 0x8000,
    0x0003, 0x0002, 0x0427, 0x042B, 0x0005, 0x0005, 0x0005, 0x0004, 0x0002, 0x0003, 0x0003, 0x0022, 0x0487, 0x0887, 0x0043, 0x8000,
    0x8000, 0x0021, 0x08EB, 0x08A9, 0x0444, 0x0D4F, 0x08A9, 0x08C9, 0x0002, 0x0003, 0x0008, 0x148A, 0x358C, 0x6B39, 0x5AB5, 0x0C6E,
    0x0C6F, 0x0006, 0x0004, 0x0003, 0x8000, 0x0001, 0x0003, 0x0005, 0x042A, 0x042B, 0x0005, 0x0005, 0x0004, 0x0006, 0x0429, 0x0429,
    0x0428, 0x0428, 0x0429, 0x0428, 0x0007, 0x0005, 0x0428, 0x0429, 0x0002, 0x8000, 0x8000, 0x0002, 0x8000, 0x0400, 0x1463, 0x1063,
    0x0C42, 0x1463, 0x1463, 0x1063, 0x1063, 0x18A4, 0x18A4, 0x1484, 0x0C42, 0x0421, 0x0841, 0x0C42, 0x2508, 0x2929, 0x2D4A, 0x2908,
    0x18A5, 0x20C6, 0x1CC5, 0x18A5, 0x1CA5, 0x0C42, 0x042C, 0x294E, 0x45EF, 0x358C, 0x4A31, 0x4610, 0x39AD, 0x3DAE, 0x358C, 0x2D2A,
    0x314A, 0x2D29, 0x2D29, 0x2908, 0x24E7, 0x20C6, 0x20C6, 0x20C6, 0x1CC5, 0x1CC6, 0x18A4, 0x1484, 0x1884, 0x1884, 0x1884, 0x1483,
    0x1063, 0x0841, 0x0004, 0x0003, 0x0841, 0x0821, 0x0C42, 0x1063, 0x8000, 0x8000, 0x0842, 0x0C42, 0x0821, 0x8000, 0x0001, 0x8000,
    0x8000, 0x0003, 0x0004, 0x042B, 0x0428, 0x0005, 0x0005, 0x0004, 0x0003, 0x0002, 0x0004, 0x0001, 0x0465, 0x08A8, 0x0001, 0x8000,
    0x8000, 0x8000, 0x08C9, 0x08EB, 0x0023, 0x08EA, 0x0D0C, 0x0443, 0x0002, 0x0008, 0x1068, 0x358C, 0x6738, 0x4E74, 0x18AE, 0x0C70,
    0x0428, 0x0003, 0x0004, 0x0001, 0x8000, 0x0003, 0x0004, 0x0428, 0x084C, 0x0027, 0x0005, 0x0005, 0x0007, 0x0408, 0x0429, 0x0429,
    0x0428, 0x0429, 0x0427, 0x0007, 0x0007, 0x0005, 0x042B, 0x0006, 0x8000, 0x8000, 0x8000, 0x8000, 0x0421, 0x1063, 0x1062, 0x0821,
    0x0C42, 0x1063, 0x1063, 0x1063, 0x1884, 0x1484, 0x1063, 0x0421, 0x0400, 0x0C42, 0x20C6, 0x39AD, 0x398D, 0x354B, 0x20C6, 0x20E7,
    0x20C6, 0x20C6, 0x24E7, 0x20C6, 0x1CC5, 0x0C45, 0x042D, 0x294E, 0x45EF, 0x356B, 0x4610, 0x5273, 0x398C, 0x3DAD, 0x3DCE, 0x358C,
    0x316B, 0x314A, 0x2D29, 0x2908, 0x24E7, 0x20C6, 0x20C6, 0x20C6, 0x20C6, 0x1CA5, 0x1484, 0x1484, 0x1484, 0x1484, 0x18A4, 0x1484,
    0x1063, 0x0C41, 0x0405, 0x0003, 0x0821, 0x0842, 0x0821, 0x0C42, 0x0C42, 0x8000, 0x0421, 0x0C42, 0x8000, 0x8000, 0x0002, 0x0001,
    0x8000, 0x0004, 0x0002, 0x0428, 0x042B, 0x0005, 0x0005, 0x0005, 0x0004, 0x0002, 0x0003, 0x0003, 0x0444, 0x0486, 0x8000, 0x8000,
    0x8000, 0x8000, 0x08C9, 0x08EB, 0x8000, 0x0466, 0x0D2E, 0x0001, 0x0005, 0x0C6B, 0x39AE, 0x5272, 0x4633, 0x18B1, 0x082F, 0x0007,
    0x0003, 0x0004, 0x0002, 0x8000, 0x0003, 0x0004, 0x0007, 0x084E, 0x0429, 0x0004, 0x0005, 0x0428, 0x0429, 0x0429, 0x0407, 0x0428,
    0x0428, 0x0428, 0x0408, 0x0006, 0x0004, 0x0428, 0x0428, 0x0003, 0x8000, 0x8000, 0x8000, 0x0400, 0x0C42, 0x0841, 0x0821, 0x0842,
    0x0821, 0x1063, 0x1463, 0x1063, 0x1063, 0x0421, 0x8000, 0x0C42, 0x1484, 0x2508, 0x20C6, 0x2929, 0x358C, 0x24E8, 0x2908, 0x2908,
    0x2508, 0x20E6, 0x20C6, 0x20C6, 0x18A3, 0x0C49, 0x042B, 0x2D4B, 0x45EF, 0x356C, 0x3DCE, 0x4E73, 0x4610, 0x39AD, 0x3DAD, 0x3DAD,
    0x39AD, 0x356B, 0x314A, 0x2D29, 0x2D29, 0x2908, 0x24E7, 0x20C6, 0x20C6, 0x1CC5, 0x18A4, 0x1484, 0x1484, 0x1484, 0x1484, 0x1063,
    0x0C42, 0x0C62, 0x0423, 0x0004, 0x0400, 0x0841, 0x0841, 0x0821, 0x0C42, 0x0400, 0x0400, 0x0841, 0x8000, 0x8000, 0x0001, 0x0002,
    0x8000, 0x0001, 0x0003, 0x0004, 0x042A, 0x0006, 0x0003, 0x0005, 0x0003, 0x0002, 0x0002, 0x0003, 0x0444, 0x0465, 0x8000, 0x8000,
    0x8000, 0x8000, 0x08A8, 0x08C9, 0x0001, 0x0426, 0x08A8, 0x0004, 0x042A, 0x20EB, 0x2D4C, 0x2534, 0x1091, 0x042B, 0x0005, 0x0003,
    0x0004, 0x0003, 0x0001, 0x0003, 0x0005, 0x0007, 0x084D, 0x084D, 0x0005, 0x0005, 0x0007, 0x0428, 0x0428, 0x0428, 0x0428, 0x0428,
    0x0407, 0x0006, 0x0007, 0x0004, 0x0027, 0x0429, 0x0005, 0x0001, 0x8000, 0x8000, 0x0400, 0x0821, 0x0821, 0x0821, 0x0821, 0x0C42,
    0x0C42, 0x1063, 0x0C42, 0x0421, 0x8000, 0x0421, 0x0C42, 0x1CA5, 0x24E7, 0x18A5, 0x1484, 0x1484, 0x2D29, 0x2D29, 0x2908, 0x2908,
    0x24E7, 0x2908, 0x20C6, 0x20E7, 0x1483, 0x084A, 0x082A, 0x358B, 0x4610, 0x314B, 0x314A, 0x4E52, 0x5ED7, 0x39AD, 0x39AD, 0x3DCE,
    0x39AD, 0x358C, 0x358C, 0x2D29, 0x2908, 0x2908, 0x20C6, 0x20C6, 0x20C6, 0x20C6, 0x20C6, 0x18A4, 0x1484, 0x1484, 0x1484, 0x1063,
    0x0C63, 0x1483, 0x0822, 0x0004, 0x0001, 0x0841, 0x0841, 0x0821, 0x0421, 0x0821, 0x8000, 0x8000, 0x8000, 0x8000, 0x8000, 0x0003,
    0x8000, 0x0001, 0x0006, 0x0001, 0x0429, 0x042B, 0x0006, 0x0007, 0x0006, 0x0006, 0x0006, 0x0003, 0x0023, 0x0022, 0x8000, 0x8000,
    0x8000, 0x8000, 0x08A7, 0x0464, 0x0005, 0x0005, 0x0001, 0x0009, 0x106C, 0x1090, 0x0C70, 0x042C, 0x0007, 0x0003, 0x0003, 0x0003,
    0x0002, 0x0001, 0x0003, 0x0004, 0x0005, 0x084C, 0x0C71, 0x0408, 0x0004, 0x0007, 0x0428, 0x0429, 0x0428, 0x0428, 0x0428, 0x0428,
    0x0006, 0x0006, 0x0005, 0x0005, 0x0429, 0x0428, 0x0003, 0x8000, 0x8000, 0x8000, 0x0821, 0x0821, 0x0821, 0x0821, 0x0821, 0x0C42,
    0x0842, 0x0421, 0x8000, 0x8000, 0x0C42, 0x18A5, 0x20E7, 0x1484, 0x1063, 0x1484, 0x18A4, 0x18A4, 0x1CC5, 0x358C, 0x2908, 0x2908,
    0x2908, 0x20E6, 0x24E7, 0x20E6, 0x1483, 0x0429, 0x148B, 0x39AC, 0x41F0, 0x3DAE, 0x3DCE, 0x4A31, 0x6739, 0x5AD6, 0x3DAE, 0x358C,
    0x356B, 0x314A, 0x314A, 0x316B, 0x2D29, 0x24E7, 0x2908, 0x20E7, 0x20C6, 0x20C6, 0x20C6, 0x1CC5, 0x1484, 0x1484, 0x1CC6, 0x20C6,
    0x1063, 0x1063, 0x0421, 0x0005, 0x0001, 0x0841, 0x0841, 0x0421, 0x0421, 0x0421, 0x0821, 0x8000, 0x8000, 0x8000, 0x8000, 0x0001,
    0x0002, 0x0001, 0x0004, 0x0003, 0x0007, 0x082D, 0x0429, 0x0427, 0x0407, 0x0428, 0x0407, 0x0006, 0x0005, 0x0001, 0x8000, 0x8000,
    0x8000, 0x8000, 0x0023, 0x0024, 0x0408, 0x0008, 0x0428, 0x0C6F, 0x0C51, 0x084E, 0x0407, 0x0002, 0x0003, 0x0003, 0x0001, 0x8000,
    0x0001, 0x0003, 0x0004, 0x0006, 0x042A, 0x0C50, 0x042A, 0x0005, 0x0007, 0x0008, 0x0428, 0x0429, 0x0429, 0x0429, 0x0407, 0x0006,
    0x0005, 0x0005, 0x0004, 0x0407, 0x0429, 0x0003, 0x8000, 0x8000, 0x8000, 0x0421, 0x0821, 0x0821, 0x0821, 0x0842, 0x0841, 0x8000,
    0x8000, 0x8000, 0x0C42, 0x1884, 0x1884, 0x1884, 0x1062, 0x1062, 0x1063, 0x1063, 0x18A4, 0x18A4, 0x1884, 0x2D29, 0x314A, 0x2908,
    0x2908, 0x24E7, 0x1CC5, 0x20C6, 0x1063, 0x042B, 0x148F, 0x1485, 0x2507, 0x2D4A, 0x356B, 0x398C, 0x45F0, 0x56B5, 0x5AD6, 0x5EF7,
    0x56B5, 0x4A52, 0x4A31, 0x4A31, 0x41EF, 0x3DCE, 0x3DCE, 0x356C, 0x356B, 0x314A, 0x2D29, 0x24E7, 0x20E7, 0x20E7, 0x1CC6, 0x1484,
    0x0420, 0x0001, 0x0003, 0x0003, 0x8000, 0x0C42, 0x0821, 0x0421, 0x0421, 0x0421, 0x0C42, 0x8000, 0x8000, 0x8000, 0x8000, 0x0001,
    0x0001, 0x8000, 0x0002, 0x0005, 0x0004, 0x0003, 0x8000, 0x8000, 0x8000, 0x8000, 0x8000, 0x0002, 0x0007, 0x0004, 0x8000, 0x8000,
    0x8000, 0x8000, 0x8000, 0x0006, 0x0429, 0x084D, 0x0C71, 0x084D, 0x0427, 0x0004, 0x0003, 0x0004, 0x0002, 0x0001, 0x0001, 0x0003,
    0x0004, 0x0005, 0x0007, 0x0429, 0x0C4F, 0x084E, 0x0005, 0x0006, 0x0428, 0x0429, 0x0429, 0x0428, 0x0428, 0x0008, 0x0006, 0x0005,
    0x0005, 0x0004, 0x0006, 0x0428, 0x0005, 0x0001, 0x8000, 0x8000, 0x0C42, 0x0821, 0x0821, 0x0841, 0x0421, 0x8000, 0x8000, 0x8000,
    0x0821, 0x1063, 0x1063, 0x1063, 0x0C42, 0x0821, 0x0821, 0x0C62, 0x1063, 0x1042, 0x1483, 0x1484, 0x18A4, 0x1CC5, 0x358C, 0x2908,
    0x2908, 0x2508, 0x20C6, 0x1CC5, 0x1484, 0x0425, 0x0007, 0x0006, 0x0827, 0x0824, 0x0C44, 0x1483, 0x20E6, 0x2508, 0x3DCE, 0x4A31,
    0x41CE, 0x2D49, 0x2908, 0x20E7, 0x1CE6, 0x1CE6, 0x18C6, 0x18A4, 0x18A5, 0x1484, 0x1484, 0x1063, 0x1063, 0x1063, 0x0841, 0x0001,
    0x0003, 0x0003, 0x0001, 0x8000, 0x0821, 0x0842, 0x0421, 0x0421, 0x0821, 0x0841, 0x0841, 0x8000, 0x8000, 0x8000, 0x0001, 0x0002,
    0x8000, 0x8000, 0x0001, 0x0005, 0x0004, 0x0002, 0x0003, 0x0006, 0x0006, 0x0006, 0x0004, 0x0002, 0x0003, 0x0004, 0x8000, 0x8000,
    0x8000, 0x8000, 0x8000, 0x0429, 0x084E, 0x0C4F, 0x042A, 0x0004, 0x0003, 0x0005, 0x0005, 0x0002, 0x0001, 0x0005, 0x0008, 0x0429,
    0x042B, 0x042A, 0x042B, 0x0C4F, 0x084E, 0x0006, 0x0005, 0x0427, 0x0428, 0x0428, 0x0429, 0x0428, 0x0429, 0x0007, 0x0005, 0x0005,
    0x0004, 0x0004, 0x0428, 0x0428, 0x0001, 0x8000, 0x8000, 0x8000, 0x0C62, 0x0C42, 0x0421, 0x0420, 0x8000, 0x8000, 0x0421, 0x0C42,
    0x0C42, 0x0C42, 0x0C42, 0x0821, 0x0821, 0x0841, 0x0841, 0x0841, 0x0C42, 0x1062, 0x1063, 0x1063, 0x1884, 0x18A4, 0x2929, 0x358C,
    0x2908, 0x24E7, 0x20C6, 0x1CC6, 0x18A5, 0x1062, 0x0421, 0x0403, 0x0005, 0x0007, 0x0409, 0x0427, 0x0424, 0x1063, 0x1063, 0x0843,
    0x0843, 0x0822, 0x0822, 0x0422, 0x0422, 0x0421, 0x0421, 0x0421, 0x0421, 0x0421, 0x0422, 0x0421, 0x0401, 0x0001, 0x0002, 0x0004,
    0x0003, 0x8000, 0x0420, 0x0821, 0x0841, 0x0821, 0x0421, 0x0421, 0x0421, 0x0C42, 0x8000, 0x8000, 0x8000, 0x8000, 0x0002, 0x0001,
    0x0002, 0x8000, 0x8000, 0x0003, 0x0003, 0x0003, 0x0004, 0x0003, 0x0002, 0x0002, 0x0001, 0x0001, 0x0002, 0x0002, 0x8000, 0x8000,
    0x8000, 0x8000, 0x0001, 0x084E, 0x084D, 0x0005, 0x0003, 0x0005, 0x0004, 0x0004, 0x8000, 0x0001, 0x0004, 0x0004, 0x0004, 0x0006,
    0x0007, 0x042B, 0x0C70, 0x0C72, 0x082C, 0x0005, 0x0005, 0x0005, 0x0005, 0x0428, 0x0428, 0x0428, 0x0428, 0x0427, 0x0006, 0x0005,
    0x0004, 0x0006, 0x0429, 0x0003, 0x8000, 0x8000, 0x8000, 0x8000, 0x8000, 0x0842, 0x0421, 0x8000, 0x0420, 0x0C42, 0x0C42, 0x0821,
    0x0821, 0x0421, 0x0C42, 0x0C62, 0x0821, 0x0841, 0x0841, 0x0841, 0x0841, 0x0C42, 0x1063, 0x1063, 0x1063, 0x1484, 0x18A4, 0x398C,
    0x2D4A, 0x20C6, 0x24E7, 0x20E6, 0x1CA5, 0x18A5, 0x1463, 0x0C42, 0x0420, 0x0001, 0x0403, 0x0406, 0x0007, 0x0006, 0x0004, 0x0405,
    0x0005, 0x0005, 0x0005, 0x0004, 0x0003, 0x0003, 0x0003, 0x0003, 0x0002, 0x0002, 0x0002, 0x0001, 0x0001, 0x0002, 0x0004, 0x8000,
    0x8000, 0x0421, 0x0842, 0x0841, 0x0841, 0x0821, 0x0421, 0x0421, 0x0841, 0x0841, 0x8000, 0x8000, 0x8000, 0x0001, 0x0003, 0x0001,
    0x0001, 0x8000, 0x8000, 0x8000, 0x8000, 0x8000, 0x8000, 0x8000, 0x8000, 0x8000, 0x8000, 0x8000, 0x8000, 0x8000, 0x8000, 0x8000,
    0x8000, 0x8000, 0x0006, 0x042B, 0x0004, 0x0005, 0x0005, 0x0005, 0x8000, 0x8000, 0x8000, 0x8000, 0x8000, 0x8000, 0x0001, 0x0003,
    0x0003, 0x0004, 0x0006, 0x042A, 0x042B, 0x0429, 0x0006, 0x0004, 0x0005, 0x0027, 0x0428, 0x0428, 0x0407, 0x0006, 0x0005, 0x0004,
    0x0005, 0x0429, 0x0006, 0x0001, 0x8000, 0x8000, 0x8000, 0x8000, 0x8000, 0x0421, 0x1484, 0x0841, 0x0842, 0x0821, 0x0821, 0x0821,
    0x0821, 0x0821, 0x0821, 0x0C42, 0x0C42, 0x0821, 0x0841, 0x0841, 0x0841, 0x0841, 0x0C42, 0x1063, 0x1063, 0x1483, 0x1062, 0x1CA5,
    0x356B, 0x20C6, 0x20C6, 0x20C6, 0x1CA5, 0x1CC5, 0x1CA5, 0x1484, 0x1062, 0x0C42, 0x0C42, 0x0821, 0x0001, 0x0404, 0x0823, 0x0842,
    0x0842, 0x0422, 0x0422, 0x0420, 0x0420, 0x0420, 0x0420, 0x0420, 0x0420, 0x0420, 0x0420, 0x0420, 0x8000, 0x8000, 0x8000, 0x0400,
    0x0821, 0x0821, 0x0821, 0x0841, 0x0841, 0x0821, 0x0421, 0x0821, 0x1062, 0x8000, 0x8000, 0x8000, 0x8000, 0x0002, 0x0002, 0x8000,
    0x8000, 0x8000, 0x8000, 0x8000, 0x0003, 0x0003, 0x0004, 0x0005, 0x0004, 0x0004, 0x0001, 0x8000, 0x8000, 0x8000, 0x8000, 0x8000,
    0x8000, 0x8000, 0x0005, 0x0006, 0x0005, 0x0006, 0x0002, 0x8000, 0x8000, 0x8000, 0x8000, 0x8000, 0x8000, 0x8000, 0x8000, 0x8000,
    0x8000, 0x0002, 0x0003, 0x0004, 0x0004, 0x0428, 0x0429, 0x0006, 0x0004, 0x0005, 0x0428, 0x0409, 0x0007, 0x0005, 0x0005, 0x0004,
    0x0007, 0x0007, 0x0001, 0x0821, 0x0421, 0x8000, 0x8000, 0x8000, 0x8000, 0x8000, 0x0C62, 0x1063, 0x0821, 0x0821, 0x0821, 0x0821,
    0x0821, 0x0821, 0x0821, 0x0821, 0x0C42, 0x0821, 0x0821, 0x0841, 0x0841, 0x0842, 0x0841, 0x0C62, 0x1063, 0x1463, 0x1063, 0x1063,
    0x2507, 0x2D29, 0x1CA5, 0x20C6, 0x20C6, 0x20C6, 0x1CC5, 0x1CC6, 0x18A5, 0x1484, 0x1063, 0x1063, 0x1484, 0x1483, 0x1884, 0x1483,
    0x1063, 0x0C42, 0x0C42, 0x0C42, 0x1062, 0x0C42, 0x0C42, 0x0C42, 0x0C42, 0x0C42, 0x0C42, 0x0841, 0x0C42, 0x0C42, 0x0821, 0x0841,
    0x0821, 0x0821, 0x0841, 0x0841, 0x0841, 0x0421, 0x0400, 0x0C42, 0x0821, 0x8000, 0x8000, 0x8000, 0x0001, 0x0004, 0x0002, 0x8000,
    0x8000, 0x8000, 0x8000, 0x8000, 0x0003, 0x0007, 0x0006, 0x0007, 0x0006, 0x0006, 0x0005, 0x8000, 0x8000, 0x8000, 0x8000, 0x8000,
    0x8000, 0x8000, 0x0004, 0x0007, 0x0004, 0x0001, 0x8000, 0x8000, 0x8000, 0x8000, 0x8000, 0x0400, 0x0421, 0x0421, 0x0821, 0x0821,
    0x0400, 0x8000, 0x8000, 0x0002, 0x0005, 0x0004, 0x0005, 0x0429, 0x0006, 0x0003, 0x0006, 0x0008, 0x0007, 0x0007, 0x0004, 0x0004,
    0x0408, 0x0001, 0x0400, 0x0842, 0x0421, 0x8000, 0x8000, 0x8000, 0x8000, 0x8000, 0x0421, 0x1484, 0x0C42, 0x0821, 0x0821, 0x0821,
    0x0821, 0x0821, 0x0841, 0x0821, 0x0821, 0x0841, 0x0C42, 0x0821, 0x0821, 0x0841, 0x0841, 0x0841, 0x0C42, 0x1063, 0x1063, 0x1062,
    0x18A4, 0x316B, 0x1CC6, 0x1CC5, 0x20C6, 0x1CC5, 0x18A5, 0x1CC5, 0x20C6, 0x20C6, 0x24E7, 0x1CC6, 0x1484, 0x1063, 0x1063, 0x0C42,
    0x0C42, 0x0821, 0x8000, 0x8000, 0x8000, 0x8000, 0x8000, 0x8000, 0x0421, 0x0821, 0x0821, 0x0421, 0x0421, 0x0C42, 0x0C42, 0x1063,
    0x0821, 0x0821, 0x0821, 0x0821, 0x0421, 0x0421, 0x0400, 0x0C42, 0x8000, 0x8000, 0x8000, 0x8000, 0x0003, 0x0003, 0x8000, 0x8000,
    0x8000, 0x8000, 0x8000, 0x8000, 0x0003, 0x042A, 0x042A, 0x0008, 0x0006, 0x0006, 0x0408, 0x0001, 0x8000, 0x8000, 0x8000, 0x8000,
    0x8000, 0x8000, 0x0001, 0x0001, 0x8000, 0x8000, 0x8000, 0x8000, 0x8000, 0x8000, 0x0420, 0x0841, 0x0841, 0x1063, 0x1483, 0x1CA5,
    0x1CA5, 0x1063, 0x0421, 0x8000, 0x0001, 0x0002, 0x0005, 0x0005, 0x0428, 0x0427, 0x0004, 0x0005, 0x0005, 0x0005, 0x0003, 0x0407,
    0x0002, 0x8000, 0x0821, 0x0821, 0x0821, 0x0400, 0x8000, 0x8000, 0x8000, 0x8000, 0x8000, 0x0C42, 0x1063, 0x0821, 0x0C42, 0x0C62,
    0x0C42, 0x1063, 0x0C42, 0x0C42, 0x1062, 0x0C42, 0x0821, 0x0821, 0x0841, 0x0841, 0x0842, 0x0841, 0x0841, 0x0C42, 0x1063, 0x1063,
    0x1063, 0x1CA5, 0x2908, 0x1884, 0x18A5, 0x18A4, 0x24E7, 0x2908, 0x20C6, 0x1884, 0x1484, 0x0C42, 0x0821, 0x8000, 0x8000, 0x8000,
    0x0400, 0x0400, 0x8000, 0x8000, 0x8000, 0x8000, 0x8000, 0x8000, 0x8000, 0x8000, 0x8000, 0x8000, 0x8000, 0x0421, 0x0841, 0x0421,
    0x0C62, 0x1062, 0x0821, 0x0821, 0x0421, 0x8000, 0x0C42, 0x0821, 0x8000, 0x8000, 0x8000, 0x0001, 0x0004, 0x0001, 0x8000, 0x8000,
    0x8000, 0x8000, 0x8000, 0x0401, 0x0423, 0x0429, 0x082C, 0x0427, 0x0007, 0x0006, 0x0007, 0x0001, 0x8000, 0x8000, 0x8000, 0x8000,
    0x8000, 0x8000, 0x8000, 0x8000, 0x0821, 0x0C42, 0x8000, 0x8000, 0x8000, 0x8000, 0x0821, 0x0C42, 0x1063, 0x1483, 0x1484, 0x1CC6,
    0x20C6, 0x24E7, 0x2908, 0x1063, 0x0420, 0x8000, 0x0002, 0x0003, 0x0005, 0x0006, 0x0428, 0x0004, 0x0004, 0x0005, 0x0004, 0x0406,
    0x8000, 0x8000, 0x0821, 0x0821, 0x0842, 0x0421, 0x8000, 0x8000, 0x8000, 0x8000, 0x8000, 0x8000, 0x0C42, 0x1063, 0x0C42, 0x0421,
    0x8000, 0x0400, 0x0400, 0x0420, 0x0421, 0x0C41, 0x0C42, 0x1063, 0x0841, 0x0842, 0x0C42, 0x0C42, 0x0842, 0x0842, 0x0C42, 0x1063,
    0x1063, 0x1062, 0x2908, 0x398D, 0x20C6, 0x18A4, 0x18A5, 0x1484, 0x1062, 0x0821, 0x8000, 0x8000, 0x0400, 0x0421, 0x0400, 0x0420,
    0x0841, 0x0C42, 0x0C42, 0x0C42, 0x0841, 0x0421, 0x0421, 0x0421, 0x0420, 0x0400, 0x0400, 0x8000, 0x8000, 0x0400, 0x8000, 0x8000,
    0x0842, 0x0841, 0x1063, 0x0C42, 0x0421, 0x8000, 0x0821, 0x8000, 0x8000, 0x8000, 0x8000, 0x0003, 0x0003, 0x8000, 0x8000, 0x8000,
    0x8000, 0x8000, 0x0001, 0x0424, 0x0422, 0x0007, 0x084D, 0x0429, 0x0007, 0x0008, 0x0006, 0x0002, 0x8000, 0x8000, 0x8000, 0x8000,
    0x8000, 0x8000, 0x8000, 0x0421, 0x1884, 0x0C42, 0x8000, 0x8000, 0x8000, 0x0841, 0x0C42, 0x1063, 0x1483, 0x1483, 0x18A5, 0x18A4,
    0x1CC5, 0x2909, 0x2908, 0x1484, 0x1063, 0x0821, 0x8000, 0x0001, 0x0004, 0x0004, 0x0006, 0x0007, 0x0005, 0x0404, 0x0005, 0x0005,
    0x8000, 0x8000, 0x0821, 0x0821, 0x0C42, 0x0421, 0x8000, 0x8000, 0x8000, 0x8000, 0x8000, 0x8000, 0x0821, 0x1483, 0x0421, 0x8000,
    0x8000, 0x8000, 0x8000, 0x8000, 0x8000, 0x8000, 0x0821, 0x0C42, 0x0C42, 0x0821, 0x0842, 0x0841, 0x0842, 0x0842, 0x0841, 0x0C42,
    0x1063, 0x1063, 0x18A5, 0x2929, 0x1484, 0x0C62, 0x0821, 0x0420, 0x8000, 0x8000, 0x8000, 0x0421, 0x0421, 0x0821, 0x0C42, 0x1063,
    0x1063, 0x1483, 0x1463, 0x1463, 0x1063, 0x1063, 0x0C42, 0x0841, 0x0841, 0x0841, 0x0821, 0x0421, 0x8000, 0x8000, 0x8000, 0x8000,
    0x0400, 0x0400, 0x0841, 0x0C42, 0x0400, 0x0821, 0x0420, 0x8000, 0x8000, 0x8000, 0x0002, 0x0004, 0x8000, 0x8000, 0x8000, 0x8000,
    0x8000, 0x0003, 0x0005, 0x0005, 0x0002, 0x0004, 0x042B, 0x042B, 0x0007, 0x0007, 0x0006, 0x0005, 0x8000, 0x8000, 0x8000, 0x8000,
    0x8000, 0x8000, 0x8000, 0x1484, 0x18A4, 0x8000, 0x8000, 0x8000, 0x8000, 0x0841, 0x0C42, 0x0841, 0x1063, 0x1484, 0x1CC5, 0x20C6,
    0x2D29, 0x316B, 0x0C42, 0x0821, 0x0C42, 0x1062, 0x0C42, 0x8000, 0x8000, 0x0004, 0x0004, 0x0005, 0x0426, 0x0003, 0x0409, 0x0002,
    0x8000, 0x0821, 0x0421, 0x0821, 0x0C42, 0x0821, 0x8000, 0x8000, 0x8000, 0x8000, 0x8000, 0x8000, 0x0821, 0x1483, 0x8000, 0x8000,
    0x8000, 0x0421, 0x0841, 0x0421, 0x8000, 0x8000, 0x8000, 0x8000, 0x0C42, 0x1063, 0x0842, 0x0841, 0x0C42, 0x0841, 0x0841, 0x0841,
    0x1063, 0x1484, 0x1062, 0x0821, 0x8000, 0x8000, 0x8000, 0x0400, 0x0421, 0x0421, 0x0821, 0x0841, 0x0C42, 0x1063, 0x1483, 0x18A5,
    0x20C6, 0x1CA5, 0x1CA5, 0x1884, 0x18A5, 0x1484, 0x1063, 0x0C42, 0x0842, 0x0841, 0x0841, 0x0821, 0x0821, 0x8000, 0x8000, 0x8000,
    0x8000, 0x0420, 0x8000, 0x0821, 0x0C42, 0x0821, 0x8000, 0x8000, 0x8000, 0x0002, 0x0004, 0x8000, 0x8000, 0x8000, 0x8000, 0x8000,
    0x0004, 0x0006, 0x0002, 0x0003, 0x0004, 0x0002, 0x0007, 0x042C, 0x0429, 0x0005, 0x0006, 0x0006, 0x0001, 0x8000, 0x8000, 0x8000,
    0x8000, 0x8000, 0x8000, 0x1884, 0x0C42, 0x8000, 0x8000, 0x8000, 0x0821, 0x0821, 0x0C42, 0x1063, 0x18A4, 0x20C6, 0x24E7, 0x2D29,
    0x398C, 0x18A5, 0x0841, 0x0841, 0x0821, 0x0421, 0x0841, 0x0841, 0x0400, 0x8000, 0x0004, 0x0002, 0x0004, 0x0428, 0x0005, 0x8000,
    0x8000, 0x0841, 0x0821, 0x0841, 0x0821, 0x8000, 0x8000, 0x8000, 0x8000, 0x8000, 0x8000, 0x8000, 0x8000, 0x0821, 0x0C42, 0x8000,
    0x8000, 0x8000, 0x0421, 0x0C42, 0x0821, 0x0821, 0x8000, 0x8000, 0x8000, 0x0842, 0x1063, 0x0C42, 0x0841, 0x0841, 0x0C42, 0x1463,
    0x0842, 0x0821, 0x0400, 0x8000, 0x8000, 0x0400, 0x0821, 0x0821, 0x0842, 0x0842, 0x0842, 0x0C42, 0x1063, 0x1CA5, 0x24E7, 0x2D2A,
    0x2D29, 0x2908, 0x24E7, 0x1CA5, 0x1884, 0x1484, 0x1484, 0x1063, 0x1062, 0x0C42, 0x0821, 0x0821, 0x0421, 0x0421, 0x8000, 0x8000,
    0x8000, 0x8000, 0x8000, 0x8000, 0x0C42, 0x0421, 0x8000, 0x8000, 0x8000, 0x0003, 0x8000, 0x8000, 0x8000, 0x8000, 0x0001, 0x0004,
    0x0004, 0x0001, 0x8000, 0x0002, 0x0005, 0x0003, 0x0004, 0x042A, 0x0429, 0x0006, 0x0005, 0x0006, 0x0003, 0x8000, 0x8000, 0x8000,
    0x8000, 0x8000, 0x8000, 0x1063, 0x0421, 0x8000, 0x0421, 0x0841, 0x1062, 0x1062, 0x0C42, 0x1063, 0x1063, 0x18A5, 0x24E7, 0x316B,
    0x24E7, 0x0C42, 0x0841, 0x0842, 0x0821, 0x0421, 0x8000, 0x0421, 0x0C42, 0x8000, 0x8000, 0x0001, 0x0005, 0x0004, 0x8000, 0x8000,
    0x8000, 0x0842, 0x0421, 0x0842, 0x0841, 0x8000, 0x8000, 0x8000, 0x8000, 0x8000, 0x8000, 0x8000, 0x8000, 0x8000, 0x8000, 0x8000,
    0x8000, 0x8000, 0x8000, 0x0421, 0x0841, 0x0841, 0x0821, 0x8000, 0x8000, 0x8000, 0x8000, 0x1063, 0x0842, 0x0C42, 0x1063, 0x0841,
    0x8000, 0x8000, 0x8000, 0x8000, 0x8000, 0x0421, 0x0841, 0x0841, 0x0C42, 0x0C42, 0x0C42, 0x1063, 0x1483, 0x18A4, 0x2908, 0x3DCE,
    0x358C, 0x24E7, 0x24E7, 0x20C6, 0x1484, 0x1483, 0x1483, 0x1063, 0x1063, 0x1062, 0x0841, 0x0821, 0x0421, 0x0821, 0x0421, 0x8000,
    0x8000, 0x8000, 0x8000, 0x0421, 0x0400, 0x8000, 0x8000, 0x8000, 0x8000, 0x8000, 0x8000, 0x8000, 0x0001, 0x0002, 0x0002, 0x0001,
    0x8000, 0x8000, 0x8000, 0x8000, 0x0004, 0x0005, 0x0002, 0x0005, 0x0429, 0x0408, 0x0005, 0x0006, 0x0005, 0x8000, 0x8000, 0x8000,
    0x8000, 0x8000, 0x8000, 0x8000, 0x8000, 0x8000, 0x8000, 0x8000, 0x8000, 0x8000, 0x8000, 0x8000, 0x8000, 0x8000, 0x8000, 0x0400,
    0x8000, 0x8000, 0x8000, 0x8000, 0x8000, 0x8000, 0x8000, 0x8000, 0x8000, 0x8000, 0x8000, 0x8000, 0x8000, 0x8000, 0x8000, 0x8000,
    0x8000, 0x8000, 0x8000, 0x8000, 0x8000, 0x8000, 0x8000, 0x8000, 0x8000, 0x8000, 0x8000, 0x8000, 0x8000, 0x8000, 0x8000, 0x8000,
    0x8000, 0x8000, 0x8000, 0x8000, 0x8000, 0x8000, 0x8000, 0x8000, 0x8000, 0x8000, 0x8000, 0x8000, 0x8000, 0x8000, 0x8000, 0x8000,
    0x8000, 0x8000, 0x8000, 0x8000, 0x8000, 0x8000, 0x8000, 0x8000, 0x8000, 0x8000, 0x8000, 0x8000, 0x8000, 0x8000, 0x8000, 0x0421,
    0x0421, 0x8000, 0x8000, 0x8000, 0x8000, 0x8000, 0x8000, 0x8000, 0x8000, 0x8000, 0x8000, 0x8000, 0x8000, 0x8000, 0x8000, 0x8000,
    0x8000, 0x8000, 0x8000, 0x8000, 0x8000, 0x8000, 0x8000, 0x8000, 0x8000, 0x8000, 0x8000, 0x8000, 0x8000, 0x8000, 0x8000, 0x8000,
    0x8000, 0x8000, 0x8000, 0x8000, 0x8000, 0x8000, 0x8000, 0x8000, 0x8000, 0x8000, 0x8000, 0x8000, 0x8000, 0x8000, 0x8000, 0x8000,
    0x8000, 0x8000, 0x8000, 0x8000, 0x8000, 0x8000, 0x8000, 0x8000, 0x8000, 0x8000, 0x8000, 0x8000, 0x8000, 0x8000, 0x8000, 0x8000,
    0x8000, 0x8000, 0x8000, 0x8000, 0x8000, 0x8000, 0x8000, 0x8000, 0x8000, 0x8000, 0x8000, 0x8000, 0x8000, 0x8000, 0x8000, 0x8000,
    0x8000, 0x8000, 0x8000, 0x8000, 0x8000, 0x8000, 0x8000, 0x8000, 0x8000, 0x8000, 0x8000, 0x8000, 0x8000, 0x8000, 0x8000, 0x8000,
    0x8000, 0x8000, 0x8000, 0x8000, 0x8000, 0x8000, 0x8000, 0x8000, 0x8000, 0x8000, 0x8000, 0x8000, 0x8000, 0x8000, 0x8000, 0x8000,
    0x8000, 0x8000, 0x8000, 0x8000, 0x8000, 0x8000, 0x8000, 0x8000, 0x8000, 0x8000, 0x8000, 0x8000, 0x8000, 0x8000, 0x8000, 0x8000,
    0x8000, 0x8000, 0x8000, 0x8000, 0x8000, 0x8000, 0x8000, 0x8000, 0x8000, 0x8000, 0x8000, 0x8000, 0x8000, 0x8000, 0x8000, 0x8000,
    0x8000, 0x8000, 0x8000, 0x8000, 0x8000, 0x8000, 0x8000, 0x8000, 0x8000, 0x8000, 0x8000, 0x8000, 0x8000, 0x8000, 0x8000, 0x8000,
    0x8000, 0x8000, 0x8000, 0x8000, 0x8000, 0x8000, 0x8000, 0x8000, 0x8000, 0x8000, 0x8000, 0x8000, 0x8000, 0x8000, 0x8000, 0x8000,
    0x8000, 0x8000, 0x8000, 0x8000, 0x8000, 0x8000, 0x8000, 0x8000, 0x8000, 0x8000, 0x8000, 0x8000, 0x8000, 0x8000, 0x8000, 0x8000,
    0x8000, 0x8000, 0x8000, 0x8000, 0x8000, 0x8000, 0x8000, 0x8000, 0x8000, 0x8000, 0x8000, 0x8000, 0x8000, 0x8000, 0x8000, 0x8000,
    0x8000, 0x8000, 0x8000, 0x8000, 0x8000, 0x8000, 0x8000, 0x8000, 0x8000, 0x8000, 0x8000, 0x8000, 0x8000, 0x8000, 0x8000, 0x8000,
    0x8000, 0x8000, 0x8000, 0x8000, 0x8000, 0x8000, 0x8000, 0x8000, 0x8000, 0x8000, 0x8000, 0x8000, 0x8000, 0x8000, 0x8000, 0x8000,
    0x8000, 0x8000, 0x8000, 0x8000, 0x8000, 0x8000, 0x8000, 0x8000, 0x8000, 0x8000, 0x8000, 0x8000, 0x8000, 0x8000, 0x8000, 0x8000,
    0x8000, 0x8000, 0x8000, 0x8000, 0x8000, 0x8000, 0x8000, 0x8000, 0x8000, 0x8000, 0x8000, 0x8000, 0x8000, 0x8000, 0x8000, 0x8000,
    0x8000, 0x8000, 0x8000, 0x8000, 0x8000, 0x8000, 0x8000, 0x8000, 0x8000, 0x8000, 0x8000, 0x8000, 0x8000, 0x8000, 0x8000, 0x8000,
    0x8000, 0x8000, 0x8000, 0x8000, 0x8000, 0x8000, 0x8000, 0x8000, 0x8000, 0x8000, 0x8000, 0x8000, 0x8000, 0x8000, 0x8000, 0x8000,
};

static const uint16_t toshinden_sho_portrait[16384] = {
    0x8000, 0x8000, 0x8000, 0x8000, 0x8000, 0x8000, 0x8000, 0x8000, 0x8000, 0x8000, 0x8000, 0x8000, 0x8000, 0x8000, 0x8000, 0x8000,
    0x8000, 0x8000, 0x8000, 0x8000, 0x8000, 0x8000, 0x8000, 0x8000, 0x8000, 0x8000, 0x8000, 0x8000, 0x8000, 0x8000, 0x8000, 0x8000,
    0x8000, 0x8000, 0x8000, 0x8000, 0x8000, 0x8000, 0x8000, 0x8000, 0x8000, 0x8000, 0x8000, 0x8000, 0x8000, 0x8000, 0x8000, 0x8000,
    0x8000, 0x8000, 0x8000, 0x8000, 0x8000, 0x8000, 0x8000, 0x8000, 0x8000, 0x8000, 0x8000, 0x8000, 0x8000, 0x8000, 0x8000, 0x8000,
    0x8000, 0x8000, 0x8000, 0x8000, 0x8000, 0x8000, 0x8000, 0x8000, 0x8000, 0x8000, 0x8000, 0x8000, 0x8000, 0x8000, 0x8000, 0x8000,
    0x8000, 0x8000, 0x8000, 0x8000, 0x8000, 0x8000, 0x8000, 0x8000, 0x8000, 0x8000, 0x8000, 0x8000, 0x8000, 0x8000, 0x8000, 0x8000,
    0x8000, 0x8000, 0x8000, 0x8000, 0x8000, 0x8000, 0x8000, 0x8000, 0x8000, 0x8000, 0x8000, 0x8000, 0x8000, 0x8000, 0x8000, 0x8000,
    0x8000, 0x8000, 0x8000, 0x8000, 0x8000, 0x8000, 0x8000, 0x8000, 0x8000, 0x8000, 0x8000, 0x8000, 0x8000, 0x8000, 0x8000, 0x8000,
    0x8000, 0x8000, 0x8000, 0x8000, 0x8000, 0x8000, 0x8000, 0x8000, 0x8000, 0x8000, 0x8000, 0x8000, 0x8000, 0x8000, 0x8000, 0x8000,
    0x8000, 0x8000, 0x8000, 0x8000, 0x8000, 0x8000, 0x8000, 0x8000, 0x8000, 0x8000, 0x8000, 0x8000, 0x8000, 0x8000, 0x8000, 0x8000,
    0x8000, 0x8000, 0x8000, 0x8000, 0x8000, 0x8000, 0x8000, 0x8000, 0x8000, 0x0022, 0x8000, 0x8000, 0x8000, 0x8000, 0x8000, 0x8000,
    0x8000, 0x8000, 0x8000, 0x8000, 0x8000, 0x8000, 0x8000, 0x8000, 0x8000, 0x8000, 0x8000, 0x8000, 0x8000, 0x8000, 0x8000, 0x8000,
    0x0043, 0x8000, 0x8000, 0x8000, 0x8000, 0x8000, 0x8000, 0x8000, 0x8000, 0x8000, 0x8000, 0x8000, 0x0021, 0x8000, 0x8000, 0x8000,
    0x8000, 0x8000, 0x0022, 0x0022, 0x0022, 0x0443, 0x0443, 0x8000, 0x8000, 0x8000, 0x8000, 0x8000, 0x8000, 0x8000, 0x8000, 0x8000,
    0x8000, 0x8000, 0x8000, 0x8000, 0x8000, 0x8000, 0x8000, 0x8000, 0x8000, 0x8000, 0x8000, 0x8000, 0x8000, 0x8000, 0x8000, 0x8000,
    0x8000, 0x8000, 0x8000, 0x8000, 0x8000, 0x8000, 0x8000, 0x8000, 0x8000, 0x8000, 0x8000, 0x8000, 0x8000, 0x8000, 0x8000, 0x8000,
    0x8000, 0x8000, 0x8000, 0x8000, 0x8000, 0x8000, 0x8000, 0x8000, 0x8000, 0x8000, 0x8000, 0x8000, 0x8000, 0x8000, 0x8000, 0x8000,
    0x8000, 0x8000, 0x8000, 0x8000, 0x8000, 0x8000, 0x8000, 0x8000, 0x8000, 0x8000, 0x8000, 0x8000, 0x8000, 0x8000, 0x8000, 0x8000,
    0x8000, 0x8000, 0x8000, 0x8000, 0x8000, 0x8000, 0x8000, 0x8000, 0x8000, 0x08A8, 0x0422, 0x8000, 0x8000, 0x8000, 0x8000, 0x8000,
    0x8000, 0x8000, 0x8000, 0x8000, 0x8000, 0x8000, 0x8000, 0x8000, 0x8000, 0x8000, 0x8000, 0x8000, 0x8000, 0x8000, 0x8000, 0x0465,
    0x0CC9, 0x8000, 0x8000, 0x8000, 0x8000, 0x8000, 0x8000, 0x8000, 0x8000, 0x8000, 0x0001, 0x0465, 0x0043, 0x8000, 0x0001, 0x0023,
    0x0886, 0x0CA8, 0x0CCA, 0x0CCA, 0x08A8, 0x0466, 0x0423, 0x8000, 0x8000, 0x8000, 0x8000, 0x8000, 0x8000, 0x8000, 0x8000, 0x8000,
    0x8000, 0x8000, 0x8000, 0x8000, 0x8000, 0x8000, 0x8000, 0x8000, 0x8000, 0x8000, 0x8000, 0x8000, 0x8000, 0x8000, 0x8000, 0x8000,
    0x8000, 0x8000, 0x8000, 0x8000, 0x8000, 0x8000, 0x8000, 0x8000, 0x8000, 0x8000, 0x8000, 0x8000, 0x8000, 0x8000, 0x8000, 0x8000,
    0x8000, 0x8000, 0x8000, 0x8000, 0x8000, 0x8000, 0x8000, 0x8000, 0x8000, 0x8000, 0x8000, 0x8000, 0x8000, 0x8000, 0x8000, 0x8000,
    0x8000, 0x8000, 0x8000, 0x8000, 0x8000, 0x8000, 0x8000, 0x8000, 0x8000, 0x8000, 0x8000, 0x8000, 0x8000, 0x8000, 0x8000, 0x8000,
    0x8000, 0x8000, 0x8000, 0x8000, 0x8000, 0x8000, 0x8000, 0x8000, 0x8000, 0x110C, 0x0CCA, 0x0001, 0x8000, 0x8000, 0x8000, 0x8000,
    0x8000, 0x8000, 0x8000, 0x8000, 0x8000, 0x8000, 0x8000, 0x8000, 0x8000, 0x8000, 0x8000, 0x8000, 0x8000, 0x8000, 0x8000, 0x0CEB,
    0x0CEB, 0x8000, 0x8000, 0x8000, 0x8000, 0x8000, 0x8000, 0x8000, 0x8000, 0x8000, 0x0487, 0x08A9, 0x0043, 0x0001, 0x0487, 0x0CEC,
    0x112E, 0x110D, 0x110D, 0x0CCB, 0x0465, 0x0001, 0x8000, 0x8000, 0x8000, 0x8000, 0x8000, 0x8000, 0x8000, 0x8000, 0x8000, 0x8000,
    0x8000, 0x8000, 0x8000, 0x8000, 0x8000, 0x8000, 0x8000, 0x8000, 0x8000, 0x8000, 0x8000, 0x8000, 0x8000, 0x8000, 0x8000, 0x8000,
    0x8000, 0x8000, 0x8000, 0x8000, 0x8000, 0x8000, 0x8000, 0x8000, 0x8000, 0x8000, 0x8000, 0x8000, 0x8000, 0x8000, 0x8000, 0x8000,
    0x8000, 0x8000, 0x8000, 0x8000, 0x8000, 0x8000, 0x8000, 0x8000, 0x8000, 0x8000, 0x8000, 0x8000, 0x8000, 0x8000, 0x8000, 0x8000,
    0x8000, 0x8000, 0x8000, 0x8000, 0x8000, 0x8000, 0x8000, 0x8000, 0x8000, 0x8000, 0x8000, 0x8000, 0x8000, 0x8000, 0x8000, 0x8000,
    0x8000, 0x8000, 0x8000, 0x8000, 0x8000, 0x8000, 0x8000, 0x8000, 0x0022, 0x08CA, 0x1571, 0x0CC9, 0x8000, 0x8000, 0x8000, 0x8000,
    0x8000, 0x8000, 0x8000, 0x8000, 0x8000, 0x8000, 0x8000, 0x8000, 0x8000, 0x8000, 0x8000, 0x8000, 0x8000, 0x8000, 0x0886, 0x154F,
    0x08A8, 0x8000, 0x8000, 0x8000, 0x8000, 0x8000, 0x8000, 0x8000, 0x8000, 0x0021, 0x0CCB, 0x08A9, 0x0044, 0x08A8, 0x152E, 0x152F,
    0x0CCA, 0x0888, 0x0487, 0x0044, 0x0001, 0x8000, 0x8000, 0x8000, 0x8000, 0x8000, 0x8000, 0x8000, 0x8000, 0x8000, 0x8000, 0x8000,
    0x8000, 0x8000, 0x8000, 0x8000, 0x8000, 0x8000, 0x8000, 0x8000, 0x8000, 0x8000, 0x8000, 0x8000, 0x8000, 0x8000, 0x8000, 0x8000,
    0x8000, 0x8000, 0x8000, 0x8000, 0x8000, 0x8000, 0x8000, 0x8000, 0x8000, 0x8000, 0x8000, 0x8000, 0x8000, 0x8000, 0x8000, 0x8000,
    0x8000, 0x8000, 0x8000, 0x8000, 0x8000, 0x8000, 0x8000, 0x8000, 0x8000, 0x8000, 0x8000, 0x8000, 0x8000, 0x8000, 0x8000, 0x8000,
    0x8000, 0x8000, 0x8000, 0x8000, 0x8000, 0x8000, 0x8000, 0x8000, 0x8000, 0x8000, 0x8000, 0x8000, 0x8000, 0x8000, 0x8000, 0x8000,
    0x8000, 0x8000, 0x8000, 0x8000, 0x8000, 0x8000, 0x8000, 0x8000, 0x0465, 0x08CA, 0x112E, 0x154F, 0x08A9, 0x8000, 0x8000, 0x8000,
    0x8000, 0x8000, 0x8000, 0x8000, 0x8000, 0x8000, 0x8000, 0x8000, 0x8000, 0x8000, 0x8000, 0x8000, 0x8000, 0x0043, 0x110D, 0x110D,
    0x0044, 0x8000, 0x8000, 0x8000, 0x8000, 0x8000, 0x8000, 0x8000, 0x8000, 0x0466, 0x0CCB, 0x0466, 0x0066, 0x08CA, 0x0CEB, 0x0CCA,
    0x08A9, 0x08A8, 0x0487, 0x08A8, 0x08A9, 0x08A9, 0x08A8, 0x0487, 0x0022, 0x8000, 0x8000, 0x8000, 0x8000, 0x8000, 0x8000, 0x8000,
    0x8000, 0x8000, 0x8000, 0x8000, 0x8000, 0x8000, 0x8000, 0x8000, 0x8000, 0x8000, 0x8000, 0x8000, 0x8000, 0x8000, 0x8000, 0x8000,
    0x8000, 0x8000, 0x8000, 0x8000, 0x8000, 0x8000, 0x8000, 0x8000, 0x8000, 0x8000, 0x8000, 0x8000, 0x8000, 0x8000, 0x8000, 0x8000,
    0x8000, 0x8000, 0x8000, 0x8000, 0x8000, 0x8000, 0x8000, 0x8000, 0x8000, 0x8000, 0x8000, 0x8000, 0x8000, 0x8000, 0x8000, 0x8000,
    0x8000, 0x8000, 0x8000, 0x8000, 0x8000, 0x8000, 0x8000, 0x8000, 0x8000, 0x8000, 0x8000, 0x8000, 0x8000, 0x8000, 0x8000, 0x8000,
    0x8000, 0x8000, 0x8000, 0x8000, 0x8000, 0x8000, 0x8000, 0x0001, 0x08A9, 0x08A8, 0x110D, 0x154F, 0x152E, 0x0CCA, 0x8000, 0x8000,
    0x8000, 0x8000, 0x8000, 0x8000, 0x8000, 0x8000, 0x8000, 0x8000, 0x8000, 0x0022, 0x0043, 0x0023, 0x0022, 0x0CCA, 0x1570, 0x0CC9,
    0x0022, 0x0043, 0x0022, 0x8000, 0x8000, 0x8000, 0x8000, 0x8000, 0x0022, 0x0887, 0x0C86, 0x0C44, 0x1045, 0x0C44, 0x0065, 0x0087,
    0x0487, 0x0487, 0x08AA, 0x0CCB, 0x0CCA, 0x08CA, 0x08AA, 0x08AA, 0x08A9, 0x0465, 0x0001, 0x8000, 0x8000, 0x8000, 0x8000, 0x8000,
    0x8000, 0x8000, 0x8000, 0x8000, 0x8000, 0x8000, 0x8000, 0x8000, 0x8000, 0x8000, 0x8000, 0x8000, 0x8000, 0x8000, 0x8000, 0x8000,
    0x8000, 0x8000, 0x8000, 0x8000, 0x8000, 0x8000, 0x8000, 0x8000, 0x8000, 0x8000, 0x8000, 0x8000, 0x8000, 0x8000, 0x8000, 0x8000,
    0x8000, 0x8000, 0x8000, 0x8000, 0x8000, 0x8000, 0x8000, 0x8000, 0x8000, 0x8000, 0x8000, 0x8000, 0x8000, 0x8000, 0x8000, 0x8000,
    0x8000, 0x8000, 0x8000, 0x8000, 0x8000, 0x8000, 0x8000, 0x8000, 0x8000, 0x8000, 0x8000, 0x8000, 0x8000, 0x0022, 0x0444, 0x8000,
    0x8000, 0x8000, 0x8000, 0x8000, 0x8000, 0x8000, 0x8000, 0x0022, 0x08CA, 0x08A9, 0x0CEB, 0x154F, 0x154F, 0x1550, 0x08A8, 0x0001,
    0x8000, 0x8000, 0x8000, 0x8000, 0x8000, 0x0001, 0x0022, 0x0444, 0x0465, 0x0466, 0x0487, 0x0465, 0x0444, 0x112E, 0x1971, 0x08A8,
    0x0022, 0x0488, 0x0466, 0x0465, 0x0044, 0x0023, 0x0022, 0x8000, 0x0022, 0x1445, 0x2867, 0x348A, 0x388A, 0x388A, 0x2868, 0x1466,
    0x0445, 0x0487, 0x0487, 0x0487, 0x0486, 0x0465, 0x0465, 0x0465, 0x0464, 0x0466, 0x0044, 0x8000, 0x8000, 0x8000, 0x8000, 0x8000,
    0x8000, 0x8000, 0x8000, 0x8000, 0x8000, 0x8000, 0x8000, 0x8000, 0x8000, 0x8000, 0x8000, 0x8000, 0x8000, 0x8000, 0x8000, 0x8000,
    0x8000, 0x8000, 0x8000, 0x8000, 0x8000, 0x8000, 0x8000, 0x8000, 0x8000, 0x8000, 0x8000, 0x8000, 0x8000, 0x8000, 0x8000, 0x8000,
    0x8000, 0x8000, 0x8000, 0x8000, 0x8000, 0x8000, 0x8000, 0x8000, 0x8000, 0x8000, 0x8000, 0x8000, 0x8000, 0x8000, 0x8000, 0x8000,
    0x8000, 0x8000, 0x8000, 0x8000, 0x8000, 0x8000, 0x8000, 0x8000, 0x8000, 0x8000, 0x8000, 0x8000, 0x8000, 0x0444, 0x0CCA, 0x0464,
    0x8000, 0x8000, 0x8000, 0x8000, 0x8000, 0x8000, 0x8000, 0x0444, 0x0CCA, 0x08CA, 0x08AA, 0x152E, 0x154F, 0x154F, 0x112E, 0x0887,
    0x0001, 0x8000, 0x8000, 0x0001, 0x0023, 0x0466, 0x08A8, 0x08AA, 0x08AA, 0x0488, 0x0487, 0x0466, 0x0CEB, 0x112E, 0x1950, 0x0CCA,
    0x0044, 0x08A8, 0x08A9, 0x08A9, 0x04A9, 0x0466, 0x0045, 0x0444, 0x0044, 0x0823, 0x1C45, 0x2467, 0x2C68, 0x3C8B, 0x40AC, 0x3C8A,
    0x2067, 0x0865, 0x0044, 0x0044, 0x0044, 0x0044, 0x0043, 0x0023, 0x0001, 0x8000, 0x0022, 0x0022, 0x8000, 0x8000, 0x8000, 0x8000,
    0x8000, 0x8000, 0x8000, 0x8000, 0x8000, 0x8000, 0x8000, 0x8000, 0x8000, 0x8000, 0x8000, 0x8000, 0x8000, 0x8000, 0x8000, 0x8000,
    0x8000, 0x8000, 0x8000, 0x8000, 0x8000, 0x8000, 0x8000, 0x8000, 0x8000, 0x8000, 0x8000, 0x8000, 0x8000, 0x8000, 0x8000, 0x8000,
    0x8000, 0x8000, 0x8000, 0x8000, 0x8000, 0x8000, 0x8000, 0x8000, 0x8000, 0x8000, 0x8000, 0x8000, 0x8000, 0x8000, 0x8000, 0x8000,
    0x8000, 0x8000, 0x8000, 0x8000, 0x8000, 0x8000, 0x8000, 0x8000, 0x8000, 0x8000, 0x8000, 0x8000, 0x8000, 0x0021, 0x08A9, 0x154F,
    0x0021, 0x0001, 0x8000, 0x8000, 0x8000, 0x8000, 0x0022, 0x0487, 0x0CEC, 0x0CCB, 0x0488, 0x112E, 0x154F, 0x154F, 0x152F, 0x152E,
    0x08A8, 0x0001, 0x0444, 0x0488, 0x08A9, 0x08CA, 0x08CA, 0x0888, 0x0065, 0x0488, 0x0023, 0x0887, 0x154F, 0x0CEC, 0x154F, 0x0CCA,
    0x0045, 0x0465, 0x08A9, 0x08A9, 0x0488, 0x0466, 0x0487, 0x08A9, 0x08A9, 0x0466, 0x0044, 0x0022, 0x0C23, 0x1C45, 0x348A, 0x40AC,
    0x44AC, 0x2466, 0x0443, 0x0466, 0x0466, 0x0488, 0x08A9, 0x0888, 0x0467, 0x0021, 0x8000, 0x8000, 0x8000, 0x8000, 0x8000, 0x8000,
    0x8000, 0x8000, 0x8000, 0x8000, 0x8000, 0x8000, 0x8000, 0x8000, 0x8000, 0x8000, 0x8000, 0x8000, 0x8000, 0x8000, 0x8000, 0x8000,
    0x8000, 0x8000, 0x8000, 0x8000, 0x8000, 0x8000, 0x8000, 0x8000, 0x8000, 0x8000, 0x8000, 0x8000, 0x8000, 0x8000, 0x8000, 0x8000,
    0x8000, 0x8000, 0x8000, 0x8000, 0x8000, 0x8000, 0x8000, 0x8000, 0x8000, 0x8000, 0x8000, 0x8000, 0x8000, 0x8000, 0x8000, 0x8000,
    0x8000, 0x8000, 0x8000, 0x8000, 0x8000, 0x8000, 0x8000, 0x8000, 0x8000, 0x8000, 0x8000, 0x8000, 0x8000, 0x8000, 0x0444, 0x1550,
    0x0443, 0x0886, 0x0887, 0x8000, 0x8000, 0x8000, 0x0444, 0x08AA, 0x0CEC, 0x110D, 0x0488, 0x0CCA, 0x1550, 0x112E, 0x112D, 0x152F,
    0x154F, 0x0CCA, 0x0044, 0x08A9, 0x08A9, 0x08CA, 0x0488, 0x0487, 0x08A9, 0x0487, 0x0043, 0x0CEB, 0x08CA, 0x0D0C, 0x154F, 0x08A9,
    0x0486, 0x0022, 0x0466, 0x0045, 0x0044, 0x0487, 0x08AA, 0x08A9, 0x0487, 0x0488, 0x08A9, 0x08A9, 0x0488, 0x0465, 0x0422, 0x2446,
    0x388A, 0x40AC, 0x2867, 0x0044, 0x0888, 0x08A9, 0x08A9, 0x08A9, 0x08AA, 0x0888, 0x0043, 0x8000, 0x8000, 0x8000, 0x8000, 0x8000,
    0x8000, 0x8000, 0x8000, 0x8000, 0x8000, 0x8000, 0x8000, 0x8000, 0x8000, 0x8000, 0x8000, 0x8000, 0x8000, 0x8000, 0x8000, 0x8000,
    0x8000, 0x8000, 0x8000, 0x8000, 0x8000, 0x8000, 0x8000, 0x8000, 0x8000, 0x8000, 0x8000, 0x8000, 0x8000, 0x8000, 0x8000, 0x8000,
    0x8000, 0x8000, 0x8000, 0x8000, 0x8000, 0x8000, 0x8000, 0x8000, 0x8000, 0x8000, 0x8000, 0x8000, 0x8000, 0x8000, 0x8000, 0x8000,
    0x8000, 0x8000, 0x8000, 0x8000, 0x8000, 0x8000, 0x8000, 0x8000, 0x8000, 0x8000, 0x8000, 0x8000, 0x8000, 0x8000, 0x0023, 0x110D,
    0x10EB, 0x08A7, 0x152E, 0x0466, 0x8000, 0x0021, 0x0466, 0x08A9, 0x0CCA, 0x152E, 0x0CCA, 0x0487, 0x0CEB, 0x152F, 0x0CEC, 0x112E,
    0x154F, 0x154F, 0x0CCB, 0x0043, 0x0465, 0x0487, 0x0467, 0x08A9, 0x0888, 0x0022, 0x08A8, 0x0CEB, 0x0043, 0x110D, 0x154F, 0x08A9,
    0x08A9, 0x0466, 0x0044, 0x0044, 0x0487, 0x08A9, 0x0487, 0x0467, 0x0488, 0x08A9, 0x08A9, 0x08A9, 0x08A9, 0x08A9, 0x0488, 0x0444,
    0x1023, 0x3068, 0x3489, 0x1024, 0x0044, 0x0488, 0x08A9, 0x08A9, 0x08A9, 0x08CA, 0x0887, 0x8000, 0x8000, 0x8000, 0x8000, 0x8000,
    0x8000, 0x8000, 0x8000, 0x8000, 0x8000, 0x8000, 0x8000, 0x8000, 0x8000, 0x8000, 0x8000, 0x8000, 0x8000, 0x8000, 0x8000, 0x8000,
    0x8000, 0x8000, 0x8000, 0x8000, 0x8000, 0x8000, 0x8000, 0x8000, 0x8000, 0x8000, 0x8000, 0x8000, 0x8000, 0x8000, 0x8000, 0x8000,
    0x8000, 0x8000, 0x8000, 0x8000, 0x8000, 0x8000, 0x8000, 0x8000, 0x8000, 0x8000, 0x8000, 0x8000, 0x8000, 0x8000, 0x8000, 0x8000,
    0x8000, 0x8000, 0x8000, 0x8000, 0x8000, 0x8000, 0x8000, 0x8000, 0x8000, 0x8000, 0x8000, 0x8000, 0x8000, 0x8000, 0x0023, 0x0CCA,
    0x0CA8, 0x0464, 0x154F, 0x112E, 0x0023, 0x0023, 0x0487, 0x08A8, 0x08A9, 0x0CEC, 0x0CEC, 0x0487, 0x08A9, 0x1970, 0x0CEC, 0x0CCB,
    0x110D, 0x154F, 0x154F, 0x10EB, 0x0465, 0x0044, 0x0466, 0x0487, 0x0044, 0x0443, 0x0CEB, 0x08A8, 0x0022, 0x112E, 0x154F, 0x0CCA,
    0x08A9, 0x08A9, 0x0022, 0x0466, 0x0488, 0x0487, 0x0466, 0x08A9, 0x08A9, 0x08A9, 0x08A9, 0x08A9, 0x08A9, 0x08A9, 0x08A9, 0x08A9,
    0x0044, 0x0C23, 0x2046, 0x2446, 0x0444, 0x0065, 0x0487, 0x08A9, 0x08A9, 0x08A9, 0x08A9, 0x0466, 0x8000, 0x8000, 0x8000, 0x8000,
    0x8000, 0x8000, 0x8000, 0x8000, 0x8000, 0x8000, 0x8000, 0x8000, 0x8000, 0x8000, 0x8000, 0x8000, 0x8000, 0x8000, 0x8000, 0x8000,
    0x8000, 0x8000, 0x8000, 0x8000, 0x8000, 0x8000, 0x8000, 0x8000, 0x8000, 0x8000, 0x8000, 0x8000, 0x8000, 0x8000, 0x8000, 0x8000,
    0x8000, 0x8000, 0x8000, 0x8000, 0x8000, 0x8000, 0x8000, 0x8000, 0x8000, 0x8000, 0x8000, 0x8000, 0x8000, 0x8000, 0x8000, 0x8000,
    0x8000, 0x8000, 0x8000, 0x8000, 0x8000, 0x8000, 0x8000, 0x8000, 0x8000, 0x8000, 0x8000, 0x8000, 0x8000, 0x8000, 0x0001, 0x0487,
    0x0021, 0x0444, 0x0CEC, 0x152F, 0x08A8, 0x0044, 0x0466, 0x0487, 0x08A9, 0x0CCB, 0x0CEC, 0x08A9, 0x0466, 0x110D, 0x110D, 0x0CCB,
    0x0CEB, 0x112E, 0x152E, 0x1950, 0x0CEB, 0x0444, 0x0044, 0x0065, 0x0022, 0x08A9, 0x0CCB, 0x0444, 0x0421, 0x110D, 0x1950, 0x0CEC,
    0x08A9, 0x08A9, 0x0466, 0x0444, 0x0044, 0x0487, 0x08A9, 0x08A9, 0x08A9, 0x08A9, 0x08A9, 0x08A9, 0x08A9, 0x08A9, 0x08A9, 0x08A9,
    0x0487, 0x0043, 0x0422, 0x1C45, 0x0C45, 0x0044, 0x0465, 0x08A8, 0x08A9, 0x08A9, 0x08CA, 0x08A9, 0x0001, 0x8000, 0x8000, 0x8000,
    0x8000, 0x8000, 0x8000, 0x8000, 0x8000, 0x8000, 0x8000, 0x8000, 0x8000, 0x8000, 0x8000, 0x8000, 0x8000, 0x8000, 0x8000, 0x8000,
    0x8000, 0x8000, 0x8000, 0x8000, 0x8000, 0x8000, 0x8000, 0x8000, 0x8000, 0x8000, 0x8000, 0x8000, 0x8000, 0x8000, 0x8000, 0x8000,
    0x8000, 0x8000, 0x8000, 0x8000, 0x8000, 0x8000, 0x8000, 0x8000, 0x8000, 0x8000, 0x8000, 0x8000, 0x8000, 0x8000, 0x8000, 0x8000,
    0x8000, 0x8000, 0x8000, 0x8000, 0x8000, 0x8000, 0x8000, 0x8000, 0x8000, 0x8000, 0x8000, 0x8000, 0x8000, 0x8000, 0x8000, 0x0001,
    0x0043, 0x0065, 0x08CA, 0x152E, 0x0CEB, 0x08A9, 0x0044, 0x0466, 0x08A8, 0x08A9, 0x0CCB, 0x08A9, 0x0065, 0x08A9, 0x110D, 0x110D,
    0x0CEC, 0x0CEB, 0x0D0C, 0x112E, 0x112E, 0x0CCA, 0x0023, 0x0022, 0x0444, 0x0CEC, 0x0465, 0x8000, 0x0022, 0x0CEC, 0x1970, 0x0CEC,
    0x08A9, 0x08CA, 0x08CA, 0x0465, 0x0044, 0x08A9, 0x08AA, 0x08A9, 0x08A9, 0x08A9, 0x08A9, 0x08A9, 0x08A9, 0x08A9, 0x08A9, 0x08AA,
    0x0466, 0x0044, 0x0044, 0x0C23, 0x0844, 0x0044, 0x0466, 0x0467, 0x0487, 0x08A9, 0x0CCA, 0x08CA, 0x0465, 0x8000, 0x8000, 0x8000,
    0x8000, 0x8000, 0x8000, 0x8000, 0x8000, 0x8000, 0x8000, 0x8000, 0x8000, 0x8000, 0x8000, 0x8000, 0x8000, 0x8000, 0x8000, 0x8000,
    0x8000, 0x8000, 0x8000, 0x8000, 0x8000, 0x8000, 0x8000, 0x8000, 0x8000, 0x8000, 0x8000, 0x8000, 0x8000, 0x8000, 0x8000, 0x8000,
    0x8000, 0x8000, 0x8000, 0x8000, 0x8000, 0x8000, 0x8000, 0x8000, 0x8000, 0x8000, 0x8000, 0x8000, 0x8000, 0x8000, 0x8000, 0x8000,
    0x8000, 0x8000, 0x8000, 0x8000, 0x8000, 0x8000, 0x8000, 0x8000, 0x8000, 0x8000, 0x8000, 0x8000, 0x8000, 0x8000, 0x8000, 0x8000,
    0x0044, 0x0044, 0x08A8, 0x1550, 0x0487, 0x0CEB, 0x0888, 0x0001, 0x0466, 0x08A9, 0x08CA, 0x08A9, 0x0044, 0x0487, 0x112F, 0x0CEC,
    0x0CCB, 0x0CCB, 0x0CEC, 0x0CCA, 0x08CA, 0x08A9, 0x0466, 0x0021, 0x08A9, 0x0CCA, 0x0023, 0x0022, 0x0022, 0x0CCA, 0x1971, 0x0CEB,
    0x08A9, 0x08CA, 0x110D, 0x08A9, 0x0487, 0x0044, 0x0466, 0x08AA, 0x08A9, 0x08A9, 0x08A9, 0x08A9, 0x08A9, 0x08A9, 0x08A9, 0x08CA,
    0x0466, 0x0044, 0x0487, 0x0465, 0x0021, 0x0044, 0x0045, 0x0466, 0x0466, 0x0466, 0x08A8, 0x08CA, 0x0888, 0x0001, 0x8000, 0x8000,
    0x8000, 0x8000, 0x8000, 0x8000, 0x8000, 0x8000, 0x8000, 0x8000, 0x8000, 0x8000, 0x8000, 0x8000, 0x8000, 0x8000, 0x8000, 0x8000,
    0x8000, 0x8000, 0x8000, 0x8000, 0x8000, 0x8000, 0x8000, 0x8000, 0x8000, 0x8000, 0x8000, 0x8000, 0x8000, 0x8000, 0x8000, 0x8000,
    0x8000, 0x8000, 0x8000, 0x8000, 0x8000, 0x8000, 0x8000, 0x8000, 0x8000, 0x8000, 0x8000, 0x8000, 0x8000, 0x8000, 0x8000, 0x8000,
    0x8000, 0x8000, 0x8000, 0x8000, 0x8000, 0x8000, 0x8000, 0x8000, 0x8000, 0x8000, 0x8000, 0x8000, 0x8000, 0x8000, 0x8000, 0x8000,
    0x0044, 0x0044, 0x0887, 0x1550, 0x08A9, 0x08A9, 0x110D, 0x0887, 0x0023, 0x0487, 0x08A9, 0x08A9, 0x0465, 0x0466, 0x110E, 0x0CEB,
    0x08A9, 0x0CCB, 0x08AA, 0x08A9, 0x0888, 0x0467, 0x0043, 0x0444, 0x0CEC, 0x0465, 0x0022, 0x0023, 0x0022, 0x0887, 0x152F, 0x112E,
    0x08CA, 0x08CA, 0x110D, 0x110D, 0x0CCB, 0x0487, 0x0444, 0x0444, 0x08A9, 0x08CA, 0x08A9, 0x0CCA, 0x0CEB, 0x08A9, 0x08A9, 0x0488,
    0x0465, 0x0465, 0x08A8, 0x0066, 0x0023, 0x0043, 0x0045, 0x0466, 0x0467, 0x0043, 0x0465, 0x0488, 0x08A9, 0x0021, 0x8000, 0x8000,
    0x8000, 0x8000, 0x8000, 0x8000, 0x8000, 0x8000, 0x8000, 0x8000, 0x8000, 0x8000, 0x8000, 0x8000, 0x8000, 0x8000, 0x8000, 0x8000,
    0x8000, 0x8000, 0x8000, 0x8000, 0x8000, 0x8000, 0x8000, 0x8000, 0x8000, 0x8000, 0x8000, 0x8000, 0x8000, 0x8000, 0x8000, 0x8000,
    0x8000, 0x8000, 0x8000, 0x8000, 0x8000, 0x8000, 0x8000, 0x8000, 0x8000, 0x8000, 0x8000, 0x8000, 0x8000, 0x8000, 0x8000, 0x8000,
    0x8000, 0x8000, 0x8000, 0x8000, 0x8000, 0x8000, 0x8000, 0x8000, 0x8000, 0x8000, 0x8000, 0x8000, 0x8000, 0x8000, 0x8000, 0x0023,
    0x0445, 0x0044, 0x0487, 0x1950, 0x110C, 0x0023, 0x0CEC, 0x152E, 0x0465, 0x0044, 0x0888, 0x0888, 0x0466, 0x0045, 0x0CCB, 0x0CCB,
    0x08A9, 0x08CA, 0x08A9, 0x08A9, 0x0466, 0x0043, 0x0022, 0x08CA, 0x0CEB, 0x0023, 0x0022, 0x0023, 0x0022, 0x0443, 0x110D, 0x154F,
    0x110C, 0x08A8, 0x110D, 0x152F, 0x110C, 0x08A9, 0x08A8, 0x0486, 0x0444, 0x0487, 0x08CA, 0x0CCB, 0x0CCB, 0x08AA, 0x08A9, 0x0465,
    0x0044, 0x0487, 0x08A9, 0x08A8, 0x0466, 0x0022, 0x0044, 0x0065, 0x0466, 0x0465, 0x0022, 0x0043, 0x08A9, 0x0443, 0x8000, 0x8000,
    0x8000, 0x8000, 0x8000, 0x8000, 0x8000, 0x8000, 0x8000, 0x8000, 0x8000, 0x8000, 0x8000, 0x8000, 0x8000, 0x8000, 0x8000, 0x8000,
    0x8000, 0x8000, 0x8000, 0x8000, 0x8000, 0x8000, 0x8000, 0x8000, 0x8000, 0x8000, 0x8000, 0x8000, 0x8000, 0x8000, 0x8000, 0x8000,
    0x8000, 0x8000, 0x8000, 0x8000, 0x8000, 0x8000, 0x8000, 0x8000, 0x8000, 0x8000, 0x8000, 0x8000, 0x8000, 0x8000, 0x8000, 0x8000,
    0x8000, 0x8000, 0x8000, 0x8000, 0x8000, 0x8000, 0x8000, 0x8000, 0x8000, 0x8000, 0x8000, 0x8000, 0x8000, 0x8000, 0x0021, 0x0044,
    0x0465, 0x0045, 0x0466, 0x1550, 0x152D, 0x8000, 0x0443, 0x0CEB, 0x110D, 0x0465, 0x0045, 0x0488, 0x0465, 0x0044, 0x0487, 0x0CCA,
    0x08A9, 0x08A9, 0x08A8, 0x0488, 0x0044, 0x0022, 0x0444, 0x0CEC, 0x0486, 0x0022, 0x0043, 0x0043, 0x0022, 0x0022, 0x110D, 0x154F,
    0x110D, 0x08CA, 0x0CEC, 0x112E, 0x152F, 0x0CCA, 0x08CA, 0x08CA, 0x0444, 0x0044, 0x0486, 0x08A9, 0x08AA, 0x08A9, 0x0487, 0x0044,
    0x0044, 0x0487, 0x0CCA, 0x08CA, 0x0467, 0x0043, 0x0022, 0x0045, 0x0465, 0x0487, 0x0023, 0x8000, 0x0465, 0x0465, 0x8000, 0x8000,
    0x8000, 0x8000, 0x8000, 0x8000, 0x8000, 0x8000, 0x8000, 0x8000, 0x8000, 0x8000, 0x8000, 0x8000, 0x8000, 0x8000, 0x8000, 0x8000,
    0x8000, 0x8000, 0x8000, 0x8000, 0x8000, 0x8000, 0x8000, 0x8000, 0x8000, 0x8000, 0x8000, 0x8000, 0x8000, 0x8000, 0x8000, 0x8000,
    0x8000, 0x8000, 0x8000, 0x8000, 0x8000, 0x8000, 0x8000, 0x8000, 0x8000, 0x8000, 0x8000, 0x8000, 0x8000, 0x8000, 0x8000, 0x8000,
    0x8000, 0x8000, 0x8000, 0x8000, 0x8000, 0x8000, 0x8000, 0x8000, 0x8000, 0x8000, 0x8000, 0x8000, 0x8000, 0x0421, 0x0444, 0x0044,
    0x0487, 0x0466, 0x0466, 0x152E, 0x152D, 0x0021, 0x0001, 0x0465, 0x152F, 0x0CEB, 0x0465, 0x0466, 0x0045, 0x0044, 0x0045, 0x08A9,
    0x08A9, 0x08A9, 0x0487, 0x0045, 0x0044, 0x0021, 0x0887, 0x0CCB, 0x0022, 0x0023, 0x0044, 0x0044, 0x0022, 0x0022, 0x0CEB, 0x154F,
    0x112E, 0x110D, 0x08A9, 0x110D, 0x1550, 0x112E, 0x08CA, 0x0CCA, 0x08CA, 0x08CA, 0x0443, 0x0444, 0x08A8, 0x0466, 0x0044, 0x0044,
    0x0487, 0x08AA, 0x08AA, 0x0CCA, 0x0466, 0x0044, 0x0043, 0x0044, 0x0045, 0x0466, 0x0445, 0x8000, 0x0021, 0x0045, 0x0022, 0x8000,
    0x8000, 0x8000, 0x8000, 0x8000, 0x8000, 0x8000, 0x8000, 0x8000, 0x8000, 0x8000, 0x8000, 0x8000, 0x8000, 0x8000, 0x8000, 0x8000,
    0x8000, 0x8000, 0x8000, 0x8000, 0x8000, 0x8000, 0x8000, 0x8000, 0x8000, 0x8000, 0x8000, 0x8000, 0x8000, 0x8000, 0x8000, 0x8000,
    0x8000, 0x8000, 0x8000, 0x8000, 0x8000, 0x8000, 0x8000, 0x8000, 0x8000, 0x8000, 0x8000, 0x8000, 0x8000, 0x8000, 0x8000, 0x8000,
    0x8000, 0x8000, 0x8000, 0x8000, 0x8000, 0x8000, 0x8000, 0x8000, 0x8000, 0x8000, 0x8000, 0x8000, 0x8000, 0x0022, 0x0466, 0x0044,
    0x08A8, 0x0466, 0x0466, 0x112E, 0x152D, 0x0022, 0x0023, 0x0021, 0x0466, 0x1950, 0x0CCA, 0x0022, 0x0465, 0x0044, 0x0044, 0x0488,
    0x08CA, 0x0488, 0x0488, 0x0044, 0x0022, 0x0443, 0x08CB, 0x0487, 0x0023, 0x0023, 0x0445, 0x0045, 0x0022, 0x8000, 0x0CA9, 0x1550,
    0x152F, 0x112D, 0x08A9, 0x110C, 0x1950, 0x110D, 0x0CCA, 0x112E, 0x08CA, 0x110D, 0x152E, 0x0888, 0x0023, 0x0023, 0x0044, 0x0466,
    0x08AA, 0x08CA, 0x08CA, 0x08CA, 0x0465, 0x0045, 0x0466, 0x0022, 0x0044, 0x0044, 0x0045, 0x0043, 0x8000, 0x0021, 0x0001, 0x8000,
    0x8000, 0x8000, 0x8000, 0x8000, 0x8000, 0x8000, 0x8000, 0x8000, 0x8000, 0x8000, 0x8000, 0x8000, 0x8000, 0x8000, 0x8000, 0x8000,
    0x8000, 0x8000, 0x8000, 0x8000, 0x8000, 0x8000, 0x8000, 0x8000, 0x8000, 0x8000, 0x8000, 0x8000, 0x8000, 0x8000, 0x8000, 0x8000,
    0x8000, 0x8000, 0x8000, 0x8000, 0x8000, 0x8000, 0x8000, 0x8000, 0x8000, 0x8000, 0x8000, 0x8000, 0x8000, 0x8000, 0x8000, 0x8000,
    0x8000, 0x8000, 0x8000, 0x8000, 0x8000, 0x8000, 0x8000, 0x8000, 0x8000, 0x8000, 0x8000, 0x8000, 0x0400, 0x0444, 0x0466, 0x0044,
    0x08A9, 0x0466, 0x0466, 0x110E, 0x150D, 0x0022, 0x0043, 0x0022, 0x0022, 0x0CCA, 0x154F, 0x08A8, 0x0022, 0x0044, 0x0043, 0x0466,
    0x08A9, 0x0487, 0x0045, 0x0044, 0x0021, 0x0886, 0x08CA, 0x0043, 0x0023, 0x0465, 0x0465, 0x0023, 0x0023, 0x0001, 0x0466, 0x152F,
    0x154F, 0x152E, 0x08A9, 0x0CEC, 0x112E, 0x152F, 0x110E, 0x152F, 0x0CCB, 0x0CCB, 0x152E, 0x110D, 0x0CEB, 0x0888, 0x0022, 0x0888,
    0x08CA, 0x08CA, 0x08CA, 0x08A9, 0x0466, 0x0065, 0x08A8, 0x0444, 0x0044, 0x0065, 0x0044, 0x0022, 0x8000, 0x8000, 0x8000, 0x8000,
    0x8000, 0x8000, 0x8000, 0x8000, 0x8000, 0x8000, 0x8000, 0x8000, 0x8000, 0x8000, 0x8000, 0x8000, 0x8000, 0x8000, 0x8000, 0x8000,
    0x8000, 0x8000, 0x8000, 0x8000, 0x8000, 0x8000, 0x8000, 0x8000, 0x8000, 0x8000, 0x8000, 0x8000, 0x8000, 0x8000, 0x8000, 0x8000,
    0x8000, 0x8000, 0x8000, 0x8000, 0x8000, 0x8000, 0x8000, 0x8000, 0x8000, 0x8000, 0x8000, 0x8000, 0x8000, 0x8000, 0x8000, 0x8000,
    0x8000, 0x8000, 0x8000, 0x8000, 0x8000, 0x8000, 0x8000, 0x8000, 0x8000, 0x8000, 0x8000, 0x8000, 0x0021, 0x0465, 0x0466, 0x0044,
    0x08A9, 0x0488, 0x0487, 0x110D, 0x110C, 0x0021, 0x0023, 0x0043, 0x0022, 0x0022, 0x110C, 0x112E, 0x0466, 0x0043, 0x0043, 0x0045,
    0x0487, 0x0466, 0x0044, 0x0043, 0x0021, 0x0CCA, 0x08A9, 0x0021, 0x0044, 0x0466, 0x0444, 0x0043, 0x0023, 0x0022, 0x0043, 0x110D,
    0x154F, 0x152E, 0x0CEC, 0x08CA, 0x110C, 0x154F, 0x152E, 0x154F, 0x110D, 0x0CCB, 0x110D, 0x152E, 0x112E, 0x112E, 0x08A9, 0x0444,
    0x08A8, 0x0CCA, 0x0CCA, 0x0888, 0x0045, 0x0466, 0x08AA, 0x0487, 0x0023, 0x0044, 0x0444, 0x0021, 0x8000, 0x8000, 0x8000, 0x8000,
    0x8000, 0x8000, 0x8000, 0x8000, 0x8000, 0x8000, 0x8000, 0x8000, 0x8000, 0x8000, 0x8000, 0x8000, 0x8000, 0x8000, 0x8000, 0x8000,
    0x8000, 0x8000, 0x8000, 0x8000, 0x8000, 0x8000, 0x8000, 0x8000, 0x8000, 0x8000, 0x8000, 0x8000, 0x8000, 0x8000, 0x8000, 0x8000,
    0x8000, 0x8000, 0x8000, 0x8000, 0x8000, 0x8000, 0x8000, 0x8000, 0x8000, 0x8000, 0x8000, 0x8000, 0x8000, 0x8000, 0x8000, 0x8000,
    0x8000, 0x8000, 0x8000, 0x8000, 0x8000, 0x8000, 0x8000, 0x8000, 0x8000, 0x8000, 0x8000, 0x8000, 0x0023, 0x0465, 0x0465, 0x0045,
    0x0CCA, 0x08A9, 0x0487, 0x110D, 0x110D, 0x0021, 0x0022, 0x0043, 0x0044, 0x0022, 0x0465, 0x112E, 0x0CEB, 0x0001, 0x0043, 0x0045,
    0x0487, 0x0466, 0x0044, 0x0023, 0x0444, 0x0CEC, 0x0487, 0x0022, 0x0044, 0x0465, 0x0445, 0x0445, 0x0022, 0x0023, 0x0021, 0x0CCA,
    0x154F, 0x154F, 0x112E, 0x0CCA, 0x110C, 0x154F, 0x112E, 0x152F, 0x154F, 0x0CEB, 0x0CEC, 0x154F, 0x152E, 0x154F, 0x154F, 0x0465,
    0x0466, 0x0CCA, 0x08AA, 0x0487, 0x0044, 0x0487, 0x08CA, 0x0487, 0x0022, 0x0044, 0x0044, 0x8000, 0x8000, 0x8000, 0x8000, 0x8000,
    0x8000, 0x8000, 0x8000, 0x8000, 0x8000, 0x8000, 0x8000, 0x8000, 0x8000, 0x8000, 0x8000, 0x8000, 0x8000, 0x8000, 0x8000, 0x8000,
    0x8000, 0x8000, 0x8000, 0x8000, 0x8000, 0x8000, 0x8000, 0x8000, 0x8000, 0x8000, 0x8000, 0x8000, 0x8000, 0x8000, 0x8000, 0x8000,
    0x8000, 0x8000, 0x8000, 0x8000, 0x8000, 0x8000, 0x8000, 0x8000, 0x8000, 0x8000, 0x8000, 0x8000, 0x8000, 0x8000, 0x8000, 0x8000,
    0x8000, 0x8000, 0x8000, 0x8000, 0x8000, 0x8000, 0x8000, 0x8000, 0x8000, 0x8000, 0x8000, 0x8000, 0x0444, 0x0466, 0x0065, 0x0466,
    0x0CCB, 0x08A9, 0x0488, 0x110D, 0x110D, 0x0021, 0x0023, 0x0043, 0x0043, 0x0044, 0x0022, 0x0887, 0x154F, 0x0465, 0x0023, 0x0044,
    0x0065, 0x0465, 0x0044, 0x0022, 0x0887, 0x08CA, 0x0043, 0x0023, 0x0467, 0x0044, 0x0045, 0x0465, 0x0022, 0x0044, 0x0001, 0x0887,
    0x154F, 0x152F, 0x152E, 0x0CCB, 0x110D, 0x154F, 0x110D, 0x110D, 0x152F, 0x154F, 0x0CEC, 0x112E, 0x152F, 0x152E, 0x1550, 0x0CEB,
    0x0465, 0x08A9, 0x0888, 0x0045, 0x0044, 0x0888, 0x08AA, 0x0065, 0x0044, 0x0044, 0x0023, 0x8000, 0x8000, 0x8000, 0x8000, 0x8000,
    0x8000, 0x8000, 0x8000, 0x8000, 0x8000, 0x8000, 0x8000, 0x8000, 0x8000, 0x8000, 0x8000, 0x8000, 0x8000, 0x8000, 0x8000, 0x8000,
    0x8000, 0x8000, 0x8000, 0x8000, 0x8000, 0x8000, 0x8000, 0x8000, 0x8000, 0x8000, 0x8000, 0x8000, 0x8000, 0x8000, 0x8000, 0x8000,
    0x8000, 0x8000, 0x8000, 0x8000, 0x8000, 0x8000, 0x8000, 0x8000, 0x8000, 0x8000, 0x8000, 0x8000, 0x8000, 0x8000, 0x8000, 0x8000,
    0x8000, 0x8000, 0x8000, 0x8000, 0x8000, 0x8000, 0x8000, 0x8000, 0x8000, 0x8000, 0x8000, 0x8000, 0x0466, 0x0487, 0x0445, 0x08A8,
    0x112E, 0x0CCB, 0x0488, 0x110D, 0x110D, 0x0001, 0x0023, 0x0044, 0x0023, 0x0465, 0x0044, 0x0022, 0x08A9, 0x152E, 0x0443, 0x0043,
    0x0044, 0x0044, 0x0023, 0x0022, 0x08A9, 0x0487, 0x0022, 0x0044, 0x0466, 0x0044, 0x0044, 0x0044, 0x0044, 0x0043, 0x0022, 0x0465,
    0x110D, 0x154F, 0x152F, 0x112E, 0x112E, 0x152F, 0x110D, 0x0CCB, 0x152E, 0x154F, 0x110D, 0x152E, 0x152F, 0x152E, 0x154F, 0x152E,
    0x0886, 0x0487, 0x0487, 0x0044, 0x0487, 0x08A9, 0x08A9, 0x0466, 0x0467, 0x0044, 0x0022, 0x8000, 0x8000, 0x8000, 0x8000, 0x8000,
    0x8000, 0x8000, 0x8000, 0x8000, 0x8000, 0x8000, 0x8000, 0x8000, 0x8000, 0x8000, 0x8000, 0x8000, 0x8000, 0x8000, 0x8000, 0x8000,
    0x8000, 0x8000, 0x8000, 0x8000, 0x8000, 0x8000, 0x8000, 0x8000, 0x8000, 0x8000, 0x8000, 0x8000, 0x8000, 0x8000, 0x8000, 0x8000,
    0x8000, 0x8000, 0x8000, 0x8000, 0x8000, 0x8000, 0x8000, 0x8000, 0x8000, 0x8000, 0x8000, 0x8000, 0x8000, 0x8000, 0x8000, 0x8000,
    0x8000, 0x8000, 0x8000, 0x8000, 0x8000, 0x8000, 0x8000, 0x8000, 0x8000, 0x8000, 0x8000, 0x0001, 0x08A8, 0x0487, 0x0045, 0x0CCB,
    0x152F, 0x0CCA, 0x0488, 0x112E, 0x110D, 0x0021, 0x0043, 0x0044, 0x0023, 0x0466, 0x0045, 0x0022, 0x0464, 0x154F, 0x0887, 0x0022,
    0x0044, 0x0044, 0x0023, 0x0022, 0x08A9, 0x0444, 0x0043, 0x0487, 0x0065, 0x0044, 0x0023, 0x0043, 0x0044, 0x0044, 0x0043, 0x0022,
    0x0CCA, 0x1550, 0x154F, 0x154F, 0x152F, 0x152E, 0x154F, 0x110D, 0x0CCB, 0x152E, 0x154F, 0x154F, 0x154F, 0x154F, 0x154F, 0x1550,
    0x0887, 0x0045, 0x0065, 0x0044, 0x08A8, 0x0CCA, 0x08A9, 0x0045, 0x08A9, 0x0444, 0x0001, 0x8000, 0x8000, 0x8000, 0x8000, 0x8000,
    0x8000, 0x8000, 0x8000, 0x8000, 0x8000, 0x8000, 0x8000, 0x8000, 0x8000, 0x8000, 0x8000, 0x8000, 0x8000, 0x8000, 0x8000, 0x8000,
    0x8000, 0x8000, 0x8000, 0x8000, 0x8000, 0x8000, 0x8000, 0x8000, 0x8000, 0x8000, 0x8000, 0x8000, 0x8000, 0x8000, 0x8000, 0x8000,
    0x8000, 0x8000, 0x8000, 0x8000, 0x8000, 0x8000, 0x8000, 0x8000, 0x8000, 0x8000, 0x8000, 0x8000, 0x8000, 0x8000, 0x8000, 0x8000,
    0x8000, 0x8000, 0x8000, 0x8000, 0x8000, 0x8000, 0x8000, 0x8000, 0x8000, 0x8000, 0x8000, 0x0022, 0x08A9, 0x0466, 0x0466, 0x152E,
    0x152F, 0x08A9, 0x08A8, 0x154F, 0x110C, 0x0022, 0x0043, 0x0044, 0x0044, 0x0465, 0x0466, 0x0044, 0x0022, 0x08A8, 0x110C, 0x0444,
    0x0023, 0x0044, 0x0021, 0x0445, 0x08A9, 0x0044, 0x0444, 0x0467, 0x0044, 0x0044, 0x0044, 0x0044, 0x0043, 0x0044, 0x0043, 0x0021,
    0x0887, 0x1550, 0x152F, 0x154F, 0x154F, 0x152E, 0x0D0C, 0x112E, 0x08CA, 0x110D, 0x154F, 0x154F, 0x154F, 0x154F, 0x154F, 0x1550,
    0x0CA9, 0x0023, 0x0045, 0x0466, 0x0CCA, 0x0CEB, 0x08A9, 0x0066, 0x08AA, 0x0486, 0x0001, 0x8000, 0x8000, 0x8000, 0x8000, 0x8000,
    0x8000, 0x8000, 0x8000, 0x8000, 0x8000, 0x8000, 0x8000, 0x8000, 0x8000, 0x8000, 0x8000, 0x8000, 0x8000, 0x8000, 0x8000, 0x8000,
    0x8000, 0x8000, 0x8000, 0x8000, 0x8000, 0x8000, 0x8000, 0x8000, 0x8000, 0x8000, 0x8000, 0x8000, 0x8000, 0x8000, 0x8000, 0x8000,
    0x8000, 0x8000, 0x8000, 0x8000, 0x8000, 0x8000, 0x8000, 0x8000, 0x8000, 0x8000, 0x8000, 0x8000, 0x8000, 0x8000, 0x8000, 0x8000,
    0x8000, 0x8000, 0x8000, 0x8000, 0x8000, 0x8000, 0x8000, 0x8000, 0x8000, 0x8000, 0x8000, 0x0044, 0x08A9, 0x0466, 0x0888, 0x1550,
    0x10EC, 0x08A9, 0x08CA, 0x1550, 0x110C, 0x0022, 0x0043, 0x0044, 0x0044, 0x0043, 0x0467, 0x0466, 0x0023, 0x0022, 0x110C, 0x0887,
    0x0022, 0x0043, 0x0021, 0x0487, 0x0487, 0x0023, 0x0466, 0x0466, 0x0044, 0x0044, 0x0044, 0x0044, 0x0043, 0x0044, 0x0043, 0x0021,
    0x0443, 0x152E, 0x154F, 0x152F, 0x154F, 0x152E, 0x0CCB, 0x152E, 0x0CCA, 0x0CEB, 0x152F, 0x154F, 0x154F, 0x154F, 0x154F, 0x1550,
    0x0CEB, 0x0022, 0x0045, 0x0488, 0x0CCB, 0x0CEB, 0x0888, 0x08A9, 0x0CCB, 0x08A9, 0x0021, 0x8000, 0x8000, 0x8000, 0x8000, 0x8000,
    0x8000, 0x8000, 0x8000, 0x8000, 0x8000, 0x8000, 0x8000, 0x8000, 0x8000, 0x8000, 0x8000, 0x8000, 0x8000, 0x8000, 0x8000, 0x8000,
    0x8000, 0x8000, 0x8000, 0x8000, 0x8000, 0x8000, 0x8000, 0x8000, 0x8000, 0x8000, 0x8000, 0x8000, 0x8000, 0x8000, 0x8000, 0x8000,
    0x8000, 0x8000, 0x8000, 0x8000, 0x8000, 0x8000, 0x8000, 0x8000, 0x8000, 0x8000, 0x8000, 0x8000, 0x8000, 0x8000, 0x8000, 0x8000,
    0x8000, 0x8000, 0x8000, 0x8000, 0x8000, 0x8000, 0x8000, 0x8000, 0x8000, 0x8000, 0x8000, 0x0466, 0x0CCA, 0x0487, 0x08A9, 0x152F,
    0x110D, 0x08A9, 0x0CCA, 0x1950, 0x110C, 0x0022, 0x0044, 0x0044, 0x0044, 0x0043, 0x0465, 0x0466, 0x0044, 0x0022, 0x08A9, 0x08CA,
    0x0023, 0x0023, 0x0022, 0x08A8, 0x0466, 0x0044, 0x0466, 0x0045, 0x0044, 0x0044, 0x0044, 0x0044, 0x0044, 0x0022, 0x0023, 0x0022,
    0x0443, 0x08CA, 0x152F, 0x154F, 0x154F, 0x152F, 0x0CCA, 0x152E, 0x0CCA, 0x0488, 0x112E, 0x1950, 0x154F, 0x154F, 0x154F, 0x1550,
    0x110D, 0x0043, 0x0065, 0x0888, 0x10EC, 0x0CEB, 0x08A8, 0x08CA, 0x0CCB, 0x08A9, 0x0022, 0x8000, 0x8000, 0x8000, 0x8000, 0x8000,
    0x8000, 0x8000, 0x8000, 0x8000, 0x8000, 0x8000, 0x8000, 0x8000, 0x8000, 0x8000, 0x8000, 0x8000, 0x8000, 0x8000, 0x8000, 0x8000,
    0x8000, 0x8000, 0x8000, 0x8000, 0x8000, 0x8000, 0x8000, 0x8000, 0x8000, 0x8000, 0x8000, 0x8000, 0x8000, 0x8000, 0x8000, 0x8000,
    0x8000, 0x8000, 0x8000, 0x8000, 0x8000, 0x8000, 0x8000, 0x8000, 0x8000, 0x8000, 0x8000, 0x8000, 0x8000, 0x8000, 0x8000, 0x8000,
    0x8000, 0x8000, 0x8000, 0x8000, 0x8000, 0x8000, 0x8000, 0x8000, 0x8000, 0x8000, 0x0022, 0x08AA, 0x0CCA, 0x0888, 0x0CCA, 0x154F,
    0x0CCB, 0x08A9, 0x0CCA, 0x1950, 0x110C, 0x0022, 0x0043, 0x0044, 0x0445, 0x0045, 0x0044, 0x0445, 0x0466, 0x0043, 0x0465, 0x08CA,
    0x0465, 0x0022, 0x0043, 0x08A8, 0x0044, 0x0466, 0x0466, 0x0022, 0x0023, 0x0023, 0x0043, 0x0487, 0x0466, 0x0466, 0x0065, 0x0465,
    0x0045, 0x0487, 0x154F, 0x154F, 0x154F, 0x154F, 0x08A9, 0x10EC, 0x0CEB, 0x08A9, 0x0CCA, 0x152E, 0x154F, 0x152F, 0x110D, 0x1550,
    0x110D, 0x0443, 0x0045, 0x08A9, 0x0CCA, 0x08A9, 0x08A9, 0x0488, 0x0CCA, 0x08A9, 0x0044, 0x8000, 0x8000, 0x8000, 0x8000, 0x8000,
    0x8000, 0x8000, 0x8000, 0x8000, 0x8000, 0x8000, 0x8000, 0x8000, 0x8000, 0x8000, 0x8000, 0x8000, 0x8000, 0x8000, 0x8000, 0x8000,
    0x8000, 0x8000, 0x8000, 0x8000, 0x8000, 0x8000, 0x8000, 0x8000, 0x8000, 0x8000, 0x8000, 0x8000, 0x8000, 0x8000, 0x8000, 0x8000,
    0x8000, 0x8000, 0x8000, 0x8000, 0x8000, 0x8000, 0x8000, 0x8000, 0x8000, 0x8000, 0x8000, 0x8000, 0x8000, 0x8000, 0x8000, 0x8000,
    0x8000, 0x8000, 0x8000, 0x8000, 0x8000, 0x8000, 0x8000, 0x8000, 0x8000, 0x8000, 0x0022, 0x08CA, 0x08A9, 0x08A9, 0x0CEB, 0x1950,
    0x08CA, 0x0488, 0x0CCB, 0x1550, 0x0CCA, 0x0022, 0x0044, 0x0043, 0x0043, 0x0044, 0x0043, 0x0023, 0x0445, 0x0045, 0x0023, 0x0887,
    0x0887, 0x0021, 0x0044, 0x0488, 0x0044, 0x0044, 0x0023, 0x04A9, 0x0488, 0x0022, 0x08EC, 0x08ED, 0x04AA, 0x08EC, 0x08ED, 0x08EC,
    0x0466, 0x0044, 0x110D, 0x1550, 0x154F, 0x110D, 0x0CCB, 0x0CCB, 0x110D, 0x08AA, 0x08A8, 0x110D, 0x1550, 0x0CEC, 0x0CCA, 0x112E,
    0x110D, 0x0443, 0x0065, 0x0CCA, 0x0487, 0x08A8, 0x08A9, 0x08A9, 0x0CCA, 0x0888, 0x0044, 0x8000, 0x8000, 0x8000, 0x8000, 0x8000,
    0x8000, 0x8000, 0x8000, 0x8000, 0x8000, 0x8000, 0x8000, 0x8000, 0x8000, 0x8000, 0x8000, 0x8000, 0x8000, 0x8000, 0x8000, 0x8000,
    0x8000, 0x8000, 0x8000, 0x8000, 0x8000, 0x8000, 0x8000, 0x8000, 0x8000, 0x8000, 0x8000, 0x8000, 0x8000, 0x8000, 0x8000, 0x8000,
    0x8000, 0x8000, 0x8000, 0x8000, 0x8000, 0x8000, 0x8000, 0x8000, 0x8000, 0x8000, 0x8000, 0x8000, 0x8000, 0x8000, 0x8000, 0x8000,
    0x8000, 0x8000, 0x8000, 0x8000, 0x8000, 0x8000, 0x8000, 0x8000, 0x8000, 0x8000, 0x0443, 0x08A9, 0x08A8, 0x0CCA, 0x152E, 0x154F,
    0x08A9, 0x08A8, 0x110D, 0x154F, 0x0887, 0x0022, 0x0043, 0x0022, 0x0044, 0x0022, 0x0043, 0x0486, 0x0001, 0x0465, 0x0044, 0x0044,
    0x0487, 0x0043, 0x0044, 0x0466, 0x0043, 0x0044, 0x0487, 0x1172, 0x04A9, 0x1170, 0x19D6, 0x15B5, 0x1194, 0x0D72, 0x0D30, 0x0930,
    0x08A9, 0x0021, 0x08A9, 0x1550, 0x154F, 0x110D, 0x08CA, 0x0CCB, 0x0CCB, 0x08A9, 0x08A9, 0x0CEB, 0x152E, 0x0CEC, 0x08A9, 0x0CEB,
    0x112D, 0x0444, 0x0045, 0x0487, 0x0487, 0x08A9, 0x08A9, 0x0CCA, 0x08A9, 0x0466, 0x0444, 0x0001, 0x8000, 0x8000, 0x8000, 0x8000,
    0x8000, 0x8000, 0x8000, 0x8000, 0x8000, 0x8000, 0x8000, 0x8000, 0x8000, 0x8000, 0x8000, 0x8000, 0x8000, 0x8000, 0x8000, 0x8000,
    0x8000, 0x8000, 0x8000, 0x8000, 0x8000, 0x8000, 0x8000, 0x8000, 0x8000, 0x8000, 0x8000, 0x8000, 0x8000, 0x8000, 0x8000, 0x8000,
    0x8000, 0x8000, 0x8000, 0x8000, 0x8000, 0x8000, 0x8000, 0x8000, 0x8000, 0x8000, 0x8000, 0x8000, 0x8000, 0x8000, 0x8000, 0x8000,
    0x8000, 0x8000, 0x8000, 0x8000, 0x8000, 0x8000, 0x8000, 0x8000, 0x8000, 0x0021, 0x0466, 0x08A9, 0x08A9, 0x110C, 0x154F, 0x154F,
    0x0888, 0x0CCB, 0x154F, 0x154F, 0x0443, 0x0021, 0x0043, 0x0444, 0x0044, 0x0488, 0x0466, 0x08CB, 0x08CA, 0x0065, 0x04A9, 0x0043,
    0x0445, 0x0465, 0x0044, 0x0044, 0x0486, 0x08EB, 0x1DD4, 0x1DD5, 0x1DF6, 0x2EBC, 0x2A7B, 0x265A, 0x1E39, 0x15D6, 0x1194, 0x0D50,
    0x08EB, 0x0044, 0x0066, 0x110D, 0x1970, 0x152F, 0x0487, 0x0CCA, 0x08AA, 0x08A9, 0x08A9, 0x08A9, 0x0CEC, 0x112E, 0x0CCA, 0x0CCB,
    0x110D, 0x0444, 0x0044, 0x0045, 0x0488, 0x08A9, 0x08A9, 0x0CCA, 0x0487, 0x0045, 0x0465, 0x0443, 0x8000, 0x8000, 0x8000, 0x8000,
    0x8000, 0x8000, 0x8000, 0x8000, 0x8000, 0x8000, 0x8000, 0x8000, 0x8000, 0x8000, 0x8000, 0x8000, 0x8000, 0x8000, 0x8000, 0x8000,
    0x8000, 0x8000, 0x8000, 0x8000, 0x8000, 0x8000, 0x8000, 0x8000, 0x8000, 0x8000, 0x8000, 0x8000, 0x8000, 0x8000, 0x8000, 0x8000,
    0x8000, 0x8000, 0x8000, 0x8000, 0x8000, 0x8000, 0x8000, 0x8000, 0x8000, 0x8000, 0x8000, 0x8000, 0x8000, 0x8000, 0x8000, 0x8000,
    0x8000, 0x8000, 0x8000, 0x8000, 0x8000, 0x8000, 0x8000, 0x8000, 0x8000, 0x0022, 0x0487, 0x08A9, 0x0CEC, 0x152F, 0x112E, 0x154F,
    0x08A8, 0x110C, 0x1970, 0x152E, 0x0023, 0x0022, 0x0466, 0x08EC, 0x0D2F, 0x0D72, 0x1172, 0x0D0E, 0x1A18, 0x114F, 0x0D0E, 0x0D2F,
    0x0001, 0x0044, 0x0044, 0x0023, 0x19F6, 0x2A7A, 0x36DD, 0x36DD, 0x36DD, 0x36BC, 0x36BC, 0x32BC, 0x265A, 0x2239, 0x15D6, 0x1193,
    0x092F, 0x04AA, 0x0043, 0x0CCA, 0x1971, 0x154F, 0x08A9, 0x08A8, 0x0CCB, 0x08A9, 0x08A9, 0x08A9, 0x0CCA, 0x110C, 0x0CEB, 0x08AA,
    0x0CEC, 0x0465, 0x0023, 0x0065, 0x0888, 0x08A9, 0x08CA, 0x08AA, 0x0466, 0x0044, 0x0888, 0x0887, 0x8000, 0x8000, 0x8000, 0x8000,
    0x8000, 0x8000, 0x8000, 0x8000, 0x8000, 0x8000, 0x8000, 0x8000, 0x8000, 0x8000, 0x8000, 0x8000, 0x8000, 0x8000, 0x8000, 0x8000,
    0x8000, 0x8000, 0x8000, 0x8000, 0x8000, 0x8000, 0x8000, 0x8000, 0x8000, 0x8000, 0x8000, 0x8000, 0x8000, 0x8000, 0x8000, 0x8000,
    0x8000, 0x8000, 0x8000, 0x8000, 0x8000, 0x8000, 0x8000, 0x8000, 0x8000, 0x8000, 0x8000, 0x8000, 0x8000, 0x8000, 0x8000, 0x8000,
    0x8000, 0x8000, 0x8000, 0x8000, 0x8000, 0x8000, 0x8000, 0x8000, 0x8000, 0x0022, 0x0488, 0x08A9, 0x0CCA, 0x10EC, 0x110C, 0x154F,
    0x08A9, 0x110C, 0x1970, 0x152D, 0x0466, 0x0044, 0x0466, 0x092F, 0x0D72, 0x15B5, 0x1DF8, 0x1E39, 0x2239, 0x2A7B, 0x2E7A, 0x2E9C,
    0x19B4, 0x0044, 0x0043, 0x21F5, 0x36DD, 0x36BC, 0x36DD, 0x36DD, 0x36DD, 0x36DD, 0x36DD, 0x36BD, 0x32BC, 0x2259, 0x19F7, 0x15D6,
    0x1193, 0x08CB, 0x0023, 0x0487, 0x112E, 0x154F, 0x0CEC, 0x0488, 0x08AA, 0x08A9, 0x08A9, 0x08A9, 0x08A9, 0x08CA, 0x0CCB, 0x08A9,
    0x0CEB, 0x0445, 0x0023, 0x0045, 0x08A8, 0x08CA, 0x08A9, 0x0487, 0x0065, 0x0044, 0x08A8, 0x10EC, 0x0001, 0x8000, 0x8000, 0x8000,
    0x8000, 0x8000, 0x8000, 0x8000, 0x8000, 0x8000, 0x8000, 0x8000, 0x8000, 0x8000, 0x8000, 0x8000, 0x8000, 0x8000, 0x8000, 0x8000,
    0x8000, 0x8000, 0x8000, 0x8000, 0x8000, 0x8000, 0x8000, 0x8000, 0x8000, 0x8000, 0x8000, 0x8000, 0x8000, 0x8000, 0x8000, 0x8000,
    0x8000, 0x8000, 0x8000, 0x8000, 0x8000, 0x8000, 0x8000, 0x8000, 0x8000, 0x8000, 0x8000, 0x8000, 0x8000, 0x8000, 0x8000, 0x8000,
    0x8000, 0x8000, 0x8000, 0x8000, 0x8000, 0x8000, 0x8000, 0x8000, 0x8000, 0x0022, 0x0488, 0x0888, 0x08A9, 0x08CA, 0x0CCB, 0x154F,
    0x0CCA, 0x110D, 0x1950, 0x0CCA, 0x0045, 0x0023, 0x0487, 0x0D51, 0x0D51, 0x19D6, 0x2239, 0x2239, 0x2259, 0x36BC, 0x36DD, 0x36DD,
    0x36DE, 0x21F4, 0x1991, 0x3ADE, 0x36DD, 0x36DD, 0x36DD, 0x36DD, 0x36DD, 0x36DD, 0x36DD, 0x36DD, 0x36DD, 0x2E9C, 0x2259, 0x19F7,
    0x1194, 0x0D2F, 0x0466, 0x0023, 0x08CA, 0x1550, 0x152E, 0x04A8, 0x0488, 0x08AA, 0x08A9, 0x08A9, 0x08A9, 0x08A9, 0x08CA, 0x08A9,
    0x08CA, 0x0465, 0x0022, 0x0045, 0x0466, 0x0487, 0x0466, 0x0487, 0x0065, 0x0043, 0x0487, 0x0CCB, 0x0022, 0x8000, 0x8000, 0x8000,
    0x8000, 0x8000, 0x8000, 0x8000, 0x8000, 0x8000, 0x8000, 0x8000, 0x8000, 0x8000, 0x8000, 0x8000, 0x8000, 0x8000, 0x8000, 0x8000,
    0x8000, 0x8000, 0x8000, 0x8000, 0x8000, 0x8000, 0x8000, 0x8000, 0x8000, 0x8000, 0x8000, 0x8000, 0x8000, 0x8000, 0x8000, 0x8000,
    0x8000, 0x8000, 0x8000, 0x8000, 0x8000, 0x8000, 0x8000, 0x8000, 0x8000, 0x8000, 0x8000, 0x8000, 0x8000, 0x8000, 0x8000, 0x8000,
    0x8000, 0x8000, 0x8000, 0x8000, 0x8000, 0x8000, 0x8000, 0x8000, 0x8000, 0x0023, 0x0488, 0x08A8, 0x08A9, 0x08A9, 0x0CEB, 0x1550,
    0x10EC, 0x152F, 0x152F, 0x0486, 0x0445, 0x0023, 0x04A9, 0x0D52, 0x1172, 0x1E18, 0x2239, 0x2259, 0x2A9B, 0x36DD, 0x36DD, 0x36BD,
    0x36DD, 0x36DD, 0x36DD, 0x36DD, 0x36DD, 0x36DD, 0x36DD, 0x36DD, 0x36DD, 0x36DD, 0x36DD, 0x36DD, 0x36DD, 0x3ADD, 0x2E9B, 0x1E18,
    0x15D6, 0x0D72, 0x08CC, 0x0044, 0x0466, 0x110D, 0x154F, 0x0CCA, 0x0466, 0x08A9, 0x08CA, 0x08A9, 0x08A9, 0x08A9, 0x08A9, 0x08A9,
    0x08CA, 0x0466, 0x0022, 0x0045, 0x0043, 0x0044, 0x0065, 0x0466, 0x0045, 0x0023, 0x0466, 0x08A8, 0x0001, 0x8000, 0x8000, 0x8000,
    0x8000, 0x8000, 0x8000, 0x8000, 0x8000, 0x8000, 0x8000, 0x8000, 0x8000, 0x8000, 0x8000, 0x8000, 0x8000, 0x8000, 0x8000, 0x8000,
    0x8000, 0x8000, 0x8000, 0x8000, 0x8000, 0x8000, 0x8000, 0x8000, 0x8000, 0x8000, 0x8000, 0x8000, 0x8000, 0x8000, 0x8000, 0x8000,
    0x8000, 0x8000, 0x8000, 0x8000, 0x8000, 0x8000, 0x8000, 0x8000, 0x8000, 0x8000, 0x8000, 0x8000, 0x8000, 0x8000, 0x8000, 0x8000,
    0x8000, 0x8000, 0x8000, 0x8000, 0x8000, 0x8000, 0x8000, 0x8000, 0x8000, 0x0022, 0x0488, 0x0488, 0x08A9, 0x08A9, 0x0CEB, 0x1550,
    0x154F, 0x1950, 0x110C, 0x0022, 0x0466, 0x0022, 0x04A9, 0x0D51, 0x15B5, 0x2239, 0x2239, 0x2A7A, 0x3ADD, 0x36DD, 0x36DD, 0x36DD,
    0x36DD, 0x36DD, 0x36DD, 0x36DD, 0x36DD, 0x36DD, 0x36DD, 0x36DD, 0x36DD, 0x36DD, 0x36DD, 0x36DD, 0x36DD, 0x36DD, 0x3ADD, 0x2A7A,
    0x19F7, 0x11B4, 0x0D30, 0x0466, 0x0044, 0x08A9, 0x154F, 0x152E, 0x0487, 0x0466, 0x08A9, 0x08A9, 0x08A8, 0x08A9, 0x08A9, 0x08A9,
    0x08CA, 0x0887, 0x0022, 0x0043, 0x0065, 0x0045, 0x0044, 0x0044, 0x0044, 0x0044, 0x0488, 0x0466, 0x8000, 0x8000, 0x8000, 0x8000,
    0x8000, 0x8000, 0x8000, 0x8000, 0x8000, 0x8000, 0x8000, 0x8000, 0x8000, 0x8000, 0x8000, 0x8000, 0x8000, 0x8000, 0x8000, 0x8000,
    0x8000, 0x8000, 0x8000, 0x8000, 0x8000, 0x8000, 0x8000, 0x8000, 0x8000, 0x8000, 0x8000, 0x8000, 0x8000, 0x8000, 0x8000, 0x8000,
    0x8000, 0x8000, 0x8000, 0x8000, 0x8000, 0x8000, 0x8000, 0x8000, 0x8000, 0x8000, 0x8000, 0x8000, 0x8000, 0x8000, 0x8000, 0x8000,
    0x8000, 0x8000, 0x8000, 0x8000, 0x8000, 0x8000, 0x8000, 0x8000, 0x8000, 0x0022, 0x0487, 0x08A8, 0x08A9, 0x08A9, 0x0CCB, 0x152F,
    0x154F, 0x1550, 0x10EB, 0x0022, 0x0487, 0x0043, 0x08EC, 0x0D51, 0x15D6, 0x2239, 0x2239, 0x2A7A, 0x36DD, 0x36DD, 0x36DD, 0x36DD,
    0x36DD, 0x36DD, 0x36DD, 0x36DD, 0x36DD, 0x36DD, 0x36DD, 0x36DD, 0x36DD, 0x36DD, 0x36DD, 0x36DD, 0x36DD, 0x36DD, 0x36DD, 0x32BC,
    0x2239, 0x19D6, 0x0D72, 0x04CB, 0x0023, 0x0487, 0x10EC, 0x154F, 0x0CCB, 0x0466, 0x08A9, 0x0487, 0x0487, 0x04A8, 0x08A9, 0x08A9,
    0x08CA, 0x0887, 0x8000, 0x08CA, 0x2259, 0x154E, 0x0001, 0x0465, 0x0044, 0x0466, 0x0466, 0x0466, 0x8000, 0x8000, 0x8000, 0x8000,
    0x8000, 0x8000, 0x8000, 0x8000, 0x8000, 0x8000, 0x8000, 0x8000, 0x8000, 0x8000, 0x8000, 0x8000, 0x8000, 0x8000, 0x8000, 0x8000,
    0x8000, 0x8000, 0x8000, 0x8000, 0x8000, 0x8000, 0x8000, 0x8000, 0x8000, 0x8000, 0x8000, 0x8000, 0x8000, 0x8000, 0x8000, 0x8000,
    0x8000, 0x8000, 0x8000, 0x8000, 0x8000, 0x8000, 0x8000, 0x8000, 0x8000, 0x8000, 0x8000, 0x8000, 0x8000, 0x8000, 0x8000, 0x8000,
    0x8000, 0x8000, 0x8000, 0x8000, 0x8000, 0x8000, 0x8000, 0x8000, 0x8000, 0x0022, 0x0467, 0x0488, 0x0466, 0x0888, 0x08AA, 0x0CEB,
    0x1550, 0x112E, 0x08A8, 0x0023, 0x0488, 0x0466, 0x090E, 0x0D30, 0x15B5, 0x2239, 0x2239, 0x2A7A, 0x36DD, 0x36DD, 0x36DD, 0x36DD,
    0x36DD, 0x36DD, 0x36DD, 0x36DD, 0x36DD, 0x36DD, 0x36DD, 0x36DD, 0x36DD, 0x36DD, 0x36DD, 0x36DD, 0x36DD, 0x36DD, 0x36DD, 0x36DD,
    0x2A7B, 0x19F7, 0x11B5, 0x092F, 0x0488, 0x0044, 0x0487, 0x154F, 0x154F, 0x0466, 0x0466, 0x0466, 0x0466, 0x0488, 0x08A9, 0x08A9,
    0x08AA, 0x0465, 0x110D, 0x32BC, 0x32DD, 0x329C, 0x1570, 0x0022, 0x0045, 0x0465, 0x0043, 0x0465, 0x0021, 0x8000, 0x8000, 0x8000,
    0x8000, 0x8000, 0x8000, 0x8000, 0x8000, 0x8000, 0x8000, 0x8000, 0x8000, 0x8000, 0x8000, 0x8000, 0x8000, 0x8000, 0x8000, 0x8000,
    0x8000, 0x8000, 0x8000, 0x8000, 0x8000, 0x8000, 0x8000, 0x8000, 0x8000, 0x8000, 0x8000, 0x8000, 0x8000, 0x8000, 0x8000, 0x8000,
    0x8000, 0x8000, 0x8000, 0x8000, 0x8000, 0x8000, 0x8000, 0x8000, 0x8000, 0x8000, 0x8000, 0x8000, 0x8000, 0x8000, 0x8000, 0x8000,
    0x8000, 0x8000, 0x8000, 0x8000, 0x8000, 0x8000, 0x8000, 0x8000, 0x8000, 0x0022, 0x0466, 0x0467, 0x0045, 0x0487, 0x08A9, 0x08A9,
    0x1950, 0x112F, 0x0887, 0x0043, 0x0487, 0x0465, 0x090E, 0x0D30, 0x15D6, 0x2239, 0x2239, 0x265A, 0x32BC, 0x36DD, 0x36DD, 0x36DD,
    0x36DD, 0x36DD, 0x36DD, 0x36DD, 0x36DD, 0x36DD, 0x36DD, 0x36DD, 0x36DD, 0x36DD, 0x36DD, 0x36DD, 0x36DD, 0x36DD, 0x36DD, 0x36DD,
    0x32DD, 0x1E18, 0x0D2F, 0x0488, 0x0043, 0x0022, 0x0066, 0x110C, 0x1950, 0x0CCA, 0x0045, 0x0065, 0x0465, 0x0487, 0x08AA, 0x08A9,
    0x08A8, 0x0044, 0x21F6, 0x2A7B, 0x0D0D, 0x2217, 0x32BC, 0x0CC9, 0x0023, 0x0466, 0x0022, 0x0022, 0x0444, 0x8000, 0x8000, 0x8000,
    0x8000, 0x8000, 0x8000, 0x8000, 0x8000, 0x8000, 0x8000, 0x8000, 0x8000, 0x8000, 0x8000, 0x8000, 0x8000, 0x8000, 0x8000, 0x8000,
    0x8000, 0x8000, 0x8000, 0x8000, 0x8000, 0x8000, 0x8000, 0x8000, 0x8000, 0x8000, 0x8000, 0x8000, 0x8000, 0x8000, 0x8000, 0x8000,
    0x8000, 0x8000, 0x8000, 0x8000, 0x8000, 0x8000, 0x8000, 0x8000, 0x8000, 0x8000, 0x8000, 0x8000, 0x8000, 0x8000, 0x8000, 0x8000,
    0x8000, 0x8000, 0x8000, 0x8000, 0x8000, 0x8000, 0x8000, 0x8000, 0x8000, 0x0022, 0x0466, 0x0487, 0x0045, 0x0487, 0x08A9, 0x08A9,
    0x154F, 0x152E, 0x0886, 0x0044, 0x0466, 0x0466, 0x04CC, 0x04CA, 0x15D6, 0x2239, 0x2239, 0x2259, 0x2A9B, 0x36DD, 0x36DD, 0x36DD,
    0x36DD, 0x36DD, 0x36DD, 0x36DD, 0x36DD, 0x36DD, 0x36DD, 0x36DD, 0x36DD, 0x36DD, 0x36DD, 0x36DD, 0x36DD, 0x36DD, 0x36DD, 0x36DD,
    0x2637, 0x112E, 0x0023, 0x0044, 0x0465, 0x0465, 0x0045, 0x0487, 0x152E, 0x154F, 0x0487, 0x0044, 0x0045, 0x0465, 0x08A9, 0x0888,
    0x0487, 0x0465, 0x1550, 0x0D0E, 0x0044, 0x0D0C, 0x2A9C, 0x1DD4, 0x0023, 0x0466, 0x0021, 0x8000, 0x0043, 0x0022, 0x8000, 0x8000,
    0x8000, 0x8000, 0x8000, 0x8000, 0x8000, 0x8000, 0x8000, 0x8000, 0x8000, 0x8000, 0x8000, 0x8000, 0x8000, 0x8000, 0x8000, 0x8000,
    0x8000, 0x8000, 0x8000, 0x8000, 0x8000, 0x8000, 0x8000, 0x8000, 0x8000, 0x8000, 0x8000, 0x8000, 0x8000, 0x8000, 0x8000, 0x8000,
    0x8000, 0x8000, 0x8000, 0x8000, 0x8000, 0x8000, 0x8000, 0x8000, 0x8000, 0x8000, 0x8000, 0x8000, 0x8000, 0x8000, 0x8000, 0x8000,
    0x8000, 0x8000, 0x8000, 0x8000, 0x8000, 0x8000, 0x8000, 0x8000, 0x8000, 0x0021, 0x0865, 0x0487, 0x0044, 0x0487, 0x08A9, 0x0488,
    0x110D, 0x152E, 0x0887, 0x0044, 0x0465, 0x0023, 0x0044, 0x0043, 0x090D, 0x1E17, 0x2259, 0x2239, 0x2259, 0x36DC, 0x36DD, 0x36DD,
    0x36DD, 0x36DD, 0x36DD, 0x36DD, 0x36DD, 0x36DD, 0x36DD, 0x36DD, 0x36DD, 0x36DD, 0x36DD, 0x36DD, 0x36DC, 0x3ADD, 0x36BC, 0x1DD4,
    0x0487, 0x0043, 0x08EB, 0x0D73, 0x0D51, 0x04CA, 0x0043, 0x0044, 0x0CCA, 0x1970, 0x0CEB, 0x0044, 0x0044, 0x0465, 0x0487, 0x0487,
    0x0487, 0x0488, 0x0045, 0x0466, 0x08ED, 0x04A9, 0x19D5, 0x2E7B, 0x0465, 0x0023, 0x0021, 0x8000, 0x8000, 0x8000, 0x8000, 0x8000,
    0x8000, 0x8000, 0x8000, 0x8000, 0x8000, 0x8000, 0x8000, 0x8000, 0x8000, 0x8000, 0x8000, 0x8000, 0x8000, 0x8000, 0x8000, 0x8000,
    0x8000, 0x8000, 0x8000, 0x8000, 0x8000, 0x8000, 0x8000, 0x8000, 0x8000, 0x8000, 0x8000, 0x8000, 0x8000, 0x8000, 0x8000, 0x8000,
    0x8000, 0x8000, 0x8000, 0x8000, 0x8000, 0x8000, 0x8000, 0x8000, 0x8000, 0x8000, 0x8000, 0x8000, 0x8000, 0x8000, 0x8000, 0x8000,
    0x8000, 0x8000, 0x8000, 0x8000, 0x8000, 0x8000, 0x8000, 0x8000, 0x8000, 0x8000, 0x0022, 0x0465, 0x0044, 0x0466, 0x08AA, 0x0487,
    0x08A9, 0x1550, 0x08A8, 0x0043, 0x0445, 0x0022, 0x0066, 0x0044, 0x0022, 0x0466, 0x19D5, 0x265A, 0x265A, 0x32BC, 0x36BC, 0x36DD,
    0x36DD, 0x36DD, 0x36DD, 0x36DD, 0x36DD, 0x36DD, 0x36DD, 0x36DD, 0x36DD, 0x36DD, 0x36BC, 0x3ADD, 0x3AFE, 0x2E7A, 0x0CCA, 0x0022,
    0x04A8, 0x1173, 0x15B5, 0x1194, 0x0D52, 0x08CA, 0x0043, 0x0466, 0x0045, 0x110D, 0x154F, 0x0487, 0x0044, 0x0044, 0x0466, 0x0487,
    0x0466, 0x0045, 0x0043, 0x04CC, 0x0D2F, 0x08EE, 0x1151, 0x2E9C, 0x08A9, 0x8000, 0x0001, 0x8000, 0x8000, 0x8000, 0x8000, 0x8000,
    0x8000, 0x8000, 0x8000, 0x8000, 0x8000, 0x8000, 0x8000, 0x8000, 0x8000, 0x8000, 0x8000, 0x8000, 0x8000, 0x8000, 0x8000, 0x8000,
    0x8000, 0x8000, 0x8000, 0x8000, 0x8000, 0x8000, 0x8000, 0x8000, 0x8000, 0x8000, 0x8000, 0x8000, 0x8000, 0x8000, 0x8000, 0x8000,
    0x8000, 0x8000, 0x8000, 0x8000, 0x8000, 0x8000, 0x8000, 0x8000, 0x8000, 0x8000, 0x8000, 0x8000, 0x8000, 0x8000, 0x8000, 0x8000,
    0x8000, 0x8000, 0x8000, 0x8000, 0x8000, 0x8000, 0x8000, 0x8000, 0x8000, 0x8000, 0x8000, 0x0044, 0x0044, 0x0065, 0x0487, 0x0888,
    0x08A9, 0x152F, 0x0CC9, 0x0023, 0x0045, 0x0044, 0x04CB, 0x08CB, 0x04CB, 0x0044, 0x0023, 0x0CEC, 0x1E18, 0x265A, 0x36BC, 0x36DD,
    0x36BC, 0x36DD, 0x36DD, 0x36DD, 0x36DD, 0x36DD, 0x36DD, 0x36DD, 0x36DC, 0x36DD, 0x3AFE, 0x2E9B, 0x1550, 0x0444, 0x0045, 0x090D,
    0x1193, 0x15D7, 0x1173, 0x08EC, 0x04A9, 0x0488, 0x0444, 0x0445, 0x0044, 0x08CA, 0x1550, 0x0CCB, 0x0043, 0x0044, 0x0045, 0x0487,
    0x0467, 0x0043, 0x0466, 0x0D2F, 0x11B5, 0x0D73, 0x1171, 0x329C, 0x08CB, 0x8000, 0x8000, 0x8000, 0x8000, 0x8000, 0x8000, 0x8000,
    0x8000, 0x8000, 0x8000, 0x8000, 0x8000, 0x8000, 0x8000, 0x8000, 0x8000, 0x8000, 0x8000, 0x8000, 0x8000, 0x8000, 0x8000, 0x8000,
    0x8000, 0x8000, 0x8000, 0x8000, 0x8000, 0x8000, 0x8000, 0x8000, 0x8000, 0x8000, 0x8000, 0x8000, 0x8000, 0x8000, 0x8000, 0x8000,
    0x8000, 0x8000, 0x8000, 0x8000, 0x8000, 0x8000, 0x8000, 0x8000, 0x8000, 0x8000, 0x8000, 0x8000, 0x8000, 0x8000, 0x8000, 0x8000,
    0x8000, 0x8000, 0x8000, 0x8000, 0x8000, 0x8000, 0x8000, 0x8000, 0x8000, 0x8000, 0x8000, 0x0022, 0x0044, 0x0044, 0x0465, 0x08A9,
    0x0488, 0x152E, 0x10EB, 0x0022, 0x0466, 0x0022, 0x0487, 0x08ED, 0x090E, 0x0D30, 0x08EC, 0x0488, 0x0487, 0x0D0D, 0x2238, 0x36DD,
    0x36DD, 0x36BC, 0x36DD, 0x36DD, 0x36DD, 0x36DD, 0x36DC, 0x36DC, 0x3AFE, 0x32BC, 0x1D91, 0x08A7, 0x0044, 0x08CA, 0x08ED, 0x090E,
    0x04C9, 0x0887, 0x0065, 0x0043, 0x0443, 0x0021, 0x0022, 0x0065, 0x0065, 0x0065, 0x112E, 0x154F, 0x0487, 0x0044, 0x0044, 0x0466,
    0x0066, 0x0023, 0x0465, 0x15B6, 0x19F8, 0x15D7, 0x1DF7, 0x2E9C, 0x0887, 0x8000, 0x8000, 0x8000, 0x8000, 0x8000, 0x8000, 0x8000,
    0x8000, 0x8000, 0x8000, 0x8000, 0x8000, 0x8000, 0x8000, 0x8000, 0x8000, 0x8000, 0x8000, 0x8000, 0x8000, 0x8000, 0x8000, 0x8000,
    0x8000, 0x8000, 0x8000, 0x8000, 0x8000, 0x8000, 0x8000, 0x8000, 0x8000, 0x8000, 0x8000, 0x8000, 0x8000, 0x8000, 0x8000, 0x8000,
    0x8000, 0x8000, 0x8000, 0x8000, 0x8000, 0x8000, 0x8000, 0x8000, 0x8000, 0x8000, 0x8000, 0x8000, 0x8000, 0x8000, 0x8000, 0x8000,
    0x8000, 0x8000, 0x8000, 0x8000, 0x8000, 0x8000, 0x8000, 0x8000, 0x8000, 0x8000, 0x8000, 0x0021, 0x0044, 0x0043, 0x0465, 0x08A9,
    0x0045, 0x10EC, 0x10EC, 0x0021, 0x0466, 0x0022, 0x0444, 0x0487, 0x0466, 0x04A9, 0x08CB, 0x08EC, 0x0488, 0x0045, 0x08A8, 0x1DF5,
    0x32BC, 0x36DD, 0x36DD, 0x36DD, 0x36DD, 0x36BC, 0x36DD, 0x36DD, 0x25F5, 0x0CCA, 0x0023, 0x0467, 0x090D, 0x08CA, 0x0023, 0x0021,
    0x1464, 0x8000, 0x1084, 0x28E9, 0x190B, 0x0864, 0x0066, 0x0045, 0x0065, 0x0044, 0x0CCA, 0x1550, 0x0CEB, 0x0023, 0x0044, 0x0045,
    0x0045, 0x0023, 0x0044, 0x0D2F, 0x19F7, 0x1E18, 0x1E39, 0x2639, 0x0443, 0x8000, 0x8000, 0x8000, 0x8000, 0x8000, 0x8000, 0x8000,
    0x8000, 0x8000, 0x8000, 0x8000, 0x8000, 0x8000, 0x8000, 0x8000, 0x8000, 0x8000, 0x8000, 0x8000, 0x8000, 0x8000, 0x8000, 0x8000,
    0x8000, 0x8000, 0x8000, 0x8000, 0x8000, 0x8000, 0x8000, 0x8000, 0x8000, 0x8000, 0x8000, 0x8000, 0x8000, 0x8000, 0x8000, 0x8000,
    0x8000, 0x8000, 0x8000, 0x8000, 0x8000, 0x8000, 0x8000, 0x8000, 0x8000, 0x8000, 0x8000, 0x8000, 0x8000, 0x8000, 0x8000, 0x8000,
    0x8000, 0x8000, 0x8000, 0x8000, 0x8000, 0x8000, 0x8000, 0x8000, 0x8000, 0x8000, 0x8000, 0x8000, 0x0043, 0x0044, 0x0044, 0x0487,
    0x0044, 0x0CEB, 0x0CEB, 0x0043, 0x0045, 0x0044, 0x0023, 0x0466, 0x0001, 0x0865, 0x0864, 0x0444, 0x0066, 0x0066, 0x0465, 0x0066,
    0x112E, 0x32BC, 0x36DC, 0x36DD, 0x36DD, 0x2E9B, 0x2E9B, 0x1DD4, 0x0066, 0x0488, 0x08ED, 0x090E, 0x0045, 0x0CC8, 0x29F2, 0x1D0B,
    0x412D, 0x1865, 0x1C86, 0x34AA, 0x0C86, 0x08A9, 0x08EC, 0x0022, 0x0066, 0x0466, 0x0466, 0x110D, 0x152F, 0x0466, 0x0044, 0x0044,
    0x0045, 0x0044, 0x0043, 0x0088, 0x0D51, 0x19F7, 0x1E39, 0x0D0E, 0x8000, 0x8000, 0x8000, 0x8000, 0x8000, 0x8000, 0x8000, 0x8000,
    0x8000, 0x8000, 0x8000, 0x8000, 0x8000, 0x8000, 0x8000, 0x8000, 0x8000, 0x8000, 0x8000, 0x8000, 0x8000, 0x8000, 0x8000, 0x8000,
    0x8000, 0x8000, 0x8000, 0x8000, 0x8000, 0x8000, 0x8000, 0x8000, 0x8000, 0x8000, 0x8000, 0x8000, 0x8000, 0x8000, 0x8000, 0x8000,
    0x8000, 0x8000, 0x8000, 0x8000, 0x8000, 0x8000, 0x8000, 0x8000, 0x8000, 0x8000, 0x8000, 0x8000, 0x8000, 0x8000, 0x8000, 0x8000,
    0x8000, 0x8000, 0x8000, 0x8000, 0x8000, 0x8000, 0x8000, 0x8000, 0x8000, 0x8000, 0x8000, 0x8000, 0x0022, 0x0044, 0x0044, 0x0466,
    0x0044, 0x0CCA, 0x110D, 0x0466, 0x0044, 0x0045, 0x0043, 0x04CB, 0x0088, 0x110A, 0x2E57, 0x218E, 0x0801, 0x1043, 0x08A8, 0x0CC9,
    0x0045, 0x19D5, 0x36DD, 0x36DD, 0x36DD, 0x32BC, 0x1DF6, 0x0D2F, 0x1172, 0x1193, 0x1173, 0x08CA, 0x1D6E, 0x42FB, 0x6BDF, 0x56D8,
    0x2CEA, 0x3489, 0x3468, 0x1044, 0x04C9, 0x0D52, 0x0D2F, 0x0043, 0x0465, 0x0466, 0x0044, 0x0CCB, 0x154F, 0x0CCA, 0x0023, 0x0044,
    0x0045, 0x0045, 0x0023, 0x04A9, 0x0D51, 0x19F7, 0x19B5, 0x0045, 0x8000, 0x8000, 0x8000, 0x8000, 0x8000, 0x8000, 0x8000, 0x8000,
    0x8000, 0x8000, 0x8000, 0x8000, 0x8000, 0x8000, 0x8000, 0x8000, 0x8000, 0x8000, 0x8000, 0x8000, 0x8000, 0x8000, 0x8000, 0x8000,
    0x8000, 0x8000, 0x8000, 0x8000, 0x8000, 0x8000, 0x8000, 0x8000, 0x8000, 0x8000, 0x8000, 0x8000, 0x8000, 0x8000, 0x8000, 0x8000,
    0x8000, 0x8000, 0x8000, 0x8000, 0x8000, 0x8000, 0x8000, 0x8000, 0x8000, 0x8000, 0x8000, 0x8000, 0x8000, 0x8000, 0x8000, 0x8000,
    0x8000, 0x8000, 0x8000, 0x8000, 0x8000, 0x8000, 0x8000, 0x8000, 0x8000, 0x8000, 0x8000, 0x8000, 0x0001, 0x0044, 0x0044, 0x0044,
    0x0045, 0x0887, 0x0CEC, 0x08A8, 0x0023, 0x0044, 0x0022, 0x0466, 0x08EC, 0x0465, 0x3656, 0x4F1C, 0x250B, 0x3CCC, 0x1085, 0x1CC8,
    0x0045, 0x08EC, 0x2E9B, 0x36DD, 0x36DD, 0x36DD, 0x32BC, 0x2A7B, 0x1E18, 0x15D6, 0x19D6, 0x2217, 0x431D, 0x639E, 0x6B9D, 0x5B7D,
    0x2E12, 0x0C45, 0x10C9, 0x1170, 0x19F7, 0x15B5, 0x0D51, 0x0065, 0x0465, 0x0487, 0x0045, 0x0887, 0x152F, 0x112E, 0x0044, 0x0044,
    0x0045, 0x0044, 0x0022, 0x0087, 0x1193, 0x223A, 0x08EC, 0x0023, 0x0401, 0x8000, 0x8000, 0x8000, 0x8000, 0x8000, 0x8000, 0x8000,
    0x8000, 0x8000, 0x8000, 0x8000, 0x8000, 0x8000, 0x8000, 0x8000, 0x8000, 0x8000, 0x8000, 0x8000, 0x8000, 0x8000, 0x8000, 0x8000,
    0x8000, 0x8000, 0x8000, 0x8000, 0x8000, 0x8000, 0x8000, 0x8000, 0x8000, 0x8000, 0x8000, 0x8000, 0x8000, 0x8000, 0x8000, 0x8000,
    0x8000, 0x8000, 0x8000, 0x8000, 0x8000, 0x8000, 0x8000, 0x8000, 0x8000, 0x8000, 0x8000, 0x8000, 0x8000, 0x8000, 0x8000, 0x8000,
    0x8000, 0x8000, 0x8000, 0x8000, 0x8000, 0x8000, 0x8000, 0x8000, 0x8000, 0x8000, 0x8000, 0x8000, 0x8000, 0x0022, 0x0044, 0x0044,
    0x0044, 0x0045, 0x08CA, 0x10EC, 0x0022, 0x0044, 0x0023, 0x0444, 0x0D0E, 0x04CB, 0x0CEB, 0x4AFB, 0x531A, 0x2086, 0x2425, 0x1823,
    0x0CEA, 0x090E, 0x1593, 0x36DD, 0x36DD, 0x36DD, 0x36DD, 0x36BC, 0x2E9B, 0x2A7B, 0x2E9C, 0x36DD, 0x36DC, 0x3ADD, 0x36BB, 0x2E7A,
    0x2E7A, 0x2E79, 0x2E9C, 0x32BD, 0x265A, 0x15D6, 0x1173, 0x04CB, 0x0466, 0x0487, 0x0466, 0x0066, 0x0CEC, 0x152E, 0x0888, 0x0045,
    0x0045, 0x0044, 0x0023, 0x092F, 0x19F7, 0x1150, 0x0022, 0x0423, 0x1023, 0x8000, 0x8000, 0x8000, 0x8000, 0x8000, 0x8000, 0x8000,
    0x8000, 0x8000, 0x8000, 0x8000, 0x8000, 0x8000, 0x8000, 0x8000, 0x8000, 0x8000, 0x8000, 0x8000, 0x8000, 0x8000, 0x8000, 0x8000,
    0x8000, 0x8000, 0x8000, 0x8000, 0x8000, 0x8000, 0x8000, 0x8000, 0x8000, 0x8000, 0x8000, 0x8000, 0x8000, 0x8000, 0x8000, 0x8000,
    0x8000, 0x8000, 0x8000, 0x8000, 0x8000, 0x8000, 0x8000, 0x8000, 0x8000, 0x8000, 0x8000, 0x8000, 0x8000, 0x8000, 0x8000, 0x8000,
    0x8000, 0x8000, 0x8000, 0x8000, 0x8000, 0x8000, 0x8000, 0x8000, 0x8000, 0x8000, 0x8000, 0x8000, 0x8000, 0x8000, 0x0043, 0x0044,
    0x0044, 0x0043, 0x0888, 0x110D, 0x0445, 0x0043, 0x0044, 0x0043, 0x08EC, 0x0D52, 0x0D51, 0x1571, 0x2A15, 0x154F, 0x1D2F, 0x21B3,
    0x19F6, 0x0D51, 0x0D2F, 0x36DD, 0x36DD, 0x36DD, 0x36DD, 0x36DD, 0x36BC, 0x36BD, 0x36DD, 0x36DD, 0x36DD, 0x36DD, 0x36DD, 0x36DD,
    0x36DD, 0x3ADD, 0x36DD, 0x36DD, 0x2A7A, 0x19F8, 0x11B5, 0x090E, 0x0445, 0x0466, 0x0487, 0x0044, 0x08C9, 0x152F, 0x0CCB, 0x0465,
    0x0045, 0x0044, 0x0465, 0x1E39, 0x1171, 0x0445, 0x0023, 0x0C44, 0x2045, 0x0400, 0x8000, 0x8000, 0x8000, 0x8000, 0x8000, 0x8000,
    0x8000, 0x8000, 0x8000, 0x8000, 0x8000, 0x8000, 0x8000, 0x8000, 0x8000, 0x8000, 0x8000, 0x8000, 0x8000, 0x8000, 0x8000, 0x8000,
    0x8000, 0x8000, 0x8000, 0x8000, 0x8000, 0x8000, 0x8000, 0x8000, 0x8000, 0x8000, 0x8000, 0x8000, 0x8000, 0x8000, 0x8000, 0x8000,
    0x8000, 0x8000, 0x8000, 0x8000, 0x8000, 0x8000, 0x8000, 0x8000, 0x8000, 0x8000, 0x8000, 0x8000, 0x8000, 0x8000, 0x8000, 0x8000,
    0x8000, 0x8000, 0x8000, 0x8000, 0x8000, 0x8000, 0x8000, 0x8000, 0x8000, 0x8000, 0x8000, 0x8000, 0x8000, 0x8000, 0x0022, 0x0044,
    0x0044, 0x0043, 0x0465, 0x0CEC, 0x08A8, 0x0022, 0x0044, 0x0044, 0x04CA, 0x0D73, 0x19F7, 0x2239, 0x2218, 0x2A7B, 0x32BD, 0x2EBC,
    0x1E18, 0x0D73, 0x0D2F, 0x36BC, 0x36DD, 0x36DD, 0x36DD, 0x36DD, 0x36DD, 0x36DD, 0x36DD, 0x36DD, 0x36DD, 0x36DD, 0x36DD, 0x36DD,
    0x36DD, 0x36BC, 0x36BC, 0x36DD, 0x2E9B, 0x2239, 0x15B5, 0x0D51, 0x0464, 0x0465, 0x0487, 0x0045, 0x08A8, 0x110D, 0x10EC, 0x0466,
    0x0045, 0x0044, 0x0465, 0x15B4, 0x0465, 0x0022, 0x0044, 0x1043, 0x2446, 0x0801, 0x8000, 0x8000, 0x8000, 0x8000, 0x8000, 0x8000,
    0x8000, 0x8000, 0x8000, 0x8000, 0x8000, 0x8000, 0x8000, 0x8000, 0x8000, 0x8000, 0x8000, 0x8000, 0x8000, 0x8000, 0x8000, 0x8000,
    0x8000, 0x8000, 0x8000, 0x8000, 0x8000, 0x8000, 0x8000, 0x8000, 0x8000, 0x8000, 0x8000, 0x8000, 0x8000, 0x8000, 0x8000, 0x8000,
    0x8000, 0x8000, 0x8000, 0x8000, 0x8000, 0x8000, 0x8000, 0x8000, 0x8000, 0x8000, 0x8000, 0x8000, 0x8000, 0x8000, 0x8000, 0x8000,
    0x8000, 0x8000, 0x8000, 0x8000, 0x8000, 0x8000, 0x8000, 0x8000, 0x8000, 0x8000, 0x8000, 0x8000, 0x8000, 0x8000, 0x8000, 0x0044,
    0x0044, 0x0044, 0x0044, 0x08CA, 0x0CCB, 0x0023, 0x0044, 0x0043, 0x0487, 0x0D73, 0x19D6, 0x2A7A, 0x3ADD, 0x36DD, 0x36BC, 0x32BC,
    0x2239, 0x1194, 0x0D2F, 0x36BC, 0x36DD, 0x36DD, 0x36DD, 0x36DD, 0x36DD, 0x36DD, 0x36DD, 0x36DD, 0x36DD, 0x36DD, 0x36DD, 0x36DD,
    0x36DD, 0x36DD, 0x36DD, 0x3ADD, 0x32BC, 0x2239, 0x11B5, 0x1194, 0x0465, 0x0045, 0x0487, 0x0065, 0x0486, 0x0CEB, 0x154F, 0x08A8,
    0x0045, 0x0044, 0x0044, 0x0488, 0x0022, 0x0044, 0x0043, 0x0422, 0x2446, 0x1022, 0x8000, 0x8000, 0x8000, 0x8000, 0x8000, 0x8000,
    0x8000, 0x8000, 0x8000, 0x8000, 0x8000, 0x8000, 0x8000, 0x8000, 0x8000, 0x8000, 0x8000, 0x8000, 0x8000, 0x8000, 0x8000, 0x8000,
    0x8000, 0x8000, 0x8000, 0x8000, 0x8000, 0x8000, 0x8000, 0x8000, 0x8000, 0x8000, 0x8000, 0x8000, 0x8000, 0x8000, 0x8000, 0x8000,
    0x8000, 0x8000, 0x8000, 0x8000, 0x8000, 0x8000, 0x8000, 0x8000, 0x8000, 0x8000, 0x8000, 0x8000, 0x8000, 0x8000, 0x8000, 0x8000,
    0x8000, 0x8000, 0x8000, 0x8000, 0x8000, 0x8000, 0x8000, 0x8000, 0x8000, 0x8000, 0x8000, 0x8000, 0x8000, 0x8000, 0x8000, 0x0022,
    0x0044, 0x0044, 0x0044, 0x0466, 0x0CEC, 0x0465, 0x0044, 0x0044, 0x0066, 0x0D72, 0x15D6, 0x265A, 0x36BC, 0x36BC, 0x36DD, 0x2A7A,
    0x15D5, 0x1193, 0x1171, 0x36BC, 0x36DD, 0x36DD, 0x36DD, 0x36DD, 0x36DD, 0x36DD, 0x36DD, 0x36DD, 0x36DD, 0x36DD, 0x36DD, 0x36DD,
    0x36DD, 0x36DD, 0x36DD, 0x36DD, 0x32BC, 0x265A, 0x15D6, 0x15D6, 0x0465, 0x0044, 0x0488, 0x0465, 0x0466, 0x0CEB, 0x154F, 0x0CCA,
    0x0466, 0x0044, 0x0044, 0x0043, 0x0023, 0x0043, 0x0021, 0x0822, 0x2045, 0x2045, 0x0C01, 0x8000, 0x8000, 0x8000, 0x8000, 0x8000,
    0x8000, 0x8000, 0x8000, 0x8000, 0x8000, 0x8000, 0x8000, 0x8000, 0x8000, 0x8000, 0x8000, 0x8000, 0x8000, 0x8000, 0x8000, 0x8000,
    0x8000, 0x8000, 0x8000, 0x8000, 0x8000, 0x8000, 0x8000, 0x8000, 0x8000, 0x8000, 0x8000, 0x8000, 0x8000, 0x8000, 0x8000, 0x8000,
    0x8000, 0x8000, 0x8000, 0x8000, 0x8000, 0x8000, 0x8000, 0x8000, 0x8000, 0x8000, 0x8000, 0x8000, 0x8000, 0x8000, 0x8000, 0x8000,
    0x8000, 0x8000, 0x8000, 0x8000, 0x8000, 0x8000, 0x8000, 0x8000, 0x8000, 0x8000, 0x8000, 0x8000, 0x8000, 0x8000, 0x8000, 0x8000,
    0x0043, 0x0044, 0x0044, 0x0465, 0x0CEC, 0x0466, 0x0023, 0x0044, 0x0044, 0x0D50, 0x15B5, 0x19F7, 0x2A7A, 0x36DD, 0x32BC, 0x2239,
    0x11B5, 0x0D72, 0x1593, 0x36DD, 0x36DD, 0x36DD, 0x36DD, 0x36DD, 0x36DD, 0x36DD, 0x36DD, 0x36DD, 0x36DD, 0x36DD, 0x36DD, 0x36DD,
    0x36DD, 0x36DD, 0x36DD, 0x36DD, 0x32BC, 0x265A, 0x15D6, 0x15B5, 0x0466, 0x0023, 0x0487, 0x0466, 0x0045, 0x08A8, 0x154F, 0x10EC,
    0x0487, 0x0043, 0x0043, 0x0488, 0x0023, 0x0023, 0x0822, 0x0443, 0x1844, 0x2C67, 0x1423, 0x8000, 0x8000, 0x8000, 0x8000, 0x8000,
    0x8000, 0x8000, 0x8000, 0x8000, 0x8000, 0x8000, 0x8000, 0x8000, 0x8000, 0x8000, 0x8000, 0x8000, 0x8000, 0x8000, 0x8000, 0x8000,
    0x8000, 0x8000, 0x8000, 0x8000, 0x8000, 0x8000, 0x8000, 0x8000, 0x8000, 0x8000, 0x8000, 0x8000, 0x8000, 0x8000, 0x8000, 0x8000,
    0x8000, 0x8000, 0x8000, 0x8000, 0x8000, 0x8000, 0x8000, 0x8000, 0x8000, 0x8000, 0x8000, 0x8000, 0x8000, 0x8000, 0x8000, 0x8000,
    0x8000, 0x8000, 0x8000, 0x8000, 0x8000, 0x8000, 0x8000, 0x8000, 0x8000, 0x8000, 0x8000, 0x8000, 0x8000, 0x8000, 0x8000, 0x8000,
    0x0022, 0x0044, 0x0044, 0x0044, 0x08A9, 0x08A9, 0x0023, 0x0044, 0x0043, 0x090E, 0x1194, 0x15B5, 0x1E18, 0x2E9B, 0x265A, 0x19F7,
    0x1173, 0x0D30, 0x2218, 0x36DD, 0x36BC, 0x36DD, 0x36DD, 0x36DD, 0x36DD, 0x36DD, 0x36DD, 0x36DD, 0x36DD, 0x36DD, 0x36DD, 0x36DD,
    0x36DD, 0x36DD, 0x36DD, 0x3ADD, 0x32BC, 0x225A, 0x15D6, 0x15B6, 0x0487, 0x0044, 0x0467, 0x0467, 0x0045, 0x0487, 0x154F, 0x0CEC,
    0x0487, 0x0023, 0x0465, 0x08ED, 0x0044, 0x0822, 0x1023, 0x0422, 0x1423, 0x2867, 0x2045, 0x8000, 0x8000, 0x8000, 0x8000, 0x8000,
    0x8000, 0x8000, 0x8000, 0x8000, 0x8000, 0x8000, 0x8000, 0x8000, 0x8000, 0x8000, 0x8000, 0x8000, 0x8000, 0x8000, 0x8000, 0x8000,
    0x8000, 0x8000, 0x8000, 0x8000, 0x8000, 0x8000, 0x8000, 0x8000, 0x8000, 0x8000, 0x8000, 0x8000, 0x8000, 0x8000, 0x8000, 0x8000,
    0x8000, 0x8000, 0x8000, 0x8000, 0x8000, 0x8000, 0x8000, 0x8000, 0x8000, 0x8000, 0x8000, 0x8000, 0x8000, 0x8000, 0x8000, 0x8000,
    0x8000, 0x8000, 0x8000, 0x8000, 0x8000, 0x8000, 0x8000, 0x8000, 0x8000, 0x8000, 0x8000, 0x8000, 0x8000, 0x8000, 0x8000, 0x8000,
    0x8000, 0x0044, 0x0044, 0x0044, 0x0466, 0x08CA, 0x0465, 0x0044, 0x0044, 0x0488, 0x0D51, 0x15B5, 0x15D6, 0x1E18, 0x1E18, 0x15B5,
    0x0D73, 0x0D2E, 0x2E9B, 0x36DD, 0x36DD, 0x36DD, 0x36DD, 0x36DD, 0x36DD, 0x36DD, 0x36DD, 0x36DD, 0x36DD, 0x36DD, 0x36DD, 0x36DD,
    0x36DD, 0x36DD, 0x36DD, 0x3ADD, 0x329C, 0x2239, 0x15D6, 0x15D7, 0x0487, 0x0023, 0x0466, 0x0488, 0x0465, 0x0466, 0x154F, 0x110D,
    0x08A9, 0x0044, 0x0487, 0x1173, 0x0044, 0x0C22, 0x1423, 0x0022, 0x0C22, 0x2046, 0x2867, 0x0C22, 0x8000, 0x8000, 0x8000, 0x8000,
    0x8000, 0x8000, 0x8000, 0x8000, 0x8000, 0x8000, 0x8000, 0x8000, 0x8000, 0x8000, 0x8000, 0x8000, 0x8000, 0x8000, 0x8000, 0x8000,
    0x8000, 0x8000, 0x8000, 0x8000, 0x8000, 0x8000, 0x8000, 0x8000, 0x8000, 0x8000, 0x8000, 0x8000, 0x8000, 0x8000, 0x8000, 0x8000,
    0x8000, 0x8000, 0x8000, 0x8000, 0x8000, 0x8000, 0x8000, 0x8000, 0x8000, 0x8000, 0x8000, 0x8000, 0x8000, 0x8000, 0x8000, 0x8000,
    0x8000, 0x8000, 0x8000, 0x8000, 0x8000, 0x8000, 0x8000, 0x8000, 0x8000, 0x8000, 0x8000, 0x8000, 0x8000, 0x8000, 0x8000, 0x8000,
    0x8000, 0x0022, 0x0044, 0x0043, 0x0445, 0x08CA, 0x0486, 0x0023, 0x0044, 0x0023, 0x0D2F, 0x1194, 0x15B5, 0x15D6, 0x15D6, 0x15B5,
    0x0D50, 0x0D0D, 0x36BC, 0x3AFD, 0x3ADD, 0x36DD, 0x36DD, 0x36DD, 0x36DD, 0x36DD, 0x36DD, 0x36DD, 0x36DD, 0x36DD, 0x36DD, 0x36DD,
    0x36DD, 0x36DD, 0x36DD, 0x3ADD, 0x32BC, 0x2259, 0x19D6, 0x15D7, 0x0887, 0x0023, 0x0466, 0x08A8, 0x0466, 0x0465, 0x154F, 0x154F,
    0x0CCB, 0x0465, 0x0487, 0x15B6, 0x0487, 0x0821, 0x1023, 0x0422, 0x0C22, 0x1844, 0x2867, 0x2045, 0x8000, 0x8000, 0x8000, 0x8000,
    0x8000, 0x8000, 0x8000, 0x8000, 0x8000, 0x8000, 0x8000, 0x8000, 0x8000, 0x8000, 0x8000, 0x8000, 0x8000, 0x8000, 0x8000, 0x8000,
    0x8000, 0x8000, 0x8000, 0x8000, 0x8000, 0x8000, 0x8000, 0x8000, 0x8000, 0x8000, 0x8000, 0x8000, 0x8000, 0x8000, 0x8000, 0x8000,
    0x8000, 0x8000, 0x8000, 0x8000, 0x8000, 0x8000, 0x8000, 0x8000, 0x8000, 0x8000, 0x8000, 0x8000, 0x8000, 0x8000, 0x8000, 0x8000,
    0x8000, 0x8000, 0x8000, 0x8000, 0x8000, 0x8000, 0x8000, 0x8000, 0x8000, 0x8000, 0x8000, 0x8000, 0x8000, 0x8000, 0x8000, 0x8000,
    0x8000, 0x8000, 0x0044, 0x0044, 0x0043, 0x08AA, 0x0887, 0x0022, 0x0044, 0x0023, 0x08EC, 0x1173, 0x1193, 0x15B5, 0x15B5, 0x1194,
    0x08EC, 0x1592, 0x3AFE, 0x3ADD, 0x36DD, 0x36BC, 0x36DC, 0x36BC, 0x36BC, 0x36DD, 0x36DD, 0x36DD, 0x36DD, 0x36DD, 0x36DD, 0x36DD,
    0x36DD, 0x36DD, 0x36DD, 0x3ADD, 0x32BC, 0x225A, 0x19D6, 0x15B6, 0x08A9, 0x0043, 0x0466, 0x08A8, 0x0487, 0x0466, 0x154F, 0x152E,
    0x0D0D, 0x0466, 0x0487, 0x1E19, 0x08A9, 0x0401, 0x0822, 0x0C22, 0x0421, 0x1443, 0x2066, 0x2867, 0x0400, 0x8000, 0x8000, 0x8000,
    0x8000, 0x8000, 0x8000, 0x8000, 0x8000, 0x8000, 0x8000, 0x8000, 0x8000, 0x8000, 0x8000, 0x8000, 0x8000, 0x8000, 0x8000, 0x8000,
    0x8000, 0x8000, 0x8000, 0x8000, 0x8000, 0x8000, 0x8000, 0x8000, 0x8000, 0x8000, 0x8000, 0x8000, 0x8000, 0x8000, 0x8000, 0x8000,
    0x8000, 0x8000, 0x8000, 0x8000, 0x8000, 0x8000, 0x8000, 0x8000, 0x8000, 0x8000, 0x8000, 0x8000, 0x8000, 0x8000, 0x8000, 0x8000,
    0x8000, 0x8000, 0x8000, 0x8000, 0x8000, 0x8000, 0x8000, 0x8000, 0x8000, 0x8000, 0x8000, 0x8000, 0x8000, 0x8000, 0x8000, 0x8000,
    0x8000, 0x0021, 0x0045, 0x0044, 0x0043, 0x0888, 0x0487, 0x0022, 0x0044, 0x0044, 0x0465, 0x0D30, 0x0D72, 0x11B5, 0x15B5, 0x1194,
    0x08CB, 0x154F, 0x36DE, 0x3AFD, 0x3ADD, 0x3ADD, 0x3ADD, 0x36DD, 0x36DD, 0x36DD, 0x36DD, 0x36DD, 0x36DD, 0x36DD, 0x36DD, 0x36DD,
    0x36DD, 0x36DD, 0x36DD, 0x3ADD, 0x2E9B, 0x2239, 0x19F7, 0x15B5, 0x08ED, 0x0045, 0x0065, 0x08A9, 0x0487, 0x0465, 0x154F, 0x152E,
    0x110D, 0x0466, 0x0488, 0x225B, 0x08EB, 0x0800, 0x1422, 0x1423, 0x1823, 0x1823, 0x1824, 0x1824, 0x1423, 0x1423, 0x1823, 0x0C01,
    0x8000, 0x8000, 0x8000, 0x8000, 0x8000, 0x8000, 0x8000, 0x8000, 0x8000, 0x8000, 0x8000, 0x8000, 0x8000, 0x8000, 0x8000, 0x8000,
    0x8000, 0x8000, 0x8000, 0x8000, 0x8000, 0x8000, 0x8000, 0x8000, 0x8000, 0x8000, 0x8000, 0x8000, 0x8000, 0x8000, 0x8000, 0x8000,
    0x8000, 0x8000, 0x8000, 0x8000, 0x8000, 0x8000, 0x8000, 0x8000, 0x8000, 0x8000, 0x8000, 0x8000, 0x8000, 0x8000, 0x8000, 0x8000,
    0x8000, 0x8000, 0x8000, 0x8000, 0x8000, 0x8000, 0x8000, 0x8000, 0x8000, 0x8000, 0x8000, 0x8000, 0x8000, 0x8000, 0x8000, 0x8000,
    0x8000, 0x8000, 0x0022, 0x0044, 0x0044, 0x0466, 0x08AA, 0x0445, 0x0044, 0x0045, 0x0001, 0x0487, 0x0D72, 0x1193, 0x11B5, 0x11B5,
    0x0D2F, 0x0487, 0x0D0B, 0x1DF6, 0x2659, 0x2218, 0x19D5, 0x2638, 0x36DD, 0x36DD, 0x36DD, 0x36DD, 0x36DD, 0x36DD, 0x36DD, 0x36DD,
    0x36DD, 0x36DD, 0x36DC, 0x3ADD, 0x2A7B, 0x1E18, 0x1DF7, 0x15B5, 0x090F, 0x0065, 0x0044, 0x08A9, 0x0887, 0x0466, 0x154F, 0x110D,
    0x110C, 0x0866, 0x08C9, 0x225B, 0x08EC, 0x08A8, 0x110C, 0x0CC9, 0x1045, 0x1423, 0x1C24, 0x2446, 0x2867, 0x3069, 0x3069, 0x2C68,
    0x2868, 0x2046, 0x1824, 0x0C01, 0x8000, 0x8000, 0x8000, 0x8000, 0x8000, 0x8000, 0x8000, 0x8000, 0x8000, 0x8000, 0x8000, 0x8000,
    0x8000, 0x8000, 0x8000, 0x8000, 0x8000, 0x8000, 0x8000, 0x8000, 0x8000, 0x8000, 0x8000, 0x8000, 0x8000, 0x8000, 0x8000, 0x8000,
    0x8000, 0x8000, 0x8000, 0x8000, 0x8000, 0x8000, 0x8000, 0x8000, 0x8000, 0x8000, 0x8000, 0x8000, 0x8000, 0x8000, 0x8000, 0x8000,
    0x8000, 0x8000, 0x8000, 0x8000, 0x8000, 0x8000, 0x8000, 0x8000, 0x8000, 0x8000, 0x8000, 0x8000, 0x8000, 0x8000, 0x8000, 0x8000,
    0x8000, 0x8000, 0x8000, 0x0045, 0x0044, 0x0044, 0x08CA, 0x0487, 0x0023, 0x0044, 0x0001, 0x0022, 0x090E, 0x1173, 0x1194, 0x1193,
    0x1194, 0x1193, 0x08ED, 0x04AA, 0x15B5, 0x19F7, 0x2239, 0x32BC, 0x36DC, 0x36DD, 0x36DD, 0x36DD, 0x36DD, 0x36DD, 0x36DD, 0x36DD,
    0x36DD, 0x36DD, 0x36DC, 0x3ADD, 0x2A7A, 0x19F7, 0x19F7, 0x15B5, 0x090F, 0x0466, 0x0044, 0x08A9, 0x0888, 0x0487, 0x1950, 0x110C,
    0x0CEC, 0x0887, 0x08CA, 0x225A, 0x08EC, 0x04EB, 0x0970, 0x0D70, 0x11D4, 0x094E, 0x10A8, 0x2446, 0x3069, 0x3068, 0x3069, 0x388A,
    0x40AC, 0x3C8B, 0x388A, 0x2C68, 0x1423, 0x8000, 0x8000, 0x8000, 0x8000, 0x8000, 0x8000, 0x8000, 0x8000, 0x8000, 0x8000, 0x8000,
    0x8000, 0x8000, 0x8000, 0x8000, 0x8000, 0x8000, 0x8000, 0x8000, 0x8000, 0x8000, 0x8000, 0x8000, 0x8000, 0x8000, 0x8000, 0x8000,
    0x8000, 0x8000, 0x8000, 0x8000, 0x8000, 0x8000, 0x8000, 0x8000, 0x8000, 0x8000, 0x8000, 0x8000, 0x8000, 0x8000, 0x8000, 0x8000,
    0x8000, 0x8000, 0x8000, 0x8000, 0x8000, 0x8000, 0x8000, 0x8000, 0x8000, 0x8000, 0x8000, 0x8000, 0x8000, 0x8000, 0x8000, 0x8000,
    0x8000, 0x8000, 0x8000, 0x0444, 0x0045, 0x0043, 0x08A8, 0x08A9, 0x0022, 0x0044, 0x0023, 0x8000, 0x0023, 0x0D50, 0x1172, 0x1193,
    0x11B4, 0x15B5, 0x15B5, 0x15B4, 0x15D6, 0x2A7B, 0x36DD, 0x36DD, 0x36BC, 0x36BC, 0x36DC, 0x36DC, 0x36DD, 0x36DD, 0x36DD, 0x36DD,
    0x36DD, 0x36DD, 0x36BC, 0x3ADD, 0x2A7A, 0x19F7, 0x19F7, 0x1194, 0x090E, 0x0044, 0x0044, 0x08A9, 0x04A8, 0x0488, 0x1950, 0x110D,
    0x110D, 0x0888, 0x0CEB, 0x223A, 0x08CA, 0x0066, 0x04A9, 0x04EC, 0x094E, 0x11F5, 0x1191, 0x0865, 0x2045, 0x1C45, 0x2045, 0x2C67,
    0x3069, 0x388A, 0x3C8B, 0x388B, 0x3069, 0x1823, 0x8000, 0x8000, 0x8000, 0x8000, 0x8000, 0x8000, 0x8000, 0x8000, 0x8000, 0x8000,
    0x8000, 0x8000, 0x8000, 0x8000, 0x8000, 0x8000, 0x8000, 0x8000, 0x8000, 0x8000, 0x8000, 0x8000, 0x8000, 0x8000, 0x8000, 0x8000,
    0x8000, 0x8000, 0x8000, 0x8000, 0x8000, 0x8000, 0x8000, 0x8000, 0x8000, 0x8000, 0x8000, 0x8000, 0x8000, 0x8000, 0x8000, 0x8000,
    0x8000, 0x8000, 0x8000, 0x8000, 0x8000, 0x8000, 0x8000, 0x8000, 0x8000, 0x8000, 0x8000, 0x8000, 0x8000, 0x8000, 0x8000, 0x8000,
    0x8000, 0x8000, 0x8000, 0x0443, 0x0045, 0x0043, 0x0487, 0x0CA9, 0x0021, 0x0044, 0x0022, 0x8000, 0x8000, 0x04AA, 0x0D73, 0x1193,
    0x1193, 0x15B4, 0x15B5, 0x19D7, 0x1E39, 0x32BD, 0x3AFE, 0x3AFE, 0x3AFE, 0x3AFE, 0x3AFE, 0x3ADD, 0x3ADD, 0x36DD, 0x36DD, 0x36DD,
    0x36DD, 0x36DC, 0x36DD, 0x2E9B, 0x2659, 0x1E18, 0x19D6, 0x1173, 0x0466, 0x0023, 0x0044, 0x08A9, 0x08A9, 0x0CCB, 0x1971, 0x0CCB,
    0x0CCA, 0x0CEB, 0x1592, 0x223A, 0x08CA, 0x0022, 0x0464, 0x04CA, 0x0487, 0x0D4E, 0x1A58, 0x19D3, 0x1823, 0x1C44, 0x1423, 0x2045,
    0x348A, 0x388A, 0x3C8B, 0x3C8B, 0x3489, 0x2846, 0x8000, 0x8000, 0x8000, 0x8000, 0x8000, 0x8000, 0x8000, 0x8000, 0x8000, 0x8000,
    0x8000, 0x8000, 0x8000, 0x8000, 0x8000, 0x8000, 0x8000, 0x8000, 0x8000, 0x8000, 0x8000, 0x8000, 0x8000, 0x8000, 0x8000, 0x8000,
    0x8000, 0x8000, 0x8000, 0x8000, 0x8000, 0x8000, 0x8000, 0x8000, 0x8000, 0x8000, 0x8000, 0x8000, 0x8000, 0x8000, 0x8000, 0x8000,
    0x8000, 0x8000, 0x8000, 0x8000, 0x8000, 0x8000, 0x8000, 0x8000, 0x8000, 0x8000, 0x8000, 0x8000, 0x8000, 0x8000, 0x8000, 0x8000,
    0x8000, 0x8000, 0x8000, 0x0443, 0x0045, 0x0044, 0x0887, 0x0CCA, 0x0022, 0x0044, 0x0022, 0x0400, 0x0C22, 0x1045, 0x0CED, 0x1173,
    0x1193, 0x1194, 0x11B4, 0x1172, 0x1171, 0x19B4, 0x1DD5, 0x1DB4, 0x1DB4, 0x1DD4, 0x21F6, 0x2638, 0x2E7B, 0x36DD, 0x36DD, 0x36DD,
    0x36DD, 0x36DD, 0x36DD, 0x265A, 0x1E38, 0x1E18, 0x15B5, 0x08ED, 0x0488, 0x0043, 0x0043, 0x08A8, 0x0CEC, 0x112F, 0x110E, 0x08A8,
    0x0888, 0x0CEB, 0x1E18, 0x1E39, 0x08EC, 0x0043, 0x0442, 0x0465, 0x0045, 0x15F3, 0x1E9A, 0x0D4E, 0x1824, 0x1423, 0x1022, 0x2045,
    0x3C8B, 0x3C8B, 0x3C8B, 0x348A, 0x3069, 0x2446, 0x0C02, 0x8000, 0x8000, 0x8000, 0x8000, 0x8000, 0x8000, 0x8000, 0x8000, 0x8000,
    0x8000, 0x8000, 0x8000, 0x8000, 0x8000, 0x8000, 0x8000, 0x8000, 0x8000, 0x8000, 0x8000, 0x8000, 0x8000, 0x8000, 0x8000, 0x8000,
    0x8000, 0x8000, 0x8000, 0x8000, 0x8000, 0x8000, 0x8000, 0x8000, 0x8000, 0x8000, 0x8000, 0x8000, 0x8000, 0x8000, 0x8000, 0x8000,
    0x8000, 0x8000, 0x8000, 0x8000, 0x8000, 0x8000, 0x8000, 0x8000, 0x8000, 0x8000, 0x8000, 0x8000, 0x8000, 0x8000, 0x8000, 0x8000,
    0x8000, 0x8000, 0x8000, 0x0443, 0x0045, 0x0466, 0x08A9, 0x0CCA, 0x0044, 0x0044, 0x0422, 0x0C01, 0x1C44, 0x1C23, 0x0C45, 0x092E,
    0x1193, 0x1194, 0x1194, 0x0D2F, 0x0D2F, 0x1593, 0x15B4, 0x19D5, 0x1DF7, 0x1E17, 0x19D5, 0x15B4, 0x1DF6, 0x36BC, 0x36DD, 0x36DD,
    0x36DD, 0x36DD, 0x36DD, 0x2659, 0x1E18, 0x19D6, 0x090E, 0x0489, 0x0D30, 0x0444, 0x0022, 0x08A8, 0x110D, 0x152E, 0x0CCB, 0x0488,
    0x0487, 0x0CCA, 0x2239, 0x1E18, 0x0D30, 0x0465, 0x0400, 0x0464, 0x1A14, 0x22BA, 0x0D91, 0x08A9, 0x1823, 0x0C22, 0x1824, 0x3069,
    0x3C8C, 0x3C8B, 0x388B, 0x3069, 0x2867, 0x2446, 0x1423, 0x0400, 0x8000, 0x8000, 0x8000, 0x8000, 0x8000, 0x8000, 0x8000, 0x8000,
    0x8000, 0x8000, 0x8000, 0x8000, 0x8000, 0x8000, 0x8000, 0x8000, 0x8000, 0x8000, 0x8000, 0x8000, 0x8000, 0x8000, 0x8000, 0x8000,
    0x8000, 0x8000, 0x8000, 0x8000, 0x8000, 0x8000, 0x8000, 0x8000, 0x8000, 0x8000, 0x8000, 0x8000, 0x8000, 0x8000, 0x8000, 0x8000,
    0x8000, 0x8000, 0x8000, 0x8000, 0x8000, 0x8000, 0x8000, 0x8000, 0x8000, 0x8000, 0x8000, 0x8000, 0x8000, 0x8000, 0x8000, 0x8000,
    0x8000, 0x8000, 0x8000, 0x0443, 0x0045, 0x0487, 0x08A9, 0x0CCB, 0x0466, 0x0044, 0x0C23, 0x1C24, 0x1C44, 0x1824, 0x1823, 0x0C88,
    0x0D72, 0x1173, 0x1194, 0x15B5, 0x15D7, 0x2A7B, 0x36DD, 0x36DD, 0x3ADD, 0x3ADD, 0x36DD, 0x36DD, 0x36BC, 0x36DD, 0x36DD, 0x36DD,
    0x36DD, 0x36DD, 0x32BC, 0x2239, 0x19F8, 0x0D50, 0x0045, 0x0D30, 0x15D6, 0x0465, 0x0022, 0x08A8, 0x110D, 0x152F, 0x0488, 0x0466,
    0x0466, 0x0CEA, 0x225A, 0x19F7, 0x1172, 0x0466, 0x0485, 0x1A78, 0x26DB, 0x0D92, 0x050C, 0x0CEB, 0x1823, 0x1022, 0x2C68, 0x408C,
    0x3C8B, 0x3C8B, 0x3469, 0x2867, 0x2446, 0x1C45, 0x1423, 0x0400, 0x8000, 0x8000, 0x8000, 0x8000, 0x8000, 0x8000, 0x8000, 0x8000,
    0x8000, 0x8000, 0x8000, 0x8000, 0x8000, 0x8000, 0x8000, 0x8000, 0x8000, 0x8000, 0x8000, 0x8000, 0x8000, 0x8000, 0x8000, 0x8000,
    0x8000, 0x8000, 0x8000, 0x8000, 0x8000, 0x8000, 0x8000, 0x8000, 0x8000, 0x8000, 0x8000, 0x8000, 0x8000, 0x8000, 0x8000, 0x8000,
    0x8000, 0x8000, 0x8000, 0x8000, 0x8000, 0x8000, 0x8000, 0x8000, 0x8000, 0x8000, 0x8000, 0x8000, 0x8000, 0x8000, 0x8000, 0x8000,
    0x8000, 0x8000, 0x8000, 0x0443, 0x0045, 0x0466, 0x08A9, 0x0CEB, 0x0044, 0x0043, 0x1044, 0x2045, 0x1C44, 0x1823, 0x1824, 0x1823,
    0x0CAA, 0x1194, 0x1194, 0x1194, 0x11B5, 0x1171, 0x1171, 0x15B4, 0x15B5, 0x1E18, 0x2E9C, 0x36DD, 0x36DD, 0x36DD, 0x36DD, 0x36DD,
    0x36DD, 0x36DC, 0x2218, 0x19F8, 0x0D50, 0x04A9, 0x0D2F, 0x1194, 0x19F7, 0x0886, 0x0022, 0x08A8, 0x112E, 0x112E, 0x0466, 0x0466,
    0x0023, 0x0CC9, 0x267C, 0x15B5, 0x0067, 0x116F, 0x2F3D, 0x22BA, 0x0D70, 0x092E, 0x092D, 0x04C9, 0x1422, 0x3068, 0x3C8B, 0x3C8B,
    0x3C8B, 0x348A, 0x2847, 0x2045, 0x2045, 0x1C44, 0x1824, 0x0401, 0x8000, 0x8000, 0x8000, 0x8000, 0x8000, 0x8000, 0x8000, 0x8000,
    0x8000, 0x8000, 0x8000, 0x8000, 0x8000, 0x8000, 0x8000, 0x8000, 0x8000, 0x8000, 0x8000, 0x8000, 0x8000, 0x8000, 0x8000, 0x8000,
    0x8000, 0x8000, 0x8000, 0x8000, 0x8000, 0x8000, 0x8000, 0x8000, 0x8000, 0x8000, 0x8000, 0x8000, 0x8000, 0x8000, 0x8000, 0x8000,
    0x8000, 0x8000, 0x8000, 0x8000, 0x8000, 0x8000, 0x8000, 0x8000, 0x8000, 0x8000, 0x8000, 0x8000, 0x8000, 0x8000, 0x8000, 0x8000,
    0x8000, 0x0C02, 0x1023, 0x0021, 0x0044, 0x0466, 0x08CA, 0x0CEC, 0x0044, 0x0021, 0x1444, 0x1C45, 0x1823, 0x1823, 0x1823, 0x1C23,
    0x1044, 0x04ED, 0x15B5, 0x1194, 0x11B4, 0x1172, 0x1193, 0x15B5, 0x19F7, 0x2A7A, 0x32BC, 0x36DD, 0x36DD, 0x36DD, 0x36DD, 0x36DD,
    0x36BC, 0x265A, 0x1A18, 0x0D2F, 0x04A9, 0x092F, 0x15B6, 0x19F6, 0x19D6, 0x0466, 0x0022, 0x0CCA, 0x110D, 0x08CA, 0x0466, 0x0045,
    0x0023, 0x1170, 0x0D50, 0x04CB, 0x1E35, 0x26BA, 0x1E78, 0x11D4, 0x0D4F, 0x092F, 0x08CA, 0x1044, 0x2C68, 0x3C8B, 0x3C8B, 0x3C8C,
    0x3C8B, 0x2867, 0x2446, 0x2045, 0x1C45, 0x1C44, 0x1824, 0x1022, 0x0400, 0x8000, 0x8000, 0x8000, 0x8000, 0x8000, 0x8000, 0x8000,
    0x8000, 0x8000, 0x8000, 0x8000, 0x8000, 0x8000, 0x8000, 0x8000, 0x8000, 0x8000, 0x8000, 0x8000, 0x8000, 0x8000, 0x8000, 0x8000,
    0x8000, 0x8000, 0x8000, 0x8000, 0x8000, 0x8000, 0x8000, 0x8000, 0x8000, 0x8000, 0x8000, 0x8000, 0x8000, 0x8000, 0x8000, 0x8000,
    0x8000, 0x8000, 0x8000, 0x8000, 0x8000, 0x8000, 0x8000, 0x8000, 0x8000, 0x8000, 0x8000, 0x8000, 0x8000, 0x8000, 0x8000, 0x8000,
    0x0C01, 0x1C24, 0x1C45, 0x0421, 0x0044, 0x0487, 0x0CEC, 0x0CEC, 0x0023, 0x0022, 0x1024, 0x1824, 0x1423, 0x1823, 0x1824, 0x1823,
    0x1423, 0x0866, 0x0D51, 0x1194, 0x1194, 0x15B5, 0x15B5, 0x1E18, 0x2A7B, 0x36BD, 0x36DD, 0x36DD, 0x36DD, 0x36DD, 0x36BC, 0x36DD,
    0x265A, 0x19F7, 0x1172, 0x08EC, 0x0D2F, 0x15B4, 0x19D7, 0x225A, 0x15B5, 0x0044, 0x0023, 0x0CCA, 0x0CEC, 0x08A9, 0x0466, 0x0045,
    0x0022, 0x092E, 0x1190, 0x2EB9, 0x2F1D, 0x1A58, 0x11B3, 0x11D3, 0x0D71, 0x090B, 0x0C65, 0x2445, 0x3CAC, 0x3C8B, 0x3CAC, 0x388B,
    0x2C68, 0x2446, 0x2045, 0x1C45, 0x1C44, 0x1824, 0x1824, 0x1423, 0x0801, 0x0401, 0x0401, 0x8000, 0x8000, 0x8000, 0x8000, 0x8000,
    0x0801, 0x0C01, 0x0801, 0x8000, 0x8000, 0x8000, 0x8000, 0x8000, 0x8000, 0x8000, 0x8000, 0x8000, 0x8000, 0x8000, 0x8000, 0x8000,
    0x8000, 0x8000, 0x8000, 0x8000, 0x8000, 0x8000, 0x8000, 0x8000, 0x8000, 0x8000, 0x8000, 0x8000, 0x8000, 0x8000, 0x8000, 0x8000,
    0x8000, 0x8000, 0x8000, 0x8000, 0x8000, 0x8000, 0x8000, 0x8000, 0x8000, 0x8000, 0x8000, 0x8000, 0x8000, 0x8000, 0x8000, 0x0400,
    0x1C44, 0x2045, 0x2045, 0x0822, 0x0044, 0x08A9, 0x110D, 0x08A9, 0x0021, 0x0023, 0x0C23, 0x1423, 0x1823, 0x1824, 0x1824, 0x1823,
    0x1824, 0x0C44, 0x0488, 0x1194, 0x1194, 0x11B4, 0x15D5, 0x265A, 0x36DD, 0x36DD, 0x36BD, 0x36DD, 0x36DD, 0x36DC, 0x36BC, 0x2A7A,
    0x1E18, 0x0D51, 0x0488, 0x0D51, 0x15D6, 0x15D6, 0x1E18, 0x267B, 0x1150, 0x0044, 0x0043, 0x08A9, 0x0CEC, 0x0487, 0x0466, 0x0023,
    0x08A7, 0x1DF2, 0x375F, 0x2EFC, 0x1637, 0x15F5, 0x11F5, 0x0DB2, 0x090C, 0x0864, 0x1C44, 0x388A, 0x3C8B, 0x3C8B, 0x3C8B, 0x3069,
    0x2045, 0x1C45, 0x1C44, 0x1823, 0x1823, 0x1824, 0x1824, 0x1824, 0x1824, 0x1423, 0x1423, 0x0801, 0x0400, 0x8000, 0x0400, 0x0C22,
    0x2446, 0x2C67, 0x2046, 0x1022, 0x0401, 0x8000, 0x8000, 0x8000, 0x8000, 0x8000, 0x8000, 0x8000, 0x8000, 0x8000, 0x8000, 0x8000,
    0x8000, 0x8000, 0x8000, 0x8000, 0x8000, 0x8000, 0x8000, 0x8000, 0x8000, 0x8000, 0x8000, 0x8000, 0x8000, 0x8000, 0x8000, 0x8000,
    0x8000, 0x8000, 0x8000, 0x8000, 0x8000, 0x8000, 0x8000, 0x8000, 0x8000, 0x8000, 0x8000, 0x8000, 0x8000, 0x8000, 0x0400, 0x1823,
    0x1C44, 0x2045, 0x2445, 0x0822, 0x0044, 0x0CCA, 0x0CEB, 0x0887, 0x0400, 0x0022, 0x0823, 0x1823, 0x1823, 0x1824, 0x1824, 0x1423,
    0x0C44, 0x092D, 0x08C9, 0x0D2E, 0x15B5, 0x11B4, 0x19F7, 0x265A, 0x36BC, 0x36BD, 0x36BC, 0x36BC, 0x36BC, 0x36DC, 0x2A7A, 0x15D6,
    0x1171, 0x0489, 0x090E, 0x1173, 0x15D6, 0x2239, 0x2E9B, 0x2239, 0x08A8, 0x0043, 0x0044, 0x08A9, 0x08A9, 0x0044, 0x0888, 0x0001,
    0x2212, 0x375E, 0x22BA, 0x1215, 0x1636, 0x1636, 0x0DB2, 0x04A8, 0x0442, 0x1423, 0x3089, 0x3C8B, 0x388B, 0x3CAB, 0x2C68, 0x2045,
    0x2045, 0x1823, 0x1423, 0x1423, 0x1423, 0x1423, 0x2045, 0x2446, 0x2446, 0x2045, 0x2045, 0x1824, 0x1022, 0x1022, 0x2446, 0x388A,
    0x3C8B, 0x388B, 0x388A, 0x3068, 0x2045, 0x0801, 0x8000, 0x8000, 0x8000, 0x8000, 0x8000, 0x8000, 0x8000, 0x8000, 0x8000, 0x8000,
    0x8000, 0x8000, 0x8000, 0x8000, 0x8000, 0x8000, 0x8000, 0x8000, 0x8000, 0x8000, 0x8000, 0x8000, 0x8000, 0x8000, 0x8000, 0x8000,
    0x8000, 0x8000, 0x8000, 0x8000, 0x8000, 0x8000, 0x8000, 0x8000, 0x8000, 0x8000, 0x8000, 0x8000, 0x8000, 0x8000, 0x0400, 0x1823,
    0x1C24, 0x2045, 0x2445, 0x0C22, 0x0043, 0x0CCA, 0x0CEC, 0x0466, 0x1002, 0x0422, 0x0823, 0x1823, 0x1823, 0x1824, 0x1402, 0x0C66,
    0x0D70, 0x0D91, 0x090C, 0x0488, 0x1193, 0x1194, 0x15D6, 0x265A, 0x3ADD, 0x36DD, 0x36DC, 0x3ADD, 0x36DC, 0x267A, 0x19F7, 0x090F,
    0x04A9, 0x08ED, 0x0D72, 0x19D6, 0x1E18, 0x2A7A, 0x2EBC, 0x19F7, 0x0466, 0x0022, 0x0023, 0x08A9, 0x08A9, 0x0044, 0x0465, 0x0023,
    0x11D3, 0x1A58, 0x1A79, 0x1A57, 0x1616, 0x094E, 0x0864, 0x0842, 0x1023, 0x3068, 0x3C8B, 0x3C8B, 0x3CAB, 0x3069, 0x2446, 0x1C44,
    0x1423, 0x1423, 0x1422, 0x1824, 0x2045, 0x2C68, 0x2C68, 0x2C68, 0x2847, 0x2045, 0x1022, 0x1C44, 0x2C68, 0x388A, 0x388B, 0x388B,
    0x388A, 0x388A, 0x3469, 0x3068, 0x3068, 0x2C67, 0x1423, 0x8000, 0x8000, 0x8000, 0x8000, 0x8000, 0x8000, 0x8000, 0x8000, 0x8000,
    0x8000, 0x8000, 0x8000, 0x8000, 0x8000, 0x8000, 0x8000, 0x8000, 0x8000, 0x8000, 0x8000, 0x8000, 0x8000, 0x8000, 0x8000, 0x8000,
    0x8000, 0x8000, 0x8000, 0x8000, 0x8000, 0x8000, 0x8000, 0x8000, 0x8000, 0x0401, 0x0801, 0x0801, 0x0801, 0x0400, 0x0801, 0x1823,
    0x2045, 0x2445, 0x2045, 0x0C22, 0x0023, 0x0CCB, 0x08CA, 0x0423, 0x1C24, 0x1023, 0x0C22, 0x1824, 0x1824, 0x1823, 0x0C66, 0x0D91,
    0x11B2, 0x090C, 0x08A8, 0x0864, 0x08CA, 0x0D73, 0x15B5, 0x1E18, 0x2A7A, 0x32BC, 0x32BD, 0x2EBC, 0x265A, 0x15B4, 0x08CA, 0x04CB,
    0x090E, 0x0D51, 0x15B5, 0x1E18, 0x265A, 0x267B, 0x2217, 0x08CA, 0x0044, 0x0444, 0x0023, 0x08A8, 0x0888, 0x0044, 0x0023, 0x0D2D,
    0x1657, 0x1E99, 0x1E9A, 0x0D90, 0x0CEA, 0x0864, 0x0C42, 0x0C22, 0x2867, 0x388A, 0x3C8B, 0x3C8B, 0x3089, 0x2045, 0x1C24, 0x1423,
    0x1022, 0x1823, 0x1C44, 0x2847, 0x3068, 0x3469, 0x2C68, 0x2867, 0x1C45, 0x1C44, 0x2867, 0x348A, 0x3C8B, 0x3C8B, 0x3C8B, 0x3C8B,
    0x3C8B, 0x3C8B, 0x348A, 0x348A, 0x3069, 0x3069, 0x2867, 0x1823, 0x0400, 0x8000, 0x8000, 0x8000, 0x8000, 0x8000, 0x8000, 0x8000,
    0x8000, 0x8000, 0x8000, 0x8000, 0x8000, 0x8000, 0x8000, 0x8000, 0x8000, 0x8000, 0x8000, 0x8000, 0x8000, 0x8000, 0x8000, 0x8000,
    0x8000, 0x8000, 0x8000, 0x8000, 0x8000, 0x8000, 0x8000, 0x8000, 0x0801, 0x1422, 0x1423, 0x1423, 0x1423, 0x0C22, 0x0C22, 0x1823,
    0x2045, 0x2045, 0x2045, 0x0C22, 0x0023, 0x0CCB, 0x08CA, 0x0822, 0x2445, 0x1824, 0x0C22, 0x1444, 0x1824, 0x1402, 0x0D2D, 0x1658,
    0x0D90, 0x0487, 0x0C64, 0x0842, 0x0443, 0x08EC, 0x1173, 0x15B5, 0x19D6, 0x1E17, 0x1DF6, 0x15B4, 0x0D30, 0x04A9, 0x0487, 0x090E,
    0x0D52, 0x1194, 0x1E18, 0x225A, 0x1DF7, 0x1171, 0x1170, 0x0022, 0x0D0A, 0x0CEA, 0x0023, 0x08A8, 0x0488, 0x0044, 0x0022, 0x1A36,
    0x1657, 0x1615, 0x0D6E, 0x0C43, 0x0C42, 0x0842, 0x0C22, 0x2866, 0x3C8B, 0x3C8B, 0x3C8B, 0x3489, 0x1C45, 0x1824, 0x1423, 0x1423,
    0x1824, 0x2045, 0x2C68, 0x3469, 0x3489, 0x3069, 0x2446, 0x2045, 0x1C24, 0x2C68, 0x40AC, 0x3C8B, 0x3C8B, 0x3C8B, 0x388A, 0x3CAB,
    0x3C8B, 0x3C8B, 0x388B, 0x348A, 0x3068, 0x3068, 0x3069, 0x2C67, 0x1022, 0x8000, 0x8000, 0x8000, 0x8000, 0x8000, 0x8000, 0x8000,
    0x8000, 0x8000, 0x8000, 0x8000, 0x8000, 0x8000, 0x8000, 0x8000, 0x8000, 0x8000, 0x8000, 0x8000, 0x8000, 0x8000, 0x8000, 0x8000,
    0x8000, 0x8000, 0x8000, 0x8000, 0x8000, 0x8000, 0x8000, 0x0C22, 0x1823, 0x1824, 0x1423, 0x1423, 0x1423, 0x0C01, 0x0C02, 0x1824,
    0x1C24, 0x2045, 0x2045, 0x0822, 0x0022, 0x08CA, 0x0487, 0x0C01, 0x2846, 0x1C24, 0x1423, 0x1444, 0x1C24, 0x1422, 0x08EB, 0x1657,
    0x11B1, 0x0843, 0x0C63, 0x0842, 0x0821, 0x0444, 0x04A9, 0x090D, 0x090E, 0x08ED, 0x08ED, 0x04AA, 0x0066, 0x08CC, 0x090D, 0x0D51,
    0x1194, 0x1A18, 0x1DF7, 0x1572, 0x090C, 0x0D70, 0x1E57, 0x0887, 0x15D4, 0x08A7, 0x0022, 0x08A8, 0x0488, 0x0022, 0x0D0A, 0x1A78,
    0x090C, 0x0865, 0x1063, 0x1084, 0x0C63, 0x0C42, 0x2045, 0x3C8B, 0x3C8B, 0x3C8C, 0x348A, 0x2045, 0x1823, 0x1423, 0x1823, 0x2445,
    0x2847, 0x3069, 0x388A, 0x3489, 0x3489, 0x2C68, 0x1C44, 0x2846, 0x388A, 0x40AC, 0x3CAB, 0x3C8B, 0x3C8B, 0x3C8B, 0x388A, 0x3C8B,
    0x3C8B, 0x3C8B, 0x388B, 0x348A, 0x348A, 0x3068, 0x2C68, 0x2C67, 0x2045, 0x1002, 0x8000, 0x8000, 0x8000, 0x8000, 0x8000, 0x8000,
    0x8000, 0x8000, 0x8000, 0x8000, 0x8000, 0x8000, 0x8000, 0x8000, 0x8000, 0x8000, 0x8000, 0x8000, 0x8000, 0x8000, 0x8000, 0x8000,
    0x8000, 0x8000, 0x8000, 0x8000, 0x8000, 0x8000, 0x8000, 0x1423, 0x1C24, 0x1C24, 0x1423, 0x1423, 0x1022, 0x0801, 0x0C01, 0x1824,
    0x1C44, 0x2445, 0x1824, 0x0022, 0x0022, 0x08AA, 0x0487, 0x1824, 0x2C68, 0x2446, 0x2446, 0x1C44, 0x1823, 0x1823, 0x0487, 0x094F,
    0x1A79, 0x11D2, 0x0842, 0x0842, 0x0442, 0x0842, 0x0443, 0x0087, 0x0466, 0x0487, 0x04AA, 0x04AA, 0x04AA, 0x090D, 0x0D50, 0x1194,
    0x19F7, 0x1172, 0x04A9, 0x15D2, 0x22DB, 0x1E58, 0x08C9, 0x08EB, 0x1637, 0x04C8, 0x0023, 0x0488, 0x0487, 0x0043, 0x08C9, 0x10A7,
    0x1485, 0x1885, 0x1485, 0x1064, 0x0C22, 0x1C45, 0x388A, 0x3C8B, 0x3CAC, 0x388A, 0x2045, 0x1423, 0x1423, 0x1824, 0x2446, 0x2C67,
    0x346A, 0x388A, 0x348A, 0x3489, 0x2C67, 0x2045, 0x3069, 0x388B, 0x3CAB, 0x3CAB, 0x3CAC, 0x3C8B, 0x3C8B, 0x3CAC, 0x3CAB, 0x3CAC,
    0x388A, 0x388A, 0x388A, 0x388A, 0x3469, 0x2C67, 0x2846, 0x2445, 0x2045, 0x1423, 0x8000, 0x8000, 0x8000, 0x8000, 0x8000, 0x8000,
    0x8000, 0x8000, 0x8000, 0x8000, 0x8000, 0x8000, 0x8000, 0x8000, 0x8000, 0x8000, 0x8000, 0x8000, 0x8000, 0x8000, 0x8000, 0x8000,
    0x8000, 0x8000, 0x8000, 0x8000, 0x8000, 0x8000, 0x0C22, 0x1423, 0x2045, 0x2045, 0x1823, 0x1423, 0x0C22, 0x0821, 0x0C22, 0x1823,
    0x1C44, 0x2045, 0x1423, 0x0023, 0x0022, 0x0888, 0x0065, 0x1C45, 0x3068, 0x2846, 0x2846, 0x1C45, 0x1423, 0x1423, 0x0C44, 0x04EB,
    0x11D4, 0x1E99, 0x0D0B, 0x0842, 0x0842, 0x0421, 0x0422, 0x0487, 0x0488, 0x0488, 0x04A9, 0x04CA, 0x08EC, 0x092F, 0x1194, 0x0D30,
    0x08EC, 0x1191, 0x2278, 0x1E78, 0x1615, 0x0D4F, 0x08EB, 0x11F5, 0x11D3, 0x0465, 0x0023, 0x0467, 0x0065, 0x0822, 0x1C66, 0x1C65,
    0x1C86, 0x1485, 0x0C63, 0x0821, 0x1C45, 0x3489, 0x3C8B, 0x3CAC, 0x3C8B, 0x2446, 0x1423, 0x1823, 0x1C44, 0x2045, 0x2C68, 0x348A,
    0x388A, 0x388A, 0x3069, 0x2846, 0x2867, 0x3489, 0x388B, 0x3C8B, 0x3CAB, 0x3C8B, 0x3CAB, 0x3C8B, 0x3CAB, 0x3CAC, 0x3CAC, 0x3CAB,
    0x388B, 0x348A, 0x3069, 0x3068, 0x2846, 0x2446, 0x2045, 0x1824, 0x1824, 0x1823, 0x0801, 0x8000, 0x8000, 0x8000, 0x8000, 0x8000,
    0x8000, 0x8000, 0x8000, 0x8000, 0x8000, 0x8000, 0x8000, 0x8000, 0x8000, 0x8000, 0x8000, 0x8000, 0x8000, 0x8000, 0x8000, 0x8000,
    0x8000, 0x8000, 0x8000, 0x8000, 0x8000, 0x0401, 0x1823, 0x1423, 0x1C45, 0x2045, 0x1C24, 0x1423, 0x0C22, 0x0C21, 0x1022, 0x1823,
    0x1C44, 0x1C24, 0x1023, 0x0023, 0x0401, 0x0466, 0x0065, 0x2045, 0x3069, 0x2867, 0x2446, 0x1C44, 0x1823, 0x1423, 0x1022, 0x04A8,
    0x092E, 0x1615, 0x1E99, 0x08A7, 0x0442, 0x0442, 0x0421, 0x0065, 0x04CA, 0x04A9, 0x04CA, 0x08EC, 0x0D2F, 0x1172, 0x0D0E, 0x0D2E,
    0x11D2, 0x22BA, 0x1A58, 0x0D92, 0x0D70, 0x04EA, 0x090C, 0x1591, 0x0CEA, 0x0022, 0x0023, 0x0066, 0x0443, 0x1464, 0x24A7, 0x1886,
    0x1885, 0x1064, 0x0C43, 0x1824, 0x348A, 0x3CAC, 0x3C8B, 0x388B, 0x2C67, 0x1823, 0x1423, 0x1C44, 0x2045, 0x2867, 0x348A, 0x3C8B,
    0x388A, 0x3069, 0x3068, 0x2C68, 0x348A, 0x40AC, 0x3CAC, 0x3CAC, 0x3C8B, 0x388B, 0x3CAB, 0x3C8B, 0x3CAB, 0x3CAB, 0x388B, 0x388A,
    0x388A, 0x3069, 0x2C68, 0x2446, 0x2045, 0x1C44, 0x1823, 0x1823, 0x1824, 0x1824, 0x1423, 0x0801, 0x0801, 0x0801, 0x0400, 0x8000,
    0x8000, 0x8000, 0x8000, 0x8000, 0x8000, 0x8000, 0x8000, 0x8000, 0x8000, 0x8000, 0x8000, 0x8000, 0x8000, 0x8000, 0x8000, 0x8000,
    0x8000, 0x8000, 0x8000, 0x8000, 0x8000, 0x0C01, 0x1423, 0x1423, 0x2045, 0x2446, 0x2045, 0x1823, 0x0C22, 0x0C22, 0x0C22, 0x1022,
    0x1C44, 0x1C24, 0x0422, 0x1023, 0x1022, 0x0044, 0x0044, 0x2446, 0x3469, 0x2846, 0x2446, 0x2045, 0x1823, 0x1423, 0x1002, 0x0844,
    0x04CA, 0x0D4F, 0x2299, 0x0D70, 0x0443, 0x0421, 0x0421, 0x0044, 0x08CC, 0x04AA, 0x08EC, 0x0D30, 0x0D51, 0x1173, 0x0488, 0x1A35,
    0x22BB, 0x0D71, 0x0D70, 0x0D91, 0x092D, 0x0464, 0x0844, 0x1043, 0x1C85, 0x0843, 0x0044, 0x0045, 0x0864, 0x1CA6, 0x1886, 0x1885,
    0x1063, 0x0842, 0x1823, 0x388A, 0x3C8B, 0x3CAC, 0x388A, 0x2847, 0x1823, 0x1423, 0x1C44, 0x2847, 0x2446, 0x388A, 0x3C8B, 0x3C8B,
    0x388B, 0x2C67, 0x348A, 0x3CAC, 0x3C8B, 0x3C8B, 0x3CAC, 0x3CAB, 0x388A, 0x388B, 0x3CAB, 0x3C8B, 0x3C8B, 0x388B, 0x388A, 0x388A,
    0x3069, 0x2847, 0x2446, 0x2045, 0x1C45, 0x1823, 0x1824, 0x2045, 0x2045, 0x2045, 0x1844, 0x1824, 0x1823, 0x1423, 0x0C22, 0x8000,
    0x8000, 0x8000, 0x8000, 0x8000, 0x8000, 0x8000, 0x8000, 0x8000, 0x8000, 0x8000, 0x8000, 0x8000, 0x8000, 0x8000, 0x8000, 0x8000,
    0x8000, 0x8000, 0x0C22, 0x0801, 0x0801, 0x1022, 0x1823, 0x1823, 0x2045, 0x2446, 0x2045, 0x1824, 0x0C22, 0x0C01, 0x0C21, 0x0801,
    0x1823, 0x0C22, 0x0422, 0x1823, 0x2445, 0x0844, 0x0044, 0x2067, 0x3469, 0x2446, 0x2045, 0x2045, 0x1423, 0x1423, 0x1022, 0x0C22,
    0x0464, 0x08EC, 0x11B3, 0x1A58, 0x0885, 0x0420, 0x0421, 0x0443, 0x08CC, 0x04AA, 0x08ED, 0x0D73, 0x15B4, 0x08CB, 0x11B1, 0x1A57,
    0x0D91, 0x0D70, 0x090C, 0x0464, 0x0842, 0x0842, 0x1484, 0x2087, 0x2487, 0x0C86, 0x0045, 0x0022, 0x0843, 0x1CA6, 0x1885, 0x1084,
    0x0822, 0x1C45, 0x388B, 0x3C8B, 0x3CAB, 0x3C8B, 0x2C68, 0x1423, 0x1423, 0x1C45, 0x2045, 0x2846, 0x388B, 0x3C8B, 0x3C8B, 0x388A,
    0x3489, 0x388B, 0x3C8B, 0x3C8B, 0x3C8B, 0x3C8B, 0x3CAC, 0x388B, 0x388A, 0x3CAB, 0x3CAB, 0x3CAC, 0x3C8B, 0x3C8B, 0x348A, 0x3068,
    0x2446, 0x2445, 0x2045, 0x2045, 0x2045, 0x2446, 0x2446, 0x2045, 0x2445, 0x2446, 0x2045, 0x2045, 0x1C24, 0x1823, 0x1423, 0x1022,
    0x8000, 0x8000, 0x8000, 0x8000, 0x8000, 0x8000, 0x8000, 0x8000, 0x8000, 0x8000, 0x8000, 0x8000, 0x8000, 0x8000, 0x8000, 0x0400,
    0x0C02, 0x1022, 0x1423, 0x0C22, 0x0C22, 0x1823, 0x1823, 0x1824, 0x2045, 0x2446, 0x2446, 0x1C24, 0x0C22, 0x0801, 0x0C21, 0x0C22,
    0x1423, 0x0822, 0x1023, 0x2044, 0x2846, 0x0C22, 0x0044, 0x2088, 0x3469, 0x2045, 0x2045, 0x1C45, 0x1823, 0x1423, 0x1022, 0x0C22,
    0x0441, 0x0465, 0x0D70, 0x1E79, 0x08C8, 0x0421, 0x0422, 0x0045, 0x08CC, 0x090F, 0x090F, 0x0D30, 0x1173, 0x04CA, 0x15D3, 0x1615,
    0x0D91, 0x090D, 0x0422, 0x0842, 0x0C63, 0x1464, 0x1C86, 0x2487, 0x2487, 0x0843, 0x0044, 0x0443, 0x1885, 0x1886, 0x0C63, 0x0821,
    0x2046, 0x388A, 0x3C8B, 0x3C8B, 0x40AC, 0x2C68, 0x1823, 0x1823, 0x1823, 0x1C44, 0x2867, 0x388B, 0x3C8B, 0x3C8B, 0x3C8B, 0x3C8B,
    0x3C8B, 0x3CAC, 0x3CAC, 0x3C8B, 0x3C8B, 0x3C8B, 0x3CAB, 0x3C8B, 0x3C8B, 0x3CAC, 0x3CAC, 0x40AC, 0x3C8B, 0x348A, 0x2C68, 0x2446,
    0x2445, 0x2446, 0x2867, 0x2C67, 0x2847, 0x2846, 0x2446, 0x2446, 0x2446, 0x2045, 0x2045, 0x1823, 0x1423, 0x1823, 0x1824, 0x2446,
    0x8000, 0x8000, 0x8000, 0x8000, 0x8000, 0x8000, 0x8000, 0x8000, 0x8000, 0x8000, 0x8000, 0x8000, 0x8000, 0x8000, 0x0801, 0x1022,
    0x1823, 0x1823, 0x1823, 0x0C01, 0x1022, 0x1C24, 0x1C45, 0x1824, 0x2045, 0x2446, 0x2446, 0x2446, 0x1022, 0x0801, 0x0C21, 0x0C22,
    0x0C22, 0x1022, 0x1823, 0x2044, 0x2846, 0x1C44, 0x0043, 0x1867, 0x3C8A, 0x1C24, 0x2045, 0x2045, 0x1423, 0x1423, 0x1022, 0x0821,
    0x0421, 0x0863, 0x090D, 0x1A57, 0x0D4E, 0x0422, 0x0443, 0x0466, 0x08CC, 0x0D72, 0x0D30, 0x0D51, 0x0D30, 0x04CA, 0x15F4, 0x11F5,
    0x0D90, 0x0464, 0x0842, 0x0C63, 0x1064, 0x1C86, 0x2087, 0x2087, 0x1C86, 0x0843, 0x0044, 0x0843, 0x1485, 0x0C63, 0x0822, 0x2045,
    0x388A, 0x3C8B, 0x3C8B, 0x3CAB, 0x3489, 0x2045, 0x1423, 0x1824, 0x1C45, 0x2C67, 0x388A, 0x408C, 0x3C8B, 0x3C8B, 0x3C8C, 0x3CAC,
    0x3C8C, 0x3C8B, 0x3C8B, 0x3C8B, 0x3C8B, 0x3CAB, 0x3CAC, 0x3C8B, 0x3C8B, 0x3C8B, 0x3CAC, 0x388A, 0x348A, 0x2C68, 0x2867, 0x2446,
    0x2446, 0x2C68, 0x3068, 0x3069, 0x2867, 0x2446, 0x2446, 0x2045, 0x1C44, 0x2045, 0x1C24, 0x2045, 0x2046, 0x2046, 0x2846, 0x2C67,
    0x8000, 0x8000, 0x8000, 0x8000, 0x8000, 0x8000, 0x8000, 0x8000, 0x8000, 0x8000, 0x8000, 0x8000, 0x8000, 0x0400, 0x1423, 0x1C24,
    0x1C24, 0x1824, 0x1823, 0x0C01, 0x1022, 0x1C44, 0x2045, 0x1C24, 0x2045, 0x2867, 0x2867, 0x2847, 0x1823, 0x0C01, 0x0C21, 0x0C21,
    0x0C21, 0x1022, 0x1824, 0x1C44, 0x2446, 0x3068, 0x0823, 0x0C66, 0x3C8B, 0x1824, 0x1C44, 0x2045, 0x1C44, 0x1423, 0x0C22, 0x0421,
    0x0421, 0x0843, 0x04EB, 0x1637, 0x11B2, 0x0022, 0x0465, 0x04A9, 0x04CB, 0x0D51, 0x1194, 0x1173, 0x08CC, 0x090C, 0x1636, 0x0D92,
    0x092C, 0x0420, 0x0842, 0x0C63, 0x1465, 0x1C86, 0x1C87, 0x2087, 0x1885, 0x0443, 0x0023, 0x0C43, 0x0C63, 0x0C22, 0x1C44, 0x388A,
    0x3C8B, 0x3C8B, 0x3C8B, 0x3C8B, 0x2045, 0x1823, 0x1C44, 0x2045, 0x2C67, 0x3C8B, 0x408C, 0x3C8B, 0x3C8B, 0x3C8C, 0x3C8B, 0x3C8B,
    0x3C8B, 0x3C8B, 0x3C8B, 0x3C8C, 0x3CAC, 0x3CAB, 0x40AB, 0x3C8B, 0x3C8B, 0x3C8B, 0x388A, 0x3068, 0x2C67, 0x2867, 0x2446, 0x2446,
    0x2867, 0x2C68, 0x2C68, 0x2867, 0x2C67, 0x2446, 0x2045, 0x2045, 0x2446, 0x2446, 0x2446, 0x3489, 0x348A, 0x348A, 0x3068, 0x2C68,
    0x8000, 0x8000, 0x8000, 0x8000, 0x8000, 0x8000, 0x8000, 0x8000, 0x8000, 0x8000, 0x8000, 0x8000, 0x0400, 0x1823, 0x1824, 0x1823,
    0x1C24, 0x2045, 0x1823, 0x1022, 0x1423, 0x1C24, 0x1C45, 0x1C24, 0x2045, 0x2866, 0x2867, 0x2C68, 0x2045, 0x1022, 0x0C21, 0x0C21,
    0x0C21, 0x1022, 0x1823, 0x2045, 0x2445, 0x3469, 0x1C46, 0x0C43, 0x40AC, 0x2446, 0x1823, 0x1C24, 0x1C44, 0x1423, 0x0801, 0x0421,
    0x0421, 0x0821, 0x0486, 0x0DB3, 0x15F5, 0x0487, 0x0088, 0x04A9, 0x08CB, 0x0D51, 0x1173, 0x0D73, 0x0489, 0x0D70, 0x15F4, 0x0D70,
    0x0465, 0x0841, 0x0842, 0x0C63, 0x1464, 0x1885, 0x2087, 0x2087, 0x1485, 0x0443, 0x0022, 0x0842, 0x1023, 0x2446, 0x3CAB, 0x3C8B,
    0x3C8B, 0x3C8C, 0x3C8B, 0x2867, 0x1824, 0x1423, 0x2045, 0x3489, 0x3C8B, 0x3C8B, 0x3C8B, 0x3C8B, 0x3C8B, 0x3C8C, 0x3469, 0x3469,
    0x3C8C, 0x3C8B, 0x3C8B, 0x3CAC, 0x3CAC, 0x3CAC, 0x3C8B, 0x3C8B, 0x3C8C, 0x388A, 0x2C67, 0x2C67, 0x2866, 0x2446, 0x2446, 0x2045,
    0x2045, 0x2045, 0x2045, 0x2045, 0x2045, 0x2045, 0x2446, 0x3069, 0x3C8B, 0x3C8B, 0x3C8B, 0x388B, 0x388A, 0x3489, 0x3469, 0x3068,
    0x8000, 0x8000, 0x8000, 0x8000, 0x8000, 0x8000, 0x8000, 0x8000, 0x8000, 0x8000, 0x8000, 0x8000, 0x0400, 0x1423, 0x0801, 0x1423,
    0x1824, 0x1C24, 0x1C45, 0x1823, 0x1022, 0x1823, 0x2446, 0x1C24, 0x2045, 0x2847, 0x2C68, 0x3068, 0x2846, 0x1423, 0x0801, 0x0C22,
    0x0C21, 0x0C21, 0x1423, 0x2045, 0x2045, 0x2C67, 0x388A, 0x2467, 0x0C45, 0x3069, 0x2045, 0x1423, 0x1C44, 0x0C22, 0x0401, 0x0421,
    0x0421, 0x0842, 0x0443, 0x094F, 0x1616, 0x04A8, 0x0067, 0x04CC, 0x08ED, 0x0D51, 0x1173, 0x0D30, 0x0465, 0x11F4, 0x11F5, 0x092D,
    0x0422, 0x0842, 0x0C63, 0x0C63, 0x1084, 0x1485, 0x1885, 0x1885, 0x0C63, 0x0043, 0x0001, 0x1C45, 0x388A, 0x3C8B, 0x3CAB, 0x3CAB,
    0x40AC, 0x388A, 0x2C67, 0x1C24, 0x2045, 0x3068, 0x388B, 0x3C8B, 0x3C8B, 0x3C8C, 0x40AC, 0x3CAC, 0x3469, 0x2C68, 0x348A, 0x3C8B,
    0x3C8B, 0x3CAC, 0x3CAC, 0x3CAC, 0x3CAC, 0x3CAC, 0x40AC, 0x40AC, 0x3469, 0x2446, 0x2446, 0x2446, 0x2045, 0x2445, 0x2446, 0x2045,
    0x2045, 0x2045, 0x2045, 0x2045, 0x2847, 0x3489, 0x3C8B, 0x3C8B, 0x3C8B, 0x3C8B, 0x3C8B, 0x3C8B, 0x388B, 0x348A, 0x3068, 0x2866,
    0x8000, 0x8000, 0x8000, 0x8000, 0x8000, 0x8000, 0x8000, 0x8000, 0x8000, 0x8000, 0x8000, 0x8000, 0x0421, 0x0421, 0x0421, 0x0821,
    0x1423, 0x1C24, 0x2045, 0x1C24, 0x1022, 0x1022, 0x1C24, 0x1C44, 0x2045, 0x2446, 0x2867, 0x2847, 0x2446, 0x1C24, 0x0C22, 0x0C22,
    0x0C22, 0x0C21, 0x1022, 0x1C44, 0x2045, 0x2446, 0x3489, 0x388B, 0x2067, 0x388A, 0x2045, 0x1022, 0x1824, 0x0C22, 0x0401, 0x0421,
    0x0421, 0x0821, 0x0442, 0x04EB, 0x15F5, 0x090B, 0x0067, 0x090E, 0x0930, 0x0D51, 0x0D52, 0x08CA, 0x04A7, 0x1616, 0x11B2, 0x08A8,
    0x0821, 0x0863, 0x0C63, 0x0C63, 0x1064, 0x1064, 0x1064, 0x0C42, 0x0821, 0x0022, 0x1844, 0x388A, 0x408C, 0x3C8B, 0x3CAC, 0x40AC,
    0x3CAB, 0x3469, 0x2846, 0x2C68, 0x3469, 0x388B, 0x3C8C, 0x3C8B, 0x3C8C, 0x3C8B, 0x348A, 0x2C68, 0x3068, 0x3489, 0x3C8B, 0x3C8C,
    0x3C8B, 0x3CAC, 0x3CAC, 0x3CAC, 0x3CAC, 0x40AC, 0x388B, 0x3068, 0x2446, 0x2045, 0x2446, 0x2045, 0x2045, 0x2045, 0x1C45, 0x1C44,
    0x1C44, 0x2446, 0x2C68, 0x3069, 0x388A, 0x3C8B, 0x3C8B, 0x3C8B, 0x3C8B, 0x3C8B, 0x388B, 0x3489, 0x3068, 0x2C68, 0x2846, 0x2445,
    0x8000, 0x8000, 0x8000, 0x8000, 0x8000, 0x8000, 0x8000, 0x8000, 0x8000, 0x8000, 0x8000, 0x0421, 0x0421, 0x0421, 0x0441, 0x0421,
    0x0821, 0x1C24, 0x2446, 0x1C24, 0x1423, 0x1422, 0x1423, 0x1C44, 0x2045, 0x2446, 0x2867, 0x2445, 0x2446, 0x2045, 0x1423, 0x0C21,
    0x0C22, 0x0C22, 0x0C22, 0x1823, 0x2045, 0x2045, 0x2C67, 0x3C8B, 0x40AC, 0x408C, 0x2C68, 0x1423, 0x1423, 0x1022, 0x0421, 0x0421,
    0x0421, 0x0421, 0x0421, 0x04A8, 0x11B2, 0x0D70, 0x0488, 0x092F, 0x0D31, 0x0D31, 0x0D31, 0x0488, 0x090C, 0x11D3, 0x094F, 0x0464,
    0x0842, 0x0843, 0x0C63, 0x0C63, 0x0C63, 0x0C63, 0x0842, 0x1023, 0x0C22, 0x0021, 0x3489, 0x40AC, 0x3C8B, 0x3C8B, 0x3CAB, 0x40AC,
    0x3CAB, 0x3489, 0x348A, 0x3C8C, 0x3C8C, 0x3C8B, 0x3C8B, 0x388B, 0x388A, 0x3068, 0x2C67, 0x2C67, 0x3489, 0x3C8B, 0x3C8B, 0x3C8B,
    0x3CAC, 0x40AC, 0x40AC, 0x3CAC, 0x3CAC, 0x388B, 0x2C67, 0x2045, 0x2045, 0x2045, 0x2045, 0x1C44, 0x1C44, 0x1C45, 0x1C44, 0x2045,
    0x2446, 0x3069, 0x3C8B, 0x3C8B, 0x3C8B, 0x3C8B, 0x3C8B, 0x3C8B, 0x388A, 0x388A, 0x3069, 0x2847, 0x2445, 0x1C45, 0x1C24, 0x1C24,
    0x8000, 0x8000, 0x8000, 0x8000, 0x8000, 0x8000, 0x8000, 0x8000, 0x8000, 0x8000, 0x0842, 0x0421, 0x0421, 0x0421, 0x0421, 0x0421,
    0x0421, 0x1022, 0x2446, 0x2446, 0x1C44, 0x1423, 0x1022, 0x1C44, 0x2045, 0x2867, 0x3489, 0x2446, 0x2446, 0x2846, 0x2045, 0x0C22,
    0x0C22, 0x0C22, 0x0C22, 0x1423, 0x2045, 0x2045, 0x2846, 0x3489, 0x3C8B, 0x3C8B, 0x40AC, 0x2C67, 0x1022, 0x1423, 0x0821, 0x0421,
    0x0421, 0x0822, 0x0421, 0x0486, 0x094F, 0x11B2, 0x04A8, 0x0D0F, 0x0D52, 0x0D73, 0x0D30, 0x0487, 0x0D91, 0x11D3, 0x04CA, 0x0421,
    0x0842, 0x0842, 0x0C43, 0x0C63, 0x0842, 0x0821, 0x1823, 0x388A, 0x1444, 0x0422, 0x348A, 0x408B, 0x3C8B, 0x3CAB, 0x3CAC, 0x40AC,
    0x3CAC, 0x3C8B, 0x3C8B, 0x3C8B, 0x3C8B, 0x3C8B, 0x388A, 0x3068, 0x2445, 0x1C45, 0x2C67, 0x388B, 0x3C8B, 0x3C8B, 0x3C8B, 0x3C8C,
    0x40AC, 0x40AC, 0x3CAC, 0x408C, 0x388B, 0x2847, 0x2045, 0x2045, 0x1C45, 0x1C44, 0x1C44, 0x1C44, 0x1C44, 0x1C44, 0x2045, 0x348A,
    0x3C8B, 0x3C8B, 0x3C8B, 0x3C8B, 0x3C8B, 0x3C8B, 0x3C8B, 0x3489, 0x2867, 0x2445, 0x2446, 0x2446, 0x1C24, 0x1423, 0x0C22, 0x0801,
    0x8000, 0x8000, 0x8000, 0x8000, 0x8000, 0x8000, 0x8000, 0x8000, 0x0001, 0x0843, 0x0421, 0x0421, 0x0421, 0x0421, 0x0421, 0x0421,
    0x0421, 0x0421, 0x1423, 0x2446, 0x2446, 0x1824, 0x1022, 0x1823, 0x2045, 0x2446, 0x2867, 0x2867, 0x2446, 0x2846, 0x2445, 0x1022,
    0x0C22, 0x0C22, 0x0C22, 0x1022, 0x2045, 0x2445, 0x2045, 0x2867, 0x3C8B, 0x3C8B, 0x3C8B, 0x388A, 0x1824, 0x0C01, 0x0C22, 0x0821,
    0x0421, 0x0421, 0x0821, 0x0465, 0x04EC, 0x0DB2, 0x04A8, 0x08ED, 0x1194, 0x0D73, 0x08A9, 0x0486, 0x11D3, 0x0D4F, 0x0486, 0x0841,
    0x0863, 0x0842, 0x0442, 0x0821, 0x1844, 0x2C68, 0x388A, 0x3C8B, 0x0C23, 0x2868, 0x40AC, 0x3C8B, 0x3C8B, 0x3CAC, 0x3CAC, 0x3CAC,
    0x3C8B, 0x3C8B, 0x3C8C, 0x3C8B, 0x388B, 0x2C68, 0x2446, 0x2446, 0x2045, 0x2C68, 0x388A, 0x3C8B, 0x3C8B, 0x3C8B, 0x3C8B, 0x3CAC,
    0x40AC, 0x40AC, 0x40AC, 0x348A, 0x2846, 0x1C44, 0x2045, 0x1824, 0x1823, 0x2045, 0x1C45, 0x1C44, 0x2045, 0x3069, 0x388A, 0x3C8B,
    0x3C8B, 0x3C8B, 0x3C8B, 0x3CAB, 0x3CAB, 0x3489, 0x2867, 0x2446, 0x2446, 0x2045, 0x1823, 0x0C22, 0x0822, 0x0842, 0x0842, 0x0842,
    0x8000, 0x8000, 0x8000, 0x8000, 0x8000, 0x8000, 0x8000, 0x0421, 0x0422, 0x0421, 0x0863, 0x0842, 0x0842, 0x0421, 0x0421, 0x0421,
    0x0421, 0x0421, 0x0801, 0x1C24, 0x2045, 0x1C24, 0x1423, 0x1422, 0x2045, 0x2446, 0x2446, 0x2C68, 0x2847, 0x2846, 0x2846, 0x1C44,
    0x0C22, 0x0C22, 0x0C22, 0x0C22, 0x1C44, 0x2045, 0x2045, 0x2446, 0x348A, 0x3C8B, 0x3C8B, 0x40AC, 0x3089, 0x0C22, 0x1022, 0x1423,
    0x1022, 0x0822, 0x0421, 0x0443, 0x04CA, 0x0991, 0x04EB, 0x04A9, 0x0D94, 0x0930, 0x0465, 0x08EB, 0x0DB3, 0x08EC, 0x0443, 0x0421,
    0x0822, 0x1043, 0x1844, 0x2867, 0x348A, 0x3C8B, 0x3C8B, 0x388A, 0x2467, 0x348A, 0x3C8B, 0x3C8B, 0x3C8B, 0x3C8B, 0x3C8C, 0x3C8B,
    0x3C8C, 0x3C8B, 0x388A, 0x3069, 0x2C68, 0x2446, 0x2045, 0x2045, 0x3068, 0x388A, 0x3C8B, 0x3CAB, 0x3C8B, 0x3C8B, 0x3C8B, 0x3C8B,
    0x3C8B, 0x3CAC, 0x3069, 0x2846, 0x1C44, 0x1823, 0x1C45, 0x1844, 0x1C44, 0x2045, 0x2045, 0x2867, 0x3069, 0x3C8B, 0x3C8B, 0x3C8B,
    0x3C8B, 0x3C8B, 0x388B, 0x3489, 0x3068, 0x2847, 0x2446, 0x1C44, 0x1423, 0x1022, 0x0C22, 0x0421, 0x0842, 0x0C63, 0x0C63, 0x0C63,
    0x8000, 0x8000, 0x8000, 0x8000, 0x8000, 0x8000, 0x8000, 0x0422, 0x0842, 0x0842, 0x1084, 0x0C63, 0x0842, 0x0421, 0x0421, 0x0421,
    0x0421, 0x0422, 0x0443, 0x0C23, 0x1C24, 0x2446, 0x1824, 0x1022, 0x1C24, 0x2446, 0x2446, 0x3068, 0x2847, 0x2446, 0x2846, 0x2446,
    0x1023, 0x0C22, 0x0C22, 0x0C22, 0x1422, 0x2045, 0x2445, 0x2445, 0x2867, 0x388B, 0x3CAB, 0x3CAB, 0x3CAB, 0x2866, 0x1423, 0x1823,
    0x1824, 0x1823, 0x1023, 0x0C22, 0x0887, 0x0D2D, 0x0CC8, 0x0844, 0x112F, 0x08CA, 0x0844, 0x0D0C, 0x0D0C, 0x0465, 0x0401, 0x1043,
    0x1844, 0x3068, 0x3C8B, 0x40AC, 0x3CAB, 0x3C8B, 0x3C8B, 0x388A, 0x3CAB, 0x3CAB, 0x3C8B, 0x3C8B, 0x3C8B, 0x3CAC, 0x3C8B, 0x3C8B,
    0x388A, 0x3469, 0x2C67, 0x2847, 0x2045, 0x2045, 0x2446, 0x2C68, 0x3C8B, 0x3C8B, 0x3C8B, 0x3CAB, 0x3CAB, 0x3C8B, 0x3C8B, 0x3C8C,
    0x3C8B, 0x3469, 0x2446, 0x1C44, 0x1C44, 0x1C44, 0x1C45, 0x2045, 0x1C45, 0x2446, 0x3069, 0x388B, 0x3C8C, 0x3C8B, 0x3C8B, 0x3C8B,
    0x3C8B, 0x388A, 0x2C68, 0x2867, 0x2445, 0x1C45, 0x1823, 0x1022, 0x0822, 0x0421, 0x0842, 0x0C63, 0x0C63, 0x1084, 0x1084, 0x1084,
    0x8000, 0x8000, 0x8000, 0x8000, 0x8000, 0x8000, 0x0842, 0x0842, 0x0842, 0x1084, 0x1084, 0x0C63, 0x0842, 0x0421, 0x0421, 0x0421,
    0x0421, 0x0442, 0x00A9, 0x0087, 0x1023, 0x2045, 0x1C44, 0x1423, 0x1824, 0x2045, 0x2867, 0x2C67, 0x2446, 0x2446, 0x2446, 0x2C67,
    0x1423, 0x1022, 0x0C22, 0x0C22, 0x1022, 0x1824, 0x2045, 0x2045, 0x2045, 0x3069, 0x3C8B, 0x3C8B, 0x3C8B, 0x40AC, 0x1C44, 0x1423,
    0x1C44, 0x2446, 0x2446, 0x2446, 0x2045, 0x1C23, 0x1823, 0x1823, 0x1422, 0x1422, 0x1423, 0x1002, 0x0C01, 0x1423, 0x2C68, 0x388A,
    0x40AC, 0x40AC, 0x3C8B, 0x3C8B, 0x3C8B, 0x3C8B, 0x3C8B, 0x3C8B, 0x3C8B, 0x3C8B, 0x3C8B, 0x3C8B, 0x3C8B, 0x3C8B, 0x3C8B, 0x388A,
    0x2C68, 0x2446, 0x2045, 0x2045, 0x2045, 0x2446, 0x3469, 0x3C8C, 0x3C8B, 0x3C8B, 0x3C8B, 0x3C8B, 0x3CAB, 0x3C8B, 0x3C8B, 0x3C8B,
    0x388A, 0x2446, 0x2446, 0x2045, 0x2045, 0x2046, 0x2446, 0x2445, 0x2847, 0x388A, 0x3C8B, 0x3C8B, 0x3C8B, 0x3C8B, 0x3C8B, 0x388B,
    0x3489, 0x2867, 0x2045, 0x2045, 0x1C24, 0x1022, 0x0822, 0x0842, 0x0842, 0x0842, 0x0C63, 0x14A5, 0x14A5, 0x1085, 0x1085, 0x1085,
    0x8000, 0x8000, 0x8000, 0x8000, 0x8000, 0x0443, 0x0442, 0x0842, 0x0843, 0x1084, 0x1084, 0x0C63, 0x0842, 0x0421, 0x0421, 0x0421,
    0x0421, 0x0065, 0x04A9, 0x04CA, 0x0845, 0x1002, 0x2045, 0x1823, 0x1422, 0x1824, 0x2446, 0x2446, 0x2446, 0x2446, 0x2446, 0x2446,
    0x2045, 0x1423, 0x0C22, 0x1022, 0x1022, 0x1022, 0x1824, 0x2045, 0x2045, 0x2445, 0x3489, 0x40AC, 0x3C8B, 0x3CAB, 0x388B, 0x1C45,
    0x1422, 0x1C45, 0x2045, 0x2445, 0x2446, 0x2446, 0x2045, 0x1C44, 0x1824, 0x1022, 0x1022, 0x2466, 0x388A, 0x3C8B, 0x40AC, 0x3C8B,
    0x3C8B, 0x3C8B, 0x3CAB, 0x3C8B, 0x3C8B, 0x3C8B, 0x3CAB, 0x3C8B, 0x3C8B, 0x3C8B, 0x3C8C, 0x3C8B, 0x348A, 0x2C68, 0x3068, 0x2446,
    0x2446, 0x2445, 0x2445, 0x2045, 0x2C68, 0x388A, 0x3C8B, 0x3C8B, 0x3C8B, 0x3CAB, 0x3C8B, 0x3CAB, 0x3C8B, 0x3CAC, 0x388A, 0x2C68,
    0x2446, 0x2446, 0x2446, 0x2446, 0x2446, 0x2045, 0x2C68, 0x348A, 0x3C8B, 0x3C8B, 0x3C8B, 0x3C8B, 0x40AC, 0x388A, 0x3068, 0x2C68,
    0x2867, 0x2045, 0x1823, 0x0823, 0x0421, 0x0842, 0x0C43, 0x0842, 0x0C63, 0x1084, 0x1084, 0x1485, 0x14A5, 0x1485, 0x1485, 0x14A5,
    0x8000, 0x8000, 0x8000, 0x8000, 0x8000, 0x04A8, 0x0464, 0x0821, 0x0C63, 0x1084, 0x1084, 0x0C63, 0x0421, 0x0421, 0x0421, 0x0421,
    0x0464, 0x04EB, 0x04EB, 0x04CA, 0x04A8, 0x0866, 0x1422, 0x1823, 0x1423, 0x1823, 0x2445, 0x2445, 0x2446, 0x2445, 0x2445, 0x2445,
    0x2445, 0x2045, 0x1423, 0x0C22, 0x1022, 0x1022, 0x1423, 0x1C44, 0x2445, 0x2045, 0x2867, 0x388A, 0x40AC, 0x3C8B, 0x408C, 0x388A,
    0x2045, 0x1022, 0x1C24, 0x1C24, 0x1C44, 0x1C44, 0x1423, 0x0C22, 0x1423, 0x2867, 0x3489, 0x3CAB, 0x3CAC, 0x3CAC, 0x3C8B, 0x3C8B,
    0x3CAB, 0x3C8B, 0x3CAB, 0x3C8B, 0x3C8B, 0x3CAB, 0x3CAB, 0x40AC, 0x3C8B, 0x388A, 0x3069, 0x2C68, 0x2867, 0x2866, 0x2466, 0x2445,
    0x2045, 0x2045, 0x1C24, 0x3069, 0x388A, 0x3C8B, 0x3C8B, 0x3C8B, 0x3CAB, 0x3CAB, 0x3CAB, 0x3CAC, 0x3C8B, 0x3069, 0x2867, 0x2446,
    0x2445, 0x2446, 0x2446, 0x2446, 0x2867, 0x3489, 0x388B, 0x3C8B, 0x3C8B, 0x3C8B, 0x3CAC, 0x388A, 0x3469, 0x2C68, 0x2446, 0x2024,
    0x1822, 0x0C86, 0x08A9, 0x0087, 0x0442, 0x0842, 0x0842, 0x0C63, 0x1084, 0x1485, 0x14A5, 0x14A5, 0x14A5, 0x14A5, 0x14A5, 0x14A5,
    0x8000, 0x8000, 0x8000, 0x8000, 0x0023, 0x090D, 0x0486, 0x0421, 0x0C63, 0x1084, 0x1084, 0x0C63, 0x0421, 0x0421, 0x0421, 0x0420,
    0x0487, 0x0D4F, 0x08EC, 0x04CA, 0x04CA, 0x04A9, 0x0823, 0x1423, 0x1423, 0x1823, 0x1C44, 0x2045, 0x2446, 0x2446, 0x2446, 0x2445,
    0x2445, 0x2446, 0x1C44, 0x1022, 0x1022, 0x1022, 0x1022, 0x1823, 0x2445, 0x2445, 0x2445, 0x2C68, 0x388A, 0x3C8B, 0x3C8B, 0x40AC,
    0x388A, 0x1C45, 0x1022, 0x1022, 0x1022, 0x1423, 0x1844, 0x2046, 0x348A, 0x40AC, 0x40AC, 0x3CAB, 0x3CAB, 0x3CAC, 0x3CAC, 0x3CAB,
    0x3CAB, 0x3CAB, 0x3CAB, 0x3CAC, 0x40AC, 0x3CAC, 0x3C8B, 0x388A, 0x348A, 0x3069, 0x2847, 0x2846, 0x2846, 0x2446, 0x2045, 0x2045,
    0x1C44, 0x2045, 0x2C68, 0x3C8B, 0x3CAC, 0x3CAC, 0x3CAC, 0x3CAB, 0x3CAB, 0x40AC, 0x3CAB, 0x388A, 0x3069, 0x2867, 0x2446, 0x2446,
    0x2446, 0x2446, 0x2446, 0x2C67, 0x348A, 0x3C8B, 0x3C8B, 0x3C8C, 0x3C8B, 0x388B, 0x3489, 0x3068, 0x2846, 0x2025, 0x1823, 0x0865,
    0x0487, 0x050D, 0x04EB, 0x0443, 0x0842, 0x0842, 0x0C63, 0x1084, 0x14A5, 0x14A5, 0x14A5, 0x14A5, 0x14A5, 0x14A5, 0x14A5, 0x14A5,
    0x8000, 0x8000, 0x8000, 0x0021, 0x04A9, 0x0D70, 0x08A7, 0x0820, 0x0C63, 0x0C63, 0x1084, 0x0C43, 0x0421, 0x0421, 0x0421, 0x0421,
    0x08EB, 0x0D70, 0x090D, 0x04EB, 0x04A9, 0x04C9, 0x04A9, 0x0C22, 0x1423, 0x1423, 0x1423, 0x2045, 0x2C67, 0x2C68, 0x2867, 0x2045,
    0x2446, 0x2445, 0x2045, 0x1823, 0x1022, 0x1022, 0x1022, 0x1422, 0x1C24, 0x2446, 0x2446, 0x2045, 0x2C67, 0x3CAC, 0x3C8B, 0x3C8B,
    0x40AC, 0x3CAB, 0x2446, 0x1423, 0x1423, 0x2C68, 0x3CAB, 0x40AC, 0x3C8C, 0x3C8B, 0x3CAB, 0x3CAB, 0x3CAC, 0x3CAB, 0x3CAC, 0x3CAB,
    0x3CAB, 0x3CAB, 0x3CAC, 0x3CAB, 0x3C8B, 0x388B, 0x388A, 0x2C67, 0x2C67, 0x2C67, 0x2847, 0x2846, 0x2867, 0x2045, 0x2045, 0x1824,
    0x1824, 0x2C68, 0x40AC, 0x3C8B, 0x3CAB, 0x3CAC, 0x3CAB, 0x3CAC, 0x3CAB, 0x3C8B, 0x388A, 0x2C67, 0x2445, 0x2045, 0x2045, 0x2446,
    0x2867, 0x2446, 0x3469, 0x3C8B, 0x3C8B, 0x3C8B, 0x3C8B, 0x3C8B, 0x388A, 0x3489, 0x2446, 0x2445, 0x1C44, 0x0C44, 0x04A8, 0x04EC,
    0x094F, 0x0950, 0x04A8, 0x0821, 0x0843, 0x0C63, 0x1084, 0x14A5, 0x14A5, 0x14A5, 0x14A5, 0x14A5, 0x14A5, 0x14A5, 0x14A5, 0x14A5,
    0x8000, 0x8000, 0x8000, 0x0022, 0x0D70, 0x0D91, 0x08A7, 0x0421, 0x0C63, 0x0C63, 0x0C63, 0x0842, 0x0421, 0x0421, 0x0421, 0x0465,
    0x092E, 0x0D4F, 0x0D70, 0x08EC, 0x04CA, 0x04EB, 0x0486, 0x0401, 0x1023, 0x1423, 0x1022, 0x2045, 0x2C68, 0x3069, 0x2C67, 0x2445,
    0x2045, 0x2045, 0x2045, 0x2045, 0x1422, 0x1022, 0x1022, 0x1022, 0x1422, 0x2045, 0x2446, 0x2445, 0x2446, 0x3489, 0x3C8B, 0x3C8B,
    0x3C8B, 0x3C8B, 0x40AC, 0x3C8B, 0x3C8B, 0x3C8C, 0x3C8B, 0x3C8B, 0x3C8C, 0x3CAC, 0x3CAC, 0x3C8B, 0x3C8B, 0x3C8B, 0x3C8B, 0x3C8B,
    0x3CAB, 0x3CAC, 0x3CAB, 0x388A, 0x3068, 0x2866, 0x2C68, 0x2C67, 0x2C68, 0x2846, 0x2446, 0x2446, 0x2045, 0x1C44, 0x1823, 0x1423,
    0x2C68, 0x3C8B, 0x3C8B, 0x3CAB, 0x3CAB, 0x3C8B, 0x3C8B, 0x3CAC, 0x388B, 0x3069, 0x2C47, 0x2445, 0x2445, 0x2445, 0x2045, 0x2446,
    0x2C68, 0x388A, 0x3C8B, 0x3C8B, 0x3C8B, 0x3C8B, 0x3C8B, 0x3089, 0x2C67, 0x2446, 0x1C24, 0x0C22, 0x04A7, 0x090D, 0x0D4F, 0x0D70,
    0x1636, 0x0D6F, 0x0443, 0x0842, 0x0842, 0x1084, 0x14A5, 0x14A5, 0x14A5, 0x14A5, 0x14A5, 0x14A5, 0x14A5, 0x14A5, 0x14A5, 0x14A5,
    0x8000, 0x8000, 0x0022, 0x04A7, 0x0D70, 0x0D71, 0x08A7, 0x0420, 0x0842, 0x0C63, 0x0842, 0x0841, 0x0421, 0x0422, 0x0400, 0x090B,
    0x0D91, 0x094F, 0x0D91, 0x090D, 0x090D, 0x090D, 0x0402, 0x0402, 0x0401, 0x0C22, 0x1023, 0x1823, 0x2867, 0x3069, 0x3068, 0x2446,
    0x2045, 0x2445, 0x2045, 0x2045, 0x2045, 0x1422, 0x1022, 0x1422, 0x1422, 0x1423, 0x1C45, 0x2446, 0x2446, 0x2446, 0x388A, 0x3C8C,
    0x3C8B, 0x3C8B, 0x3C8B, 0x3C8B, 0x3C8B, 0x3C8B, 0x3C8B, 0x3C8C, 0x3C8B, 0x3CAC, 0x3CAB, 0x3CAB, 0x3C8B, 0x3C8B, 0x3C8B, 0x3C8C,
    0x3C8B, 0x388A, 0x348A, 0x2C67, 0x2446, 0x2867, 0x2C68, 0x2866, 0x2867, 0x2446, 0x2045, 0x1C44, 0x1423, 0x1423, 0x1823, 0x3069,
    0x388B, 0x3C8B, 0x3C8B, 0x3C8B, 0x3C8B, 0x3CAC, 0x3C8B, 0x3489, 0x2867, 0x2446, 0x2446, 0x2445, 0x2046, 0x2045, 0x2C67, 0x3489,
    0x388B, 0x3C8B, 0x3C8B, 0x3C8B, 0x3C8B, 0x3489, 0x2C68, 0x2446, 0x1823, 0x0C22, 0x08A8, 0x090C, 0x0D4F, 0x0D92, 0x0DB2, 0x1616,
    0x11F4, 0x08C8, 0x0821, 0x0C63, 0x1084, 0x1085, 0x14A5, 0x14A5, 0x14A5, 0x14A5, 0x14A5, 0x14A5, 0x14A5, 0x14A5, 0x14A5, 0x14A5,
    0x8000, 0x8000, 0x0044, 0x092D, 0x0D70, 0x11D3, 0x08C8, 0x0420, 0x0842, 0x0842, 0x0842, 0x0421, 0x0421, 0x0442, 0x0022, 0x0D6F,
    0x11B3, 0x092E, 0x0D50, 0x094F, 0x094F, 0x04CA, 0x0401, 0x0402, 0x0401, 0x0401, 0x0C22, 0x1422, 0x2045, 0x2C67, 0x3469, 0x3069,
    0x2446, 0x2445, 0x2045, 0x2045, 0x2446, 0x1C44, 0x1423, 0x1022, 0x1022, 0x1022, 0x1423, 0x2045, 0x2446, 0x2045, 0x2867, 0x388A,
    0x3C8B, 0x3C8B, 0x3C8B, 0x3C8B, 0x3C8B, 0x3C8B, 0x3C8B, 0x3C8B, 0x3C8C, 0x3CAC, 0x3CAB, 0x3CAC, 0x3CAC, 0x3C8C, 0x388B, 0x348A,
    0x3069, 0x2C67, 0x2867, 0x2446, 0x2446, 0x2847, 0x2846, 0x2446, 0x1C44, 0x1824, 0x1824, 0x1423, 0x1423, 0x2045, 0x3489, 0x3C8B,
    0x3C8B, 0x3C8B, 0x3CAB, 0x3CAC, 0x3C8B, 0x388A, 0x3069, 0x2866, 0x2045, 0x2045, 0x2045, 0x2446, 0x2847, 0x3068, 0x388A, 0x3C8B,
    0x3C8C, 0x3C8B, 0x388A, 0x3469, 0x2C68, 0x2446, 0x1823, 0x0C44, 0x0887, 0x08EB, 0x0D4F, 0x11B2, 0x15F4, 0x15F4, 0x1215, 0x1E9A,
    0x0D70, 0x0464, 0x0842, 0x0C63, 0x14A5, 0x14A5, 0x14A5, 0x14A5, 0x14A5, 0x14A5, 0x14A5, 0x14A5, 0x14A5, 0x14A5, 0x14A5, 0x1085,
    0x8000, 0x8000, 0x0487, 0x0D70, 0x0D4F, 0x1616, 0x08E9, 0x0400, 0x0442, 0x0421, 0x0421, 0x0421, 0x0421, 0x0442, 0x0065, 0x0D91,
    0x11F4, 0x0D50, 0x092F, 0x0D92, 0x094F, 0x0044, 0x0402, 0x0402, 0x0402, 0x0402, 0x0401, 0x1022, 0x1C24, 0x2446, 0x3068, 0x388B,
    0x3068, 0x2446, 0x2045, 0x2045, 0x2045, 0x2045, 0x1C44, 0x1423, 0x1022, 0x1022, 0x1022, 0x1423, 0x2045, 0x2445, 0x2045, 0x2867,
    0x348A, 0x388B, 0x3C8B, 0x3C8B, 0x3C8B, 0x3C8B, 0x3C8B, 0x3CAB, 0x3CAB, 0x3C8C, 0x3CAC, 0x3CAB, 0x3C8B, 0x388A, 0x3069, 0x2C67,
    0x2446, 0x2045, 0x2445, 0x2446, 0x2446, 0x2446, 0x1C44, 0x1C24, 0x1823, 0x1422, 0x1423, 0x1423, 0x2446, 0x388A, 0x3C8C, 0x3C8B,
    0x3C8B, 0x3C8B, 0x3CAB, 0x3C8B, 0x3489, 0x2C67, 0x2846, 0x2045, 0x2446, 0x2446, 0x2866, 0x2C68, 0x3069, 0x3C8B, 0x3C8C, 0x3C8B,
    0x388A, 0x3469, 0x2C68, 0x2446, 0x1824, 0x0C02, 0x0821, 0x08E9, 0x0D91, 0x0D91, 0x11D3, 0x1636, 0x1A57, 0x1A37, 0x1A57, 0x22DB,
    0x08E9, 0x0821, 0x0C63, 0x1084, 0x1085, 0x14A5, 0x14A5, 0x14A5, 0x14A5, 0x14A5, 0x14A5, 0x14A5, 0x14A5, 0x14A5, 0x14A5, 0x1485,
    0x8000, 0x8000, 0x04A8, 0x0D71, 0x092E, 0x1216, 0x08EA, 0x0400, 0x0421, 0x0421, 0x0421, 0x0421, 0x0421, 0x0442, 0x04C9, 0x11D3,
    0x1215, 0x11D3, 0x092E, 0x11D3, 0x090B, 0x8000, 0x0402, 0x0402, 0x0402, 0x0402, 0x0402, 0x1422, 0x1423, 0x1C24, 0x2C67, 0x388A,
    0x388B, 0x3068, 0x2045, 0x1C45, 0x2445, 0x2045, 0x2045, 0x2045, 0x1423, 0x1423, 0x1023, 0x1022, 0x1423, 0x2045, 0x2445, 0x2045,
    0x2866, 0x3069, 0x3C8B, 0x3C8B, 0x3C8B, 0x3C8B, 0x3C8B, 0x3C8B, 0x3C8B, 0x3C8B, 0x3CAC, 0x388B, 0x3469, 0x2C67, 0x2867, 0x2446,
    0x2445, 0x2445, 0x2446, 0x2045, 0x2045, 0x1844, 0x1422, 0x1423, 0x1423, 0x1423, 0x1423, 0x2C67, 0x3CAB, 0x3C8B, 0x3C8B, 0x3C8B,
    0x3C8B, 0x3C8B, 0x3CAB, 0x3469, 0x2867, 0x2446, 0x2445, 0x2446, 0x2866, 0x3068, 0x388A, 0x3C8B, 0x3C8B, 0x3C8B, 0x388B, 0x388A,
    0x2C68, 0x2045, 0x1824, 0x0C22, 0x0401, 0x0402, 0x0086, 0x11B2, 0x15F4, 0x11D3, 0x1A37, 0x1A57, 0x1A37, 0x1A78, 0x26DC, 0x1637,
    0x0885, 0x0842, 0x0C63, 0x14A5, 0x1485, 0x14A5, 0x14A5, 0x14A5, 0x14A5, 0x14A5, 0x14A5, 0x14A5, 0x14A5, 0x14A5, 0x14A5, 0x14A5,
    0x8000, 0x0043, 0x090C, 0x0D71, 0x0D91, 0x1636, 0x0D4E, 0x0421, 0x0421, 0x0421, 0x0421, 0x0421, 0x0421, 0x0842, 0x092D, 0x0DD3,
    0x11F4, 0x11B3, 0x0D4F, 0x11D4, 0x0487, 0x0401, 0x0402, 0x0402, 0x0402, 0x0402, 0x0402, 0x1022, 0x1423, 0x1823, 0x2446, 0x3068,
    0x388A, 0x3C8B, 0x348A, 0x2045, 0x1824, 0x1C24, 0x2045, 0x2446, 0x2045, 0x1823, 0x1423, 0x1022, 0x1422, 0x1423, 0x1C44, 0x2445,
    0x2446, 0x2446, 0x2C68, 0x3C8C, 0x3C8B, 0x3C8B, 0x3C8B, 0x3C8B, 0x3C8B, 0x388B, 0x3069, 0x2C67, 0x2867, 0x2847, 0x2446, 0x2446,
    0x2446, 0x2045, 0x1824, 0x1423, 0x1423, 0x1423, 0x1423, 0x1423, 0x0C22, 0x1823, 0x3069, 0x3C8B, 0x3C8B, 0x3C8B, 0x3C8B, 0x3C8B,
    0x3C8B, 0x388A, 0x2C67, 0x2867, 0x3068, 0x2C68, 0x2C68, 0x348A, 0x388A, 0x3C8B, 0x3C8C, 0x3C8B, 0x3489, 0x3068, 0x2847, 0x2045,
    0x1C24, 0x0C02, 0x0402, 0x0403, 0x0804, 0x0402, 0x050C, 0x1A58, 0x15F4, 0x1615, 0x1A78, 0x1E78, 0x1616, 0x2299, 0x373D, 0x090D,
    0x0863, 0x0C62, 0x1084, 0x14A5, 0x1485, 0x14A5, 0x14A5, 0x14A5, 0x14A5, 0x14A5, 0x14A5, 0x14A5, 0x10A5, 0x14A5, 0x1484, 0x0C63,
    0x8000, 0x0044, 0x094F, 0x11B2, 0x11B3, 0x0DB3, 0x0DB2, 0x0464, 0x0421, 0x0421, 0x0421, 0x0441, 0x0421, 0x0842, 0x0D70, 0x0DB2,
    0x0D70, 0x0D70, 0x11F4, 0x096F, 0x0023, 0x0402, 0x0402, 0x0402, 0x0402, 0x0402, 0x0402, 0x1022, 0x1823, 0x1423, 0x1824, 0x2847,
    0x388A, 0x3C8B, 0x3C8B, 0x3069, 0x2446, 0x1423, 0x1423, 0x1824, 0x2045, 0x1C45, 0x1C24, 0x1823, 0x1423, 0x1022, 0x1422, 0x1C44,
    0x2446, 0x2045, 0x2045, 0x2C68, 0x388A, 0x3C8B, 0x388A, 0x388A, 0x3069, 0x2C68, 0x2867, 0x2446, 0x2846, 0x2446, 0x2045, 0x1C24,
    0x1824, 0x1823, 0x1422, 0x1422, 0x1423, 0x1423, 0x1022, 0x1423, 0x2446, 0x3069, 0x388B, 0x3C8B, 0x3C8B, 0x3C8B, 0x3CAB, 0x3CAB,
    0x3C8B, 0x348A, 0x3068, 0x3069, 0x388A, 0x388A, 0x3C8B, 0x3CAB, 0x3C8B, 0x388A, 0x3069, 0x2867, 0x2446, 0x2044, 0x1023, 0x0802,
    0x0802, 0x0403, 0x0404, 0x0805, 0x0806, 0x0402, 0x11D3, 0x1A57, 0x1615, 0x22BA, 0x1EBA, 0x1A78, 0x1A58, 0x333E, 0x26B9, 0x0464,
    0x0843, 0x0C63, 0x1084, 0x1485, 0x1485, 0x1485, 0x14A5, 0x14A5, 0x14A5, 0x14A5, 0x14A5, 0x14A5, 0x14A5, 0x1063, 0x08A7, 0x1DF3,
    0x8000, 0x0022, 0x0D4E, 0x11D4, 0x0D91, 0x0D70, 0x11F5, 0x08E9, 0x0400, 0x0442, 0x0421, 0x0841, 0x0421, 0x0842, 0x0D91, 0x0D70,
    0x0D4E, 0x094F, 0x1615, 0x08CA, 0x0001, 0x0402, 0x0402, 0x0402, 0x0402, 0x0402, 0x0402, 0x0821, 0x1423, 0x1423, 0x1423, 0x2045,
    0x3068, 0x388A, 0x3C8B, 0x3C8B, 0x388A, 0x2446, 0x1423, 0x1022, 0x1824, 0x1C44, 0x1C44, 0x1C24, 0x1824, 0x1823, 0x1423, 0x1824,
    0x2045, 0x2045, 0x1C44, 0x2045, 0x3089, 0x388A, 0x348A, 0x3069, 0x2446, 0x2846, 0x2446, 0x2045, 0x2045, 0x1C44, 0x1824, 0x1423,
    0x1022, 0x1422, 0x1423, 0x1423, 0x1422, 0x1423, 0x1C45, 0x2C68, 0x388B, 0x3C8B, 0x3C8B, 0x3C8B, 0x3C8B, 0x3C8B, 0x3CAB, 0x3CAC,
    0x3CAB, 0x3C8B, 0x3C8B, 0x3C8B, 0x3C8B, 0x3C8B, 0x348A, 0x3068, 0x2C68, 0x2446, 0x2045, 0x1824, 0x1423, 0x0C02, 0x0402, 0x0404,
    0x0405, 0x0805, 0x0806, 0x0C07, 0x0806, 0x0445, 0x22DA, 0x1E79, 0x1A78, 0x2B1D, 0x26FD, 0x1E9A, 0x2F1C, 0x3F7E, 0x11D3, 0x0422,
    0x0842, 0x1084, 0x14A5, 0x14A5, 0x14A5, 0x14A5, 0x14A5, 0x14A5, 0x14A5, 0x14A5, 0x14A5, 0x14A5, 0x0C85, 0x152B, 0x2256, 0x2B1E,
    0x8000, 0x8000, 0x090B, 0x1637, 0x0D71, 0x0D70, 0x11F4, 0x116E, 0x0400, 0x0842, 0x0421, 0x0841, 0x0421, 0x0442, 0x094F, 0x0D70,
    0x0D2E, 0x092E, 0x11F4, 0x0465, 0x0001, 0x0402, 0x0402, 0x0402, 0x0402, 0x0402, 0x0402, 0x0401, 0x1423, 0x1823, 0x1423, 0x1423,
    0x2045, 0x3068, 0x388B, 0x3C8B, 0x3C8B, 0x3C8B, 0x2847, 0x1423, 0x1022, 0x1022, 0x1423, 0x1823, 0x1C44, 0x1C45, 0x1C44, 0x1C24,
    0x1C44, 0x2446, 0x2046, 0x2847, 0x3068, 0x2C67, 0x2C67, 0x2867, 0x2446, 0x2046, 0x2045, 0x1824, 0x1022, 0x1422, 0x1422, 0x1423,
    0x1423, 0x1423, 0x1423, 0x1423, 0x1823, 0x2446, 0x388A, 0x3C8B, 0x3C8B, 0x3C8B, 0x3C8B, 0x3C8B, 0x3C8B, 0x3C8B, 0x3CAB, 0x3CAB,
    0x3C8B, 0x3C8B, 0x388B, 0x388B, 0x3489, 0x3068, 0x2445, 0x1824, 0x1022, 0x1022, 0x1022, 0x0C02, 0x0402, 0x0402, 0x0805, 0x0806,
    0x0806, 0x0807, 0x0808, 0x0C08, 0x0827, 0x04EA, 0x26FC, 0x1E79, 0x1E79, 0x26FD, 0x26FD, 0x22FC, 0x3F7E, 0x3F1B, 0x04EC, 0x0842,
    0x0842, 0x1084, 0x14A5, 0x14A5, 0x14A5, 0x14A5, 0x14A5, 0x1485, 0x1485, 0x1485, 0x14A5, 0x0C85, 0x1590, 0x3B5E, 0x333D, 0x1A58,
    0x8000, 0x8000, 0x0065, 0x0D92, 0x11D3, 0x0D70, 0x0D91, 0x0D91, 0x0465, 0x0421, 0x0842, 0x0842, 0x0421, 0x0465, 0x092E, 0x0D4E,
    0x092E, 0x090D, 0x094F, 0x0424, 0x0401, 0x0402, 0x0402, 0x0402, 0x0402, 0x0402, 0x0402, 0x0401, 0x1022, 0x1824, 0x1824, 0x1423,
    0x1423, 0x1C45, 0x3068, 0x3C8B, 0x3C8B, 0x3C8B, 0x3C8B, 0x3069, 0x1422, 0x1423, 0x1423, 0x1022, 0x1422, 0x1422, 0x1823, 0x1C44,
    0x2446, 0x2C68, 0x3068, 0x2C68, 0x2446, 0x2446, 0x2446, 0x2045, 0x1C24, 0x1423, 0x1423, 0x1423, 0x1423, 0x1423, 0x1423, 0x1423,
    0x1423, 0x1423, 0x1423, 0x2045, 0x3489, 0x3C8B, 0x3C8B, 0x3C8B, 0x3CAB, 0x3CAB, 0x3C8B, 0x3C8B, 0x3C8B, 0x3C8B, 0x3CAB, 0x40AC,
    0x388A, 0x3068, 0x2045, 0x1423, 0x1423, 0x1423, 0x1423, 0x1423, 0x0821, 0x0402, 0x0402, 0x0403, 0x0806, 0x0806, 0x0806, 0x0807,
    0x0807, 0x080A, 0x0C0B, 0x0C09, 0x0827, 0x096F, 0x22BA, 0x1A57, 0x1A58, 0x22BB, 0x1A78, 0x1A79, 0x373D, 0x2AB8, 0x0066, 0x0842,
    0x0842, 0x1084, 0x14A5, 0x14A5, 0x1085, 0x1485, 0x14A5, 0x1085, 0x10A5, 0x14A5, 0x0C64, 0x19F3, 0x479F, 0x2F1D, 0x1E9A, 0x1E79,
    0x8000, 0x8000, 0x8000, 0x08C9, 0x1616, 0x0D70, 0x0D70, 0x0D91, 0x08EA, 0x0421, 0x0842, 0x0442, 0x0421, 0x0486, 0x092D, 0x092E,
    0x08EC, 0x092E, 0x0486, 0x0401, 0x0402, 0x0403, 0x0806, 0x0402, 0x0402, 0x0402, 0x0402, 0x0402, 0x1022, 0x1C24, 0x1C44, 0x1823,
    0x1423, 0x1823, 0x2045, 0x2C68, 0x3C8B, 0x3C8C, 0x3C8B, 0x3C8B, 0x3489, 0x1824, 0x1022, 0x1022, 0x1022, 0x1022, 0x1022, 0x1422,
    0x1423, 0x1423, 0x1824, 0x1824, 0x1823, 0x1823, 0x1423, 0x1423, 0x1423, 0x1423, 0x1423, 0x1423, 0x1423, 0x1423, 0x1423, 0x1423,
    0x1423, 0x1C44, 0x2846, 0x348A, 0x3C8B, 0x3C8B, 0x3C8B, 0x3CAB, 0x3CAB, 0x3C8B, 0x3C8B, 0x3C8C, 0x3C8B, 0x3C8B, 0x2C68, 0x2446,
    0x2045, 0x1823, 0x1823, 0x1422, 0x1823, 0x1823, 0x1423, 0x0C01, 0x0401, 0x0403, 0x0404, 0x0805, 0x0807, 0x0807, 0x0807, 0x0808,
    0x0C0B, 0x0C0B, 0x0C0C, 0x0C09, 0x0848, 0x11F4, 0x1A57, 0x1636, 0x1A36, 0x1A57, 0x1636, 0x1A58, 0x2F3E, 0x15F3, 0x0421, 0x0842,
    0x0842, 0x1084, 0x14A5, 0x1085, 0x1085, 0x1085, 0x1084, 0x14A5, 0x1484, 0x0864, 0x19F3, 0x4B9F, 0x3F7E, 0x2F1D, 0x22DB, 0x1E9A,
    0x8000, 0x8000, 0x8000, 0x0465, 0x11D4, 0x0D91, 0x0D4F, 0x0D70, 0x0D90, 0x0422, 0x0421, 0x0442, 0x0421, 0x0487, 0x090D, 0x090D,
    0x08EC, 0x090C, 0x0423, 0x0401, 0x0403, 0x0805, 0x0806, 0x0805, 0x0402, 0x0402, 0x0402, 0x0402, 0x0C02, 0x1C24, 0x2045, 0x1C44,
    0x1823, 0x1824, 0x1824, 0x1C44, 0x2C68, 0x388B, 0x3C8C, 0x3C8B, 0x3CAB, 0x3489, 0x1C45, 0x1022, 0x1022, 0x1023, 0x1022, 0x1022,
    0x1022, 0x0C22, 0x1022, 0x1022, 0x1022, 0x1022, 0x1422, 0x1022, 0x1423, 0x1423, 0x1423, 0x1423, 0x1423, 0x1423, 0x1423, 0x1823,
    0x1C45, 0x3069, 0x388A, 0x388B, 0x3C8B, 0x3CAB, 0x3CAB, 0x3CAC, 0x3CAB, 0x3C8C, 0x40AC, 0x388A, 0x3068, 0x2466, 0x1C44, 0x1423,
    0x1022, 0x1423, 0x1823, 0x1C44, 0x1C24, 0x1423, 0x0C02, 0x0401, 0x0403, 0x0805, 0x0806, 0x0807, 0x0807, 0x0807, 0x0808, 0x0C0A,
    0x0C0C, 0x0C0B, 0x0C0C, 0x0809, 0x0868, 0x1A57, 0x1615, 0x1616, 0x1636, 0x1616, 0x1A36, 0x1E99, 0x1EBB, 0x116F, 0x0400, 0x0842,
    0x0C63, 0x1084, 0x1084, 0x1084, 0x1084, 0x1084, 0x14A5, 0x1084, 0x0864, 0x19D2, 0x3F7F, 0x2F1C, 0x3B5D, 0x3B5E, 0x2AFC, 0x1EBA,
    0x8000, 0x8000, 0x0022, 0x0044, 0x090B, 0x0DB2, 0x0D50, 0x0D70, 0x0D91, 0x04A8, 0x0421, 0x0442, 0x0421, 0x0487, 0x090C, 0x08EC,
    0x090D, 0x08EB, 0x0402, 0x0402, 0x0403, 0x0806, 0x0807, 0x0806, 0x0404, 0x0402, 0x0402, 0x0402, 0x0401, 0x1823, 0x2045, 0x1C45,
    0x1C44, 0x1824, 0x1423, 0x1423, 0x1824, 0x2867, 0x388B, 0x3C8C, 0x3C8B, 0x40AC, 0x3489, 0x2045, 0x1423, 0x1022, 0x1422, 0x1422,
    0x1423, 0x1422, 0x1022, 0x1422, 0x1422, 0x1422, 0x1423, 0x1423, 0x1423, 0x1423, 0x1423, 0x1423, 0x1022, 0x1423, 0x1844, 0x2846,
    0x3069, 0x3CAB, 0x3C8B, 0x3C8B, 0x3C8B, 0x3CAB, 0x3CAC, 0x3CAC, 0x3CAC, 0x388B, 0x3489, 0x2867, 0x1824, 0x1423, 0x1022, 0x1823,
    0x1823, 0x1C24, 0x2045, 0x2045, 0x1824, 0x0C02, 0x0001, 0x0403, 0x0805, 0x0806, 0x0807, 0x0807, 0x0C08, 0x0C09, 0x0C0B, 0x0C0C,
    0x0C0B, 0x0C0B, 0x0C0C, 0x0808, 0x0887, 0x1A78, 0x11F4, 0x1615, 0x1636, 0x1636, 0x1615, 0x26FC, 0x1A58, 0x08EA, 0x0421, 0x0842,
    0x0C63, 0x0C63, 0x0C63, 0x1084, 0x1084, 0x1084, 0x1084, 0x0C63, 0x0D6F, 0x2F3E, 0x26B9, 0x22DB, 0x333D, 0x3B5E, 0x2F3D, 0x22DB,
    0x8000, 0x0001, 0x0486, 0x0466, 0x0043, 0x0D92, 0x0D71, 0x0D2E, 0x0D50, 0x11D3, 0x0443, 0x0421, 0x0421, 0x0486, 0x04EB, 0x04EC,
    0x08EC, 0x04A8, 0x0402, 0x0402, 0x0404, 0x0806, 0x0807, 0x0807, 0x0807, 0x0804, 0x0402, 0x0402, 0x0001, 0x1023, 0x2045, 0x1C45,
    0x2446, 0x2045, 0x1824, 0x1423, 0x1022, 0x1824, 0x2867, 0x3C8B, 0x3C8B, 0x3C8B, 0x3CAC, 0x3C8B, 0x2446, 0x1422, 0x1423, 0x1423,
    0x1423, 0x1022, 0x1022, 0x1022, 0x1022, 0x1422, 0x1422, 0x1422, 0x1423, 0x1423, 0x1023, 0x1022, 0x1022, 0x1824, 0x2846, 0x348A,
    0x3CAC, 0x388A, 0x3C8B, 0x3C8B, 0x3C8B, 0x3C8B, 0x3C8B, 0x3CAC, 0x388B, 0x2847, 0x2045, 0x1823, 0x1422, 0x1423, 0x1423, 0x2045,
    0x2045, 0x2446, 0x2446, 0x1824, 0x0802, 0x0001, 0x0403, 0x0807, 0x0807, 0x0807, 0x0C07, 0x0C07, 0x0C0A, 0x0C0B, 0x0C0C, 0x0C0C,
    0x0C0B, 0x0C0B, 0x0C0B, 0x0805, 0x0887, 0x1A78, 0x11B3, 0x11F4, 0x1615, 0x1615, 0x1615, 0x22DC, 0x1615, 0x0487, 0x0821, 0x0842,
    0x0842, 0x0842, 0x0C63, 0x1084, 0x1084, 0x1084, 0x0842, 0x0D4E, 0x22DC, 0x1A37, 0x1636, 0x2AFC, 0x271D, 0x2F1D, 0x3B5E, 0x3F5D,
    0x8000, 0x0044, 0x04A9, 0x08CB, 0x0465, 0x092D, 0x0D70, 0x0D2E, 0x0D91, 0x0D91, 0x04A8, 0x0421, 0x0421, 0x0486, 0x04EB, 0x04CB,
    0x04C9, 0x0044, 0x0402, 0x0402, 0x0805, 0x0807, 0x0807, 0x0807, 0x0807, 0x0804, 0x0402, 0x0402, 0x0402, 0x0C02, 0x1C44, 0x2446,
    0x2446, 0x2045, 0x2045, 0x2045, 0x1423, 0x1423, 0x1824, 0x2446, 0x3C8B, 0x3CAC, 0x3C8B, 0x3C8B, 0x3C8B, 0x2C68, 0x1423, 0x0C22,
    0x1022, 0x1423, 0x1022, 0x1022, 0x1422, 0x1422, 0x1423, 0x1423, 0x1423, 0x1022, 0x0821, 0x1423, 0x2445, 0x2867, 0x3469, 0x388A,
    0x3C8B, 0x3C8B, 0x3C8B, 0x388B, 0x3C8B, 0x3C8B, 0x3C8B, 0x2C68, 0x2446, 0x1C45, 0x1823, 0x1423, 0x1823, 0x1C44, 0x2446, 0x2446,
    0x2446, 0x2045, 0x1824, 0x0802, 0x0001, 0x0804, 0x0C08, 0x0C0B, 0x0C0B, 0x0C0A, 0x0C08, 0x0C08, 0x0C0B, 0x0C0B, 0x0C0C, 0x0C0C,
    0x0C0C, 0x0C0C, 0x0C08, 0x0804, 0x08A8, 0x1636, 0x0DB2, 0x11B3, 0x11B2, 0x11B2, 0x0DB2, 0x1A78, 0x0D70, 0x0065, 0x0821, 0x0842,
    0x0842, 0x0842, 0x0C63, 0x0C63, 0x0C63, 0x0820, 0x0CEA, 0x1A58, 0x1A36, 0x1636, 0x1A37, 0x22BA, 0x1EBA, 0x3B3D, 0x433D, 0x094E,
    0x8000, 0x0488, 0x08ED, 0x090E, 0x04CA, 0x0043, 0x0D2E, 0x11B2, 0x0D4F, 0x094F, 0x0970, 0x0485, 0x0400, 0x0086, 0x04CA, 0x04A9,
    0x0487, 0x0001, 0x0402, 0x0404, 0x0805, 0x0806, 0x0806, 0x0807, 0x0807, 0x0806, 0x0404, 0x0402, 0x0402, 0x0401, 0x1423, 0x2045,
    0x2045, 0x2446, 0x2045, 0x2045, 0x1423, 0x1422, 0x1423, 0x1823, 0x2446, 0x3C8B, 0x3CAC, 0x3C8B, 0x3CAB, 0x3C8B, 0x348A, 0x2045,
    0x0C01, 0x0C22, 0x1423, 0x1423, 0x1423, 0x1423, 0x1423, 0x1022, 0x0C22, 0x1023, 0x1C24, 0x2C67, 0x3489, 0x388B, 0x3C8B, 0x3C8B,
    0x388B, 0x3C8B, 0x3C8B, 0x3C8B, 0x3C8B, 0x388A, 0x2867, 0x2445, 0x1C44, 0x1823, 0x1423, 0x1C44, 0x2446, 0x2847, 0x2C68, 0x2446,
    0x2045, 0x1423, 0x0401, 0x0402, 0x0404, 0x0808, 0x0C0C, 0x0C0C, 0x0C0C, 0x0C0B, 0x0C0B, 0x0C0B, 0x0C0B, 0x0C0C, 0x0C0C, 0x0C0C,
    0x0C0C, 0x0C0C, 0x0C08, 0x0404, 0x04A7, 0x11F5, 0x0D71, 0x0D91, 0x0D92, 0x0D91, 0x0D4F, 0x1A57, 0x0D4D, 0x0401, 0x0842, 0x0842,
    0x0842, 0x0842, 0x0C63, 0x0C63, 0x0821, 0x08C9, 0x1A16, 0x1A36, 0x1A36, 0x1A37, 0x1A37, 0x1A57, 0x335F, 0x2A98, 0x0CC8, 0x0001,
    0x0021, 0x04CC, 0x092F, 0x090E, 0x08EC, 0x0466, 0x04CA, 0x0D91, 0x0D4F, 0x092E, 0x0D70, 0x08EB, 0x0422, 0x0044, 0x04A9, 0x04A9,
    0x0466, 0x0001, 0x0402, 0x0405, 0x0806, 0x0807, 0x0809, 0x0807, 0x0807, 0x0807, 0x0806, 0x0403, 0x0402, 0x0402, 0x0C02, 0x1C24,
    0x2045, 0x2446, 0x2446, 0x2045, 0x1C44, 0x1423, 0x1022, 0x1423, 0x1C24, 0x2847, 0x388A, 0x40AC, 0x3CAB, 0x3CAB, 0x3CAB, 0x388A,
    0x2867, 0x1423, 0x0C22, 0x0C22, 0x0C22, 0x0C22, 0x0C22, 0x1022, 0x1844, 0x2867, 0x3469, 0x388A, 0x388B, 0x3CAB, 0x3CAB, 0x3C8B,
    0x3C8B, 0x3C8B, 0x3CAC, 0x3C8B, 0x3089, 0x2867, 0x2045, 0x1C44, 0x1824, 0x1C45, 0x1C45, 0x2446, 0x2C67, 0x2867, 0x2867, 0x2445,
    0x1423, 0x0401, 0x0402, 0x0804, 0x0C09, 0x0C0B, 0x0C0C, 0x0C0C, 0x0C0C, 0x0C0C, 0x0C0C, 0x0C0C, 0x0C0C, 0x0C0A, 0x0C0B, 0x0C0C,
    0x0C0C, 0x0C0C, 0x0C08, 0x0405, 0x04A8, 0x11D4, 0x0D4F, 0x0D70, 0x1191, 0x0D70, 0x092E, 0x1637, 0x0D2C, 0x0400, 0x0842, 0x0842,
    0x0842, 0x0842, 0x0863, 0x0842, 0x0485, 0x1636, 0x1A57, 0x1616, 0x1A36, 0x1A37, 0x1A37, 0x22DB, 0x1E35, 0x04A7, 0x0001, 0x0465,
    0x0465, 0x090F, 0x0D31, 0x090E, 0x0D2F, 0x090E, 0x0487, 0x090C, 0x0D71, 0x092E, 0x0D4F, 0x092E, 0x04A8, 0x0043, 0x0088, 0x04A9,
    0x0466, 0x0001, 0x0402, 0x0806, 0x0808, 0x0809, 0x0C0B, 0x0808, 0x0807, 0x0807, 0x0807, 0x0404, 0x0402, 0x0402, 0x0802, 0x1823,
    0x2045, 0x2045, 0x2446, 0x2446, 0x2446, 0x1824, 0x1022, 0x1423, 0x1423, 0x1823, 0x2867, 0x388B, 0x3CAC, 0x3C8C, 0x3CAB, 0x3C8C,
    0x3C8C, 0x388A, 0x2046, 0x1844, 0x1423, 0x1824, 0x2045, 0x2C67, 0x388A, 0x3C8B, 0x3CAC, 0x3CAC, 0x3CAC, 0x3CAB, 0x3C8B, 0x3C8B,
    0x3C8B, 0x3C8C, 0x388B, 0x3069, 0x2846, 0x2045, 0x2045, 0x1C44, 0x1C44, 0x2446, 0x2846, 0x3068, 0x2C68, 0x2446, 0x2045, 0x1023,
    0x0401, 0x0402, 0x0805, 0x0C08, 0x0C0B, 0x0C0C, 0x0C0C, 0x0C0C, 0x0C0C, 0x0C0C, 0x0C0C, 0x0C0C, 0x0C0C, 0x0C09, 0x0C0A, 0x0C0C,
    0x0C0B, 0x0C0C, 0x0C08, 0x0426, 0x04CA, 0x11B2, 0x0D4F, 0x0D4F, 0x0D70, 0x0D4F, 0x0D70, 0x1616, 0x0D0A, 0x0400, 0x0842, 0x0842,
    0x0842, 0x0842, 0x0842, 0x0443, 0x11B2, 0x1A58, 0x1616, 0x1636, 0x1A36, 0x1A36, 0x1A57, 0x15F3, 0x0043, 0x0001, 0x04A8, 0x04EC,
    0x04A9, 0x0D30, 0x0D51, 0x0D30, 0x0D51, 0x0D30, 0x04A9, 0x0485, 0x0D70, 0x0D4F, 0x092E, 0x092E, 0x092D, 0x0065, 0x0066, 0x00A8,
    0x0045, 0x0401, 0x0403, 0x0806, 0x0808, 0x0C0A, 0x0C0A, 0x0C09, 0x0807, 0x0807, 0x0807, 0x0C07, 0x0403, 0x0402, 0x0001, 0x0C02,
    0x2045, 0x2045, 0x2446, 0x2446, 0x2446, 0x1C44, 0x1423, 0x1423, 0x1423, 0x1423, 0x1824, 0x2867, 0x388B, 0x3C8B, 0x3C8C, 0x3C8B,
    0x3C8B, 0x3C8C, 0x40AC, 0x3CAB, 0x388B, 0x3C8B, 0x408C, 0x3C8C, 0x3C8B, 0x3C8B, 0x3C8B, 0x3CAB, 0x3CAB, 0x3C8B, 0x3C8B, 0x3C8B,
    0x3C8B, 0x388A, 0x2C68, 0x2446, 0x2446, 0x2045, 0x2045, 0x2446, 0x2446, 0x2C68, 0x3069, 0x3069, 0x2867, 0x2045, 0x1423, 0x0402,
    0x0402, 0x0805, 0x0C09, 0x0C0C, 0x0C0C, 0x0C0C, 0x0C0C, 0x0C0C, 0x0C0C, 0x0C0C, 0x0C0C, 0x0C0C, 0x0C0C, 0x0C09, 0x0C0A, 0x0C0B,
    0x0C0B, 0x0C0B, 0x0C08, 0x0848, 0x050C, 0x1191, 0x0D4F, 0x0D4F, 0x0D4F, 0x0D4F, 0x11B3, 0x0DB2, 0x04A7, 0x0420, 0x0842, 0x0842,
    0x0842, 0x0842, 0x0442, 0x094E, 0x1637, 0x1636, 0x1A36, 0x1A36, 0x1A36, 0x1A36, 0x11B1, 0x0023, 0x0444, 0x04CA, 0x090E, 0x0D52,
    0x04CB, 0x0D2F, 0x0D52, 0x0D73, 0x0D72, 0x090E, 0x090F, 0x08A9, 0x0465, 0x094F, 0x094F, 0x090D, 0x04EC, 0x04C9, 0x0466, 0x0087,
    0x0045, 0x0402, 0x0806, 0x0807, 0x0C08, 0x0C0A, 0x0C0B, 0x0C0B, 0x0C09, 0x0807, 0x0807, 0x0807, 0x0805, 0x0403, 0x0402, 0x0402,
    0x1824, 0x2045, 0x2045, 0x2446, 0x2446, 0x2445, 0x1C24, 0x1423, 0x1423, 0x1423, 0x1423, 0x1824, 0x2045, 0x348A, 0x3C8B, 0x3C8B,
    0x3C8B, 0x3CAB, 0x3C8B, 0x3CAB, 0x3CAB, 0x3C8B, 0x3C8B, 0x3C8B, 0x3C8B, 0x3C8C, 0x3C8B, 0x3CAB, 0x3CAB, 0x3C8B, 0x3C8B, 0x388A,
    0x2C68, 0x2445, 0x2445, 0x2045, 0x2045, 0x2046, 0x2446, 0x2446, 0x3069, 0x3469, 0x2C68, 0x2847, 0x2045, 0x0C22, 0x0402, 0x0806,
    0x0C07, 0x0C09, 0x0C0C, 0x0C0C, 0x0C0C, 0x0C0C, 0x0C0C, 0x0C0C, 0x0C0C, 0x0C0C, 0x0C0C, 0x0C0C, 0x0C0C, 0x0C0A, 0x0C08, 0x0C09,
    0x0C0B, 0x0C08, 0x0C07, 0x0868, 0x090C, 0x0D4F, 0x0D4F, 0x0D4F, 0x0D4F, 0x094F, 0x0D91, 0x092E, 0x0486, 0x0420, 0x0842, 0x0842,
    0x0842, 0x0420, 0x08EA, 0x11F5, 0x11B3, 0x1616, 0x1A36, 0x1A36, 0x1A37, 0x0D4E, 0x0021, 0x0488, 0x08ED, 0x0D51, 0x0D72, 0x1173,
    0x08ED, 0x092F, 0x0D72, 0x0D73, 0x1193, 0x0D52, 0x0D30, 0x090E, 0x0465, 0x0487, 0x0D50, 0x090D, 0x04EC, 0x04EB, 0x0466, 0x0066,
    0x0444, 0x0402, 0x0806, 0x0807, 0x0808, 0x0C0A, 0x0C0C, 0x0C0C, 0x0C0A, 0x0C08, 0x0807, 0x0807, 0x0807, 0x0404, 0x0401, 0x0402,
    0x0C02, 0x1C24, 0x2446, 0x2446, 0x2445, 0x2045, 0x2045, 0x1C44, 0x1423, 0x1423, 0x1423, 0x1423, 0x1824, 0x2446, 0x348A, 0x3C8B,
    0x3CAC, 0x3C8B, 0x3CAB, 0x3CAB, 0x3C8B, 0x3CAB, 0x3CAB, 0x3CAB, 0x3C8B, 0x3C8B, 0x3C8B, 0x3CAB, 0x40AC, 0x40AC, 0x2C68, 0x2446,
    0x2446, 0x2045, 0x2445, 0x2045, 0x2045, 0x2446, 0x2C68, 0x3069, 0x2C68, 0x2867, 0x2847, 0x1824, 0x0801, 0x0002, 0x0806, 0x0806,
    0x0C09, 0x0C0C, 0x0C0C, 0x0C0C, 0x0C0C, 0x0C0C, 0x0C0C, 0x0C0C, 0x0C0C, 0x0C0C, 0x0C0C, 0x0C0C, 0x0C0C, 0x0C0C, 0x0C08, 0x0C07,
    0x0C0A, 0x0C07, 0x0C06, 0x0869, 0x092D, 0x092D, 0x0D4F, 0x0D4F, 0x092E, 0x0D2E, 0x0D91, 0x090D, 0x0465, 0x0421, 0x0842, 0x0842,
    0x0420, 0x0486, 0x0D4F, 0x1191, 0x11D4, 0x11F4, 0x1636, 0x1636, 0x08EA, 0x0043, 0x04CA, 0x090E, 0x0D50, 0x1194, 0x11B5, 0x11B5,
    0x08ED, 0x0D30, 0x0D72, 0x0D72, 0x15B5, 0x11B5, 0x0D72, 0x090F, 0x08CB, 0x0443, 0x04CA, 0x092E, 0x04EC, 0x04CB, 0x04A8, 0x0465,
    0x0423, 0x0402, 0x0806, 0x0807, 0x0808, 0x0C09, 0x0C0B, 0x0C0C, 0x0C0B, 0x0C0A, 0x0C08, 0x0807, 0x0807, 0x0805, 0x0403, 0x0402,
    0x0401, 0x1423, 0x2045, 0x2446, 0x2445, 0x2045, 0x2446, 0x2045, 0x1823, 0x1423, 0x1423, 0x1423, 0x1823, 0x1C44, 0x2846, 0x3068,
    0x348A, 0x3C8B, 0x3C8B, 0x3C8B, 0x3C8B, 0x3C8B, 0x3CAC, 0x3C8B, 0x3C8B, 0x3C8B, 0x40AC, 0x3CAB, 0x388A, 0x2C68, 0x2446, 0x2045,
    0x2445, 0x2445, 0x2445, 0x2045, 0x2446, 0x2867, 0x3069, 0x3068, 0x2867, 0x2446, 0x1824, 0x0801, 0x0002, 0x0805, 0x0807, 0x0C09,
    0x0C0B, 0x0C0C, 0x0C0C, 0x0C0C, 0x0C0C, 0x0C0C, 0x0C0C, 0x0C0C, 0x0C0C, 0x0C0C, 0x0C0C, 0x0C0C, 0x0C0C, 0x0C0C, 0x0C09, 0x0808,
    0x0807, 0x0807, 0x0C07, 0x0869, 0x092D, 0x092D, 0x092D, 0x092E, 0x092E, 0x092E, 0x0D91, 0x050D, 0x0465, 0x0421, 0x0842, 0x0821,
    0x0464, 0x090C, 0x092E, 0x0D91, 0x11B2, 0x11D3, 0x11F5, 0x0D0C, 0x0001, 0x0488, 0x092F, 0x1172, 0x11B4, 0x15B6, 0x15D6, 0x15D6,
    0x0D0E, 0x0D30, 0x0D52, 0x1193, 0x15B5, 0x15B5, 0x1173, 0x0D30, 0x0D30, 0x08CB, 0x0022, 0x04EB, 0x090C, 0x04CA, 0x04CA, 0x0444,
    0x0402, 0x0402, 0x0806, 0x0807, 0x0807, 0x0C08, 0x0C09, 0x0C0B, 0x0C0C, 0x0C0B, 0x0809, 0x0807, 0x0807, 0x0806, 0x0805, 0x0402,
    0x0402, 0x0802, 0x1423, 0x2045, 0x2045, 0x2445, 0x2445, 0x2445, 0x1C45, 0x1423, 0x1423, 0x1423, 0x1423, 0x1824, 0x1C44, 0x2045,
    0x2867, 0x348A, 0x3C8B, 0x3C8B, 0x3C8B, 0x3C8B, 0x3C8B, 0x3C8B, 0x3C8B, 0x3C8B, 0x388A, 0x3089, 0x2446, 0x2045, 0x2045, 0x2445,
    0x2445, 0x2445, 0x2445, 0x2446, 0x2C67, 0x3069, 0x2C68, 0x2446, 0x2446, 0x1824, 0x0401, 0x0402, 0x0805, 0x0807, 0x0808, 0x0C0B,
    0x0C0C, 0x0C0C, 0x0C0C, 0x0C0C, 0x0C0C, 0x0C0C, 0x0C0C, 0x0C0C, 0x0C0C, 0x0C0C, 0x0C0C, 0x0C0C, 0x0C0C, 0x0C0C, 0x0C0B, 0x0C09,
    0x0C06, 0x0807, 0x0C07, 0x0869, 0x050C, 0x090C, 0x090D, 0x090C, 0x090C, 0x092E, 0x0D91, 0x04EB, 0x0464, 0x0421, 0x0842, 0x0442,
    0x04EB, 0x092E, 0x092D, 0x092E, 0x0D4F, 0x11D3, 0x08EA, 0x8000, 0x04AA, 0x092F, 0x0D51, 0x11B5, 0x19F7, 0x19F7, 0x19F7, 0x1E18,
    0x0D52, 0x092F, 0x1172, 0x15D6, 0x11B5, 0x19D6, 0x15B5, 0x1194, 0x0D52, 0x0D30, 0x0488, 0x0065, 0x04EB, 0x04EB, 0x04A9, 0x0044,
    0x0001, 0x0403, 0x0806, 0x0C07, 0x0808, 0x0808, 0x0C09, 0x0C0B, 0x0C0C, 0x0C0C, 0x0C0B, 0x0808, 0x0807, 0x0807, 0x0806, 0x0403,
    0x0402, 0x0002, 0x0802, 0x1C44, 0x2045, 0x2445, 0x2445, 0x2445, 0x2045, 0x1823, 0x1423, 0x1423, 0x1423, 0x1423, 0x1823, 0x1C44,
    0x2045, 0x2446, 0x388A, 0x388B, 0x3C8B, 0x3C8B, 0x3C8B, 0x3C8B, 0x388B, 0x3069, 0x2446, 0x2045, 0x2045, 0x2445, 0x2445, 0x2045,
    0x2445, 0x2445, 0x2446, 0x2846, 0x2C68, 0x3069, 0x2446, 0x2446, 0x1022, 0x0401, 0x0402, 0x0805, 0x0807, 0x0808, 0x0C0C, 0x0C0C,
    0x0C0C, 0x0C0C, 0x0C0C, 0x0C0C, 0x0C0C, 0x0C0C, 0x0C0C, 0x0C0C, 0x0C0C, 0x0C0C, 0x0C0C, 0x0C0C, 0x0C0C, 0x0C0C, 0x0C0C, 0x0C0A,
    0x0807, 0x0807, 0x0C07, 0x0868, 0x04EA, 0x08EC, 0x08EB, 0x090C, 0x04EC, 0x090D, 0x094F, 0x04EB, 0x0464, 0x0821, 0x0442, 0x04C9,
    0x092E, 0x090D, 0x092D, 0x092D, 0x0D4F, 0x090C, 0x0043, 0x04A9, 0x0930, 0x0D52, 0x1194, 0x15D6, 0x1E18, 0x2239, 0x2259, 0x267A,
    0x0D51, 0x0D0E, 0x0D52, 0x11B5, 0x15B5, 0x15B5, 0x11B5, 0x11B5, 0x1193, 0x0D2F, 0x0930, 0x0488, 0x0043, 0x04CA, 0x00A9, 0x0043,
    0x0001, 0x0403, 0x0807, 0x0807, 0x0807, 0x0808, 0x0C0A, 0x0C0B, 0x0C0B, 0x0C0C, 0x0C0C, 0x080A, 0x0808, 0x0807, 0x0807, 0x0806,
    0x0402, 0x0402, 0x0402, 0x0822, 0x1C44, 0x2045, 0x2445, 0x2445, 0x2445, 0x2045, 0x1824, 0x1423, 0x1423, 0x1423, 0x1423, 0x1423,
    0x1824, 0x2045, 0x2446, 0x2867, 0x388A, 0x3C8B, 0x388A, 0x2C68, 0x2446, 0x2446, 0x2045, 0x2445, 0x2445, 0x2445, 0x2445, 0x2445,
    0x2045, 0x2446, 0x3068, 0x3069, 0x2867, 0x2446, 0x2045, 0x0C22, 0x0001, 0x0402, 0x0806, 0x0807, 0x0809, 0x0C0C, 0x0C0C, 0x0C0C,
    0x0C0C, 0x0C0C, 0x0C0C, 0x0C0C, 0x0C0C, 0x0C0C, 0x0C0C, 0x0C0C, 0x0C0C, 0x0C0C, 0x0C0C, 0x0C0C, 0x0C0C, 0x0C0C, 0x0C0C, 0x0C0B,
    0x0C08, 0x0807, 0x0C07, 0x0868, 0x04CA, 0x04CA, 0x090C, 0x090C, 0x08EC, 0x04EB, 0x090D, 0x04CA, 0x0464, 0x0821, 0x0465, 0x092D,
    0x090C, 0x090D, 0x090D, 0x092D, 0x090C, 0x0022, 0x08CB, 0x0D51, 0x0D51, 0x1194, 0x15D6, 0x1E18, 0x1E18, 0x2A7B, 0x32BC, 0x32BC,
    0x0D51, 0x1172, 0x0D73, 0x15B5, 0x19F7, 0x1E18, 0x19F7, 0x15D6, 0x1194, 0x1194, 0x0D30, 0x08ED, 0x0487, 0x0044, 0x04C9, 0x0444,
    0x0001, 0x0402, 0x0805, 0x0807, 0x0807, 0x0807, 0x0C09, 0x0C0B, 0x0C0B, 0x0C0C, 0x0C0C, 0x0C0B, 0x0808, 0x0807, 0x0807, 0x0806,
    0x0403, 0x0402, 0x0402, 0x0402, 0x0C22, 0x1C44, 0x2045, 0x2445, 0x2445, 0x2446, 0x1C44, 0x1423, 0x1423, 0x1423, 0x1423, 0x1423,
    0x1423, 0x1824, 0x2045, 0x2446, 0x2446, 0x2866, 0x2866, 0x2446, 0x2045, 0x2045, 0x2445, 0x2445, 0x2445, 0x2445, 0x2445, 0x2445,
    0x2446, 0x2C68, 0x3489, 0x2C68, 0x2446, 0x1824, 0x0802, 0x0401, 0x0804, 0x0805, 0x0806, 0x0C08, 0x0C0B, 0x0C0C, 0x0C0C, 0x0C0C,
    0x0C0C, 0x0C0C, 0x0C0C, 0x0C0C, 0x0C0C, 0x0C0C, 0x0C0C, 0x0C0C, 0x0C0C, 0x0C0C, 0x0C0C, 0x0C0C, 0x0C0C, 0x0C0C, 0x0C0C, 0x0C0B,
    0x0C0A, 0x0C07, 0x0807, 0x0806, 0x0466, 0x04C9, 0x04CA, 0x090C, 0x04EB, 0x04A9, 0x08EC, 0x04CA, 0x0443, 0x0443, 0x050C, 0x08EC,
    0x08EB, 0x08EC, 0x092E, 0x090C, 0x0043, 0x04A9, 0x0D50, 0x0D72, 0x1194, 0x15D5, 0x1E18, 0x1E39, 0x2A7A, 0x329C, 0x36BC, 0x36BC,
    0x0D30, 0x0D72, 0x1194, 0x15B5, 0x1E18, 0x2239, 0x1E18, 0x15D6, 0x1194, 0x15B5, 0x1173, 0x0D2F, 0x08EC, 0x0444, 0x0066, 0x0444,
    0x0001, 0x0402, 0x0805, 0x0806, 0x0807, 0x0807, 0x0808, 0x0808, 0x0C0B, 0x0C0C, 0x0C0C, 0x0C0C, 0x080A, 0x0808, 0x0807, 0x0807,
    0x0805, 0x0402, 0x0402, 0x0402, 0x0401, 0x1023, 0x1C45, 0x2446, 0x2446, 0x2445, 0x2045, 0x1824, 0x1423, 0x1423, 0x1423, 0x1423,
    0x1423, 0x1423, 0x1C44, 0x2045, 0x2045, 0x2045, 0x2045, 0x2445, 0x2445, 0x2445, 0x2445, 0x2445, 0x2445, 0x2445, 0x2445, 0x2867,
    0x2C68, 0x3068, 0x2867, 0x2045, 0x1424, 0x0402, 0x0001, 0x0403, 0x0806, 0x0807, 0x0808, 0x0C0A, 0x0C0C, 0x0C0B, 0x0C0C, 0x0C0C,
    0x0C0C, 0x0C0C, 0x0C0C, 0x0C0C, 0x0C0C, 0x0C0C, 0x0C0C, 0x0C0B, 0x0C0B, 0x0C0C, 0x0C0C, 0x0C0C, 0x0C0C, 0x0C0C, 0x0C0C, 0x0C0C,
    0x0C0B, 0x0C07, 0x0806, 0x0806, 0x0425, 0x04C9, 0x04A9, 0x04CA, 0x04CA, 0x04A9, 0x04EB, 0x04C9, 0x0465, 0x04A7, 0x090D, 0x04EC,
    0x04EB, 0x090C, 0x090C, 0x0465, 0x0466, 0x090E, 0x0D51, 0x1194, 0x15D6, 0x19F7, 0x2238, 0x265A, 0x2E9B, 0x36BC, 0x36BC, 0x36BC,
    0x0D0F, 0x0D52, 0x1194, 0x15D7, 0x2239, 0x2239, 0x2239, 0x19F7, 0x11B5, 0x11B5, 0x1173, 0x0D30, 0x090E, 0x04CA, 0x0043, 0x0022,
    0x0401, 0x0402, 0x0404, 0x0805, 0x0806, 0x0807, 0x0807, 0x0807, 0x080A, 0x0C0B, 0x0C0B, 0x0C0B, 0x0C0C, 0x0C0A, 0x0807, 0x0807,
    0x0807, 0x0805, 0x0402, 0x0402, 0x0402, 0x0401, 0x1423, 0x2045, 0x2445, 0x2045, 0x2045, 0x2045, 0x1823, 0x1423, 0x1423, 0x1423,
    0x1423, 0x1423, 0x1423, 0x1C24, 0x2045, 0x2045, 0x2045, 0x2045, 0x2045, 0x2045, 0x2045, 0x2045, 0x2445, 0x2446, 0x2C67, 0x3068,
    0x2C68, 0x2867, 0x1824, 0x0C22, 0x0401, 0x0402, 0x0403, 0x0806, 0x0807, 0x0808, 0x0C0A, 0x0C0B, 0x0C0B, 0x0C0B, 0x0C0B, 0x0C0B,
    0x0C0C, 0x0C0C, 0x0C0C, 0x0C0C, 0x0C0C, 0x0C0C, 0x0C0C, 0x0C0B, 0x0C0B, 0x0C0B, 0x0C0C, 0x0C0C, 0x0C0C, 0x0C0C, 0x0C0C, 0x0C0C,
    0x0C0B, 0x0C09, 0x0806, 0x0805, 0x0826, 0x0487, 0x04A8, 0x04A9, 0x04A9, 0x04A9, 0x04CA, 0x04A8, 0x0087, 0x04A9, 0x04EB, 0x04EC,
    0x08EC, 0x04EB, 0x0066, 0x0444, 0x08ED, 0x092F, 0x0D72, 0x1194, 0x15D7, 0x1E18, 0x2238, 0x2E7B, 0x32BC, 0x36BC, 0x36BC, 0x36BC,
    0x090F, 0x0D30, 0x1194, 0x19F7, 0x2239, 0x2239, 0x2239, 0x1E18, 0x19F7, 0x11B5, 0x1173, 0x0930, 0x08ED, 0x08EC, 0x04A9, 0x0023,
    0x0001, 0x0402, 0x0402, 0x0404, 0x0806, 0x0807, 0x0807, 0x0807, 0x0808, 0x080A, 0x0C0B, 0x0C0B, 0x0C0C, 0x0C0A, 0x0809, 0x0806,
    0x0807, 0x0807, 0x0805, 0x0402, 0x0402, 0x0402, 0x0802, 0x1823, 0x2045, 0x2045, 0x2045, 0x2045, 0x2045, 0x1423, 0x1423, 0x1423,
    0x1423, 0x1423, 0x1423, 0x1823, 0x1C44, 0x2045, 0x2045, 0x2045, 0x2045, 0x2045, 0x2045, 0x2446, 0x2846, 0x3069, 0x3068, 0x2466,
    0x2046, 0x1C44, 0x0801, 0x0002, 0x0402, 0x0403, 0x0807, 0x0807, 0x0808, 0x080B, 0x0C0C, 0x0C0B, 0x0C0B, 0x0C0B, 0x0C0B, 0x0C0B,
    0x0C0C, 0x0C0C, 0x0C0C, 0x0C0C, 0x0C0C, 0x0C0C, 0x0C0C, 0x0C0B, 0x0C0B, 0x0C0B, 0x0C0C, 0x0C0C, 0x0C0C, 0x0C0C, 0x0C0C, 0x0C0C,
    0x0C0B, 0x0C0C, 0x0808, 0x0805, 0x0404, 0x0423, 0x0487, 0x04A8, 0x04A8, 0x00A8, 0x04A9, 0x0087, 0x0087, 0x0088, 0x04A8, 0x04CA,
    0x090C, 0x0487, 0x0022, 0x04CB, 0x090E, 0x0D50, 0x0D73, 0x1194, 0x15D6, 0x1E18, 0x2238, 0x32BC, 0x36BC, 0x36BC, 0x36BC, 0x36BC,
};

static const uint16_t toshinden_gaia_alt_portrait[16384] = {
    0x8000, 0x8000, 0x8000, 0x8000, 0x8000, 0x8000, 0x8000, 0x8000, 0x8000, 0x8000, 0x8000, 0x8000, 0x8000, 0x8000, 0x8000, 0x8000,
    0x8000, 0x8000, 0x8000, 0x8000, 0x8000, 0x8000, 0x8000, 0x8000, 0x8000, 0x8000, 0x8000, 0x8000, 0x8000, 0x8000, 0x8000, 0x8000,
    0x8000, 0x8000, 0x8000, 0x8000, 0x8000, 0x8000, 0x8000, 0x8000, 0x8000, 0x8000, 0x8000, 0x8000, 0x8000, 0x8000, 0x8000, 0x8000,
    0x8000, 0x8000, 0x8000, 0x8000, 0x8000, 0x8000, 0x8000, 0x8000, 0x8000, 0x8000, 0x8000, 0x8000, 0x8000, 0x8000, 0x8000, 0x8000,
    0x8000, 0x8000, 0x8000, 0x8000, 0x8000, 0x8000, 0x8000, 0x8000, 0x8000, 0x8000, 0x8000, 0x8000, 0x8000, 0x8000, 0x8000, 0x8000,
    0x8000, 0x8000, 0x8000, 0x8000, 0x8000, 0x8000, 0x8000, 0x8000, 0x8000, 0x8000, 0x8000, 0x8000, 0x8000, 0x8000, 0x8000, 0x8000,
    0x8000, 0x8000, 0x8000, 0x8000, 0x8000, 0x8000, 0x8000, 0x8000, 0x8000, 0x8000, 0x8000, 0x8000, 0x8000, 0x8000, 0x8000, 0x8000,
    0x8000, 0x8000, 0x8000, 0x8000, 0x8000, 0x8000, 0x8000, 0x8000, 0x8000, 0x8000, 0x8000, 0x8000, 0x8000, 0x8000, 0x8000, 0x8000,
    0x8000, 0x8000, 0x8000, 0x8000, 0x8000, 0x8000, 0x8000, 0x8000, 0x8000, 0x8000, 0x8000, 0x8000, 0x8000, 0x8000, 0x8000, 0x8000,
    0x8000, 0x8000, 0x8000, 0x8000, 0x8000, 0x8000, 0x8000, 0x8000, 0x8000, 0x8000, 0x8000, 0x8000, 0x8000, 0x8000, 0x8000, 0x8000,
    0x8000, 0x8000, 0x8000, 0x8000, 0x8000, 0x8000, 0x8000, 0x8000, 0x8000, 0x8000, 0x8000, 0x8000, 0x8000, 0x8000, 0x8000, 0x8000,
    0x8000, 0x8000, 0x8000, 0x8000, 0x8000, 0x8000, 0x8000, 0x8000, 0x8000, 0x0CE9, 0x0443, 0x8000, 0x8000, 0x8000, 0x8000, 0x8000,
    0x8000, 0x8000, 0x8000, 0x8000, 0x8000, 0x8000, 0x8000, 0x8000, 0x8000, 0x8000, 0x8000, 0x8000, 0x8000, 0x8000, 0x8000, 0x8000,
    0x8000, 0x8000, 0x8000, 0x8000, 0x8000, 0x8000, 0x8000, 0x8000, 0x8000, 0x8000, 0x8000, 0x8000, 0x8000, 0x8000, 0x8000, 0x8000,
    0x8000, 0x8000, 0x8000, 0x8000, 0x8000, 0x8000, 0x8000, 0x8000, 0x8000, 0x8000, 0x8000, 0x8000, 0x8000, 0x8000, 0x8000, 0x8000,
    0x8000, 0x8000, 0x8000, 0x8000, 0x8000, 0x8000, 0x8000, 0x8000, 0x8000, 0x8000, 0x8000, 0x8000, 0x8000, 0x8000, 0x8000, 0x8000,
    0x8000, 0x8000, 0x8000, 0x8000, 0x8000, 0x8000, 0x8000, 0x8000, 0x8000, 0x8000, 0x8000, 0x8000, 0x8000, 0x8000, 0x8000, 0x8000,
    0x8000, 0x8000, 0x8000, 0x8000, 0x8000, 0x8000, 0x8000, 0x8000, 0x8000, 0x8000, 0x8000, 0x8000, 0x8000, 0x8000, 0x8000, 0x8000,
    0x8000, 0x8000, 0x8000, 0x8000, 0x8000, 0x8000, 0x8000, 0x8000, 0x8000, 0x8000, 0x8000, 0x8000, 0x8000, 0x8000, 0x8000, 0x8000,
    0x8000, 0x8000, 0x8000, 0x8000, 0x8000, 0x8000, 0x8000, 0x8000, 0x21B0, 0x36BA, 0x0065, 0x8000, 0x8000, 0x8000, 0x8000, 0x8000,
    0x8000, 0x8000, 0x8000, 0x8000, 0x8000, 0x8000, 0x8000, 0x8000, 0x8000, 0x8000, 0x8000, 0x8000, 0x8000, 0x8000, 0x8000, 0x8000,
    0x8000, 0x8000, 0x8000, 0x8000, 0x8000, 0x8000, 0x8000, 0x8000, 0x8000, 0x8000, 0x8000, 0x8000, 0x8000, 0x8000, 0x8000, 0x8000,
    0x8000, 0x8000, 0x8000, 0x8000, 0x8000, 0x8000, 0x8000, 0x8000, 0x8000, 0x8000, 0x8000, 0x8000, 0x8000, 0x8000, 0x8000, 0x8000,
    0x8000, 0x8000, 0x8000, 0x8000, 0x8000, 0x8000, 0x8000, 0x8000, 0x8000, 0x8000, 0x8000, 0x8000, 0x8000, 0x8000, 0x8000, 0x8000,
    0x8000, 0x8000, 0x8000, 0x8000, 0x8000, 0x8000, 0x8000, 0x8000, 0x8000, 0x8000, 0x8000, 0x8000, 0x8000, 0x8000, 0x8000, 0x8000,
    0x8000, 0x8000, 0x8000, 0x8000, 0x8000, 0x8000, 0x8000, 0x8000, 0x8000, 0x8000, 0x8000, 0x8000, 0x8000, 0x8000, 0x8000, 0x8000,
    0x8000, 0x8000, 0x8000, 0x8000, 0x8000, 0x8000, 0x8000, 0x8000, 0x8000, 0x8000, 0x8000, 0x8000, 0x8000, 0x8000, 0x8000, 0x8000,
    0x8000, 0x8000, 0x8000, 0x8000, 0x8000, 0x8000, 0x0001, 0x0D2E, 0x46DA, 0x19D5, 0x00A9, 0x8000, 0x8000, 0x8000, 0x8000, 0x8000,
    0x8000, 0x8000, 0x8000, 0x8000, 0x8000, 0x8000, 0x8000, 0x8000, 0x8000, 0x8000, 0x8000, 0x8000, 0x8000, 0x8000, 0x8000, 0x8000,
    0x8000, 0x8000, 0x8000, 0x8000, 0x8000, 0x8000, 0x8000, 0x8000, 0x8000, 0x8000, 0x8000, 0x8000, 0x8000, 0x8000, 0x8000, 0x8000,
    0x8000, 0x8000, 0x8000, 0x8000, 0x8000, 0x8000, 0x8000, 0x8000, 0x8000, 0x8000, 0x8000, 0x8000, 0x8000, 0x8000, 0x8000, 0x8000,
    0x8000, 0x8000, 0x8000, 0x8000, 0x8000, 0x8000, 0x8000, 0x8000, 0x8000, 0x8000, 0x8000, 0x8000, 0x8000, 0x8000, 0x8000, 0x8000,
    0x8000, 0x8000, 0x8000, 0x8000, 0x8000, 0x8000, 0x8000, 0x8000, 0x8000, 0x8000, 0x8000, 0x8000, 0x8000, 0x8000, 0x8000, 0x8000,
    0x8000, 0x8000, 0x8000, 0x8000, 0x8000, 0x8000, 0x8000, 0x8000, 0x8000, 0x8000, 0x8000, 0x8000, 0x8000, 0x8000, 0x8000, 0x8000,
    0x8000, 0x8000, 0x8000, 0x8000, 0x8000, 0x8000, 0x8000, 0x8000, 0x8000, 0x8000, 0x8000, 0x8000, 0x8000, 0x8000, 0x8000, 0x8000,
    0x8000, 0x8000, 0x8000, 0x8000, 0x8000, 0x0021, 0x00CB, 0x46DB, 0x2E13, 0x052F, 0x092F, 0x8000, 0x8000, 0x8000, 0x8000, 0x8000,
    0x8000, 0x8000, 0x8000, 0x8000, 0x8000, 0x8000, 0x8000, 0x8000, 0x8000, 0x8000, 0x8000, 0x8000, 0x8000, 0x8000, 0x8000, 0x8000,
    0x8000, 0x8000, 0x8000, 0x8000, 0x8000, 0x8000, 0x8000, 0x8000, 0x8000, 0x8000, 0x8000, 0x8000, 0x8000, 0x8000, 0x8000, 0x8000,
    0x8000, 0x8000, 0x8000, 0x8000, 0x8000, 0x8000, 0x8000, 0x8000, 0x8000, 0x8000, 0x8000, 0x8000, 0x8000, 0x8000, 0x8000, 0x8000,
    0x8000, 0x8000, 0x8000, 0x8000, 0x8000, 0x8000, 0x8000, 0x8000, 0x8000, 0x8000, 0x8000, 0x8000, 0x8000, 0x8000, 0x8000, 0x8000,
    0x8000, 0x8000, 0x8000, 0x8000, 0x8000, 0x8000, 0x8000, 0x8000, 0x8000, 0x8000, 0x8000, 0x8000, 0x8000, 0x8000, 0x8000, 0x8000,
    0x8000, 0x8000, 0x8000, 0x8000, 0x8000, 0x8000, 0x8000, 0x8000, 0x8000, 0x8000, 0x8000, 0x8000, 0x8000, 0x8000, 0x8000, 0x8000,
    0x8000, 0x8000, 0x8000, 0x8000, 0x8000, 0x8000, 0x8000, 0x8000, 0x8000, 0x8000, 0x8000, 0x8000, 0x8000, 0x8000, 0x8000, 0x8000,
    0x8000, 0x8000, 0x8000, 0x8000, 0x8000, 0x0088, 0x1DF5, 0x573C, 0x0D0C, 0x04EC, 0x0D93, 0x0001, 0x8000, 0x8000, 0x8000, 0x8000,
    0x8000, 0x8000, 0x8000, 0x8000, 0x8000, 0x8000, 0x8000, 0x8000, 0x8000, 0x8000, 0x8000, 0x8000, 0x8000, 0x8000, 0x8000, 0x8000,
    0x8000, 0x8000, 0x8000, 0x8000, 0x8000, 0x8000, 0x8000, 0x8000, 0x8000, 0x8000, 0x8000, 0x8000, 0x8000, 0x8000, 0x8000, 0x8000,
    0x8000, 0x8000, 0x8000, 0x8000, 0x8000, 0x8000, 0x8000, 0x8000, 0x8000, 0x8000, 0x8000, 0x8000, 0x8000, 0x8000, 0x8000, 0x8000,
    0x8000, 0x8000, 0x8000, 0x8000, 0x8000, 0x8000, 0x8000, 0x8000, 0x8000, 0x8000, 0x8000, 0x8000, 0x8000, 0x8000, 0x8000, 0x8000,
    0x8000, 0x8000, 0x8000, 0x8000, 0x8000, 0x8000, 0x8000, 0x8000, 0x8000, 0x8000, 0x8000, 0x8000, 0x8000, 0x8000, 0x8000, 0x8000,
    0x8000, 0x8000, 0x8000, 0x8000, 0x8000, 0x8000, 0x8000, 0x8000, 0x8000, 0x8000, 0x8000, 0x8000, 0x8000, 0x8000, 0x8000, 0x8000,
    0x8000, 0x8000, 0x8000, 0x8000, 0x8000, 0x8000, 0x8000, 0x8000, 0x8000, 0x8000, 0x8000, 0x8000, 0x8000, 0x8000, 0x8000, 0x8000,
    0x8000, 0x8000, 0x8000, 0x8000, 0x0444, 0x012F, 0x4EFA, 0x3235, 0x00CA, 0x08CA, 0x11D5, 0x04C9, 0x8000, 0x8000, 0x8000, 0x8000,
    0x8000, 0x8000, 0x8000, 0x8000, 0x8000, 0x8000, 0x8000, 0x8000, 0x8000, 0x8000, 0x8000, 0x8000, 0x8000, 0x8000, 0x8000, 0x8000,
    0x8000, 0x8000, 0x8000, 0x8000, 0x8000, 0x8000, 0x8000, 0x8000, 0x8000, 0x8000, 0x8000, 0x8000, 0x8000, 0x8000, 0x8000, 0x8000,
    0x8000, 0x8000, 0x8000, 0x8000, 0x8000, 0x8000, 0x8000, 0x8000, 0x8000, 0x8000, 0x8000, 0x8000, 0x8000, 0x8000, 0x8000, 0x8000,
    0x8000, 0x8000, 0x8000, 0x8000, 0x8000, 0x8000, 0x8000, 0x8000, 0x8000, 0x8000, 0x8000, 0x8000, 0x8000, 0x8000, 0x8000, 0x8000,
    0x8000, 0x8000, 0x8000, 0x8000, 0x8000, 0x8000, 0x8000, 0x8000, 0x8000, 0x8000, 0x8000, 0x8000, 0x8000, 0x8000, 0x8000, 0x8000,
    0x8000, 0x8000, 0x8000, 0x8000, 0x8000, 0x8000, 0x8000, 0x8000, 0x8000, 0x8000, 0x8000, 0x8000, 0x8000, 0x8000, 0x8000, 0x8000,
    0x8000, 0x8000, 0x8000, 0x8000, 0x8000, 0x8000, 0x8000, 0x8000, 0x8000, 0x8000, 0x8000, 0x8000, 0x8000, 0x8000, 0x8000, 0x8000,
    0x8000, 0x8000, 0x8000, 0x8000, 0x00CA, 0x3257, 0x46FB, 0x0D2D, 0x04EB, 0x090D, 0x0DB4, 0x0487, 0x8000, 0x8000, 0x8000, 0x8000,
    0x8000, 0x8000, 0x8000, 0x8000, 0x8000, 0x8000, 0x8000, 0x8000, 0x8000, 0x8000, 0x8000, 0x8000, 0x8000, 0x8000, 0x8000, 0x8000,
    0x8000, 0x8000, 0x8000, 0x8000, 0x8000, 0x8000, 0x8000, 0x8000, 0x8000, 0x8000, 0x8000, 0x8000, 0x8000, 0x8000, 0x8000, 0x8000,
    0x8000, 0x8000, 0x8000, 0x8000, 0x8000, 0x8000, 0x8000, 0x8000, 0x8000, 0x8000, 0x8000, 0x8000, 0x8000, 0x8000, 0x8000, 0x8000,
    0x8000, 0x8000, 0x8000, 0x8000, 0x8000, 0x8000, 0x8000, 0x8000, 0x8000, 0x8000, 0x8000, 0x8000, 0x8000, 0x8000, 0x8000, 0x8000,
    0x8000, 0x8000, 0x8000, 0x8000, 0x8000, 0x8000, 0x8000, 0x8000, 0x8000, 0x8000, 0x8000, 0x8000, 0x8000, 0x8000, 0x8000, 0x8000,
    0x8000, 0x8000, 0x8000, 0x8000, 0x8000, 0x8000, 0x8000, 0x8000, 0x8000, 0x8000, 0x8000, 0x8000, 0x8000, 0x8000, 0x8000, 0x8000,
    0x8000, 0x8000, 0x8000, 0x8000, 0x8000, 0x8000, 0x8000, 0x8000, 0x8000, 0x8000, 0x8000, 0x8000, 0x8000, 0x8000, 0x8000, 0x8000,
    0x8000, 0x8000, 0x8000, 0x0486, 0x0950, 0x531B, 0x25F4, 0x00EC, 0x090D, 0x0DB4, 0x090C, 0x8000, 0x8000, 0x8000, 0x8000, 0x8000,
    0x8000, 0x8000, 0x8000, 0x8000, 0x8000, 0x8000, 0x8000, 0x8000, 0x8000, 0x8000, 0x8000, 0x8000, 0x8000, 0x8000, 0x8000, 0x8000,
    0x8000, 0x8000, 0x8000, 0x8000, 0x8000, 0x8000, 0x8000, 0x8000, 0x8000, 0x8000, 0x8000, 0x8000, 0x8000, 0x8000, 0x8000, 0x8000,
    0x8000, 0x8000, 0x8000, 0x8000, 0x8000, 0x8000, 0x8000, 0x8000, 0x8000, 0x8000, 0x8000, 0x8000, 0x8000, 0x8000, 0x8000, 0x8000,
    0x8000, 0x8000, 0x8000, 0x8000, 0x8000, 0x8000, 0x8000, 0x8000, 0x8000, 0x8000, 0x8000, 0x8000, 0x8000, 0x8000, 0x8000, 0x8000,
    0x8000, 0x8000, 0x8000, 0x8000, 0x8000, 0x8000, 0x8000, 0x8000, 0x8000, 0x8000, 0x8000, 0x8000, 0x8000, 0x8000, 0x8000, 0x8000,
    0x8000, 0x8000, 0x8000, 0x8000, 0x8000, 0x8000, 0x8000, 0x8000, 0x8000, 0x8000, 0x8000, 0x8000, 0x8000, 0x8000, 0x8000, 0x8000,
    0x8000, 0x8000, 0x8000, 0x8000, 0x8000, 0x8000, 0x8000, 0x8000, 0x8000, 0x8000, 0x8000, 0x8000, 0x8000, 0x8000, 0x8000, 0x8000,
    0x8000, 0x8000, 0x0022, 0x00EC, 0x3A56, 0x46FB, 0x0550, 0x092E, 0x090D, 0x0DB4, 0x0044, 0x8000, 0x8000, 0x8000, 0x8000, 0x8000,
    0x8000, 0x8000, 0x8000, 0x8000, 0x8000, 0x8000, 0x8000, 0x8000, 0x8000, 0x8000, 0x8000, 0x8000, 0x8000, 0x8000, 0x8000, 0x8000,
    0x8000, 0x8000, 0x8000, 0x8000, 0x8000, 0x8000, 0x8000, 0x8000, 0x8000, 0x8000, 0x8000, 0x8000, 0x8000, 0x8000, 0x8000, 0x8000,
    0x8000, 0x8000, 0x8000, 0x8000, 0x8000, 0x8000, 0x8000, 0x8000, 0x8000, 0x8000, 0x8000, 0x8000, 0x8000, 0x8000, 0x8000, 0x8000,
    0x8000, 0x8000, 0x8000, 0x8000, 0x8000, 0x8000, 0x8000, 0x8000, 0x8000, 0x8000, 0x8000, 0x8000, 0x8000, 0x8000, 0x8000, 0x8000,
    0x8000, 0x8000, 0x8000, 0x8000, 0x8000, 0x8000, 0x8000, 0x8000, 0x8000, 0x8000, 0x8000, 0x8000, 0x8000, 0x8000, 0x8000, 0x8000,
    0x8000, 0x8000, 0x8000, 0x8000, 0x8000, 0x8000, 0x8000, 0x8000, 0x8000, 0x8000, 0x8000, 0x8000, 0x8000, 0x8000, 0x8000, 0x8000,
    0x8000, 0x8000, 0x8000, 0x8000, 0x8000, 0x8000, 0x8000, 0x8000, 0x8000, 0x8000, 0x8000, 0x8000, 0x8000, 0x8000, 0x8000, 0x8000,
    0x8000, 0x8000, 0x0486, 0x0972, 0x4AFB, 0x2A14, 0x0530, 0x092E, 0x0D71, 0x092E, 0x8000, 0x8000, 0x8000, 0x8000, 0x8000, 0x8000,
    0x8000, 0x8000, 0x8000, 0x8000, 0x8000, 0x8000, 0x8000, 0x8000, 0x8000, 0x8000, 0x8000, 0x8000, 0x8000, 0x8000, 0x8000, 0x8000,
    0x8000, 0x8000, 0x8000, 0x8000, 0x8000, 0x8000, 0x8000, 0x8000, 0x8000, 0x8000, 0x8000, 0x8000, 0x8000, 0x8000, 0x8000, 0x8000,
    0x8000, 0x8000, 0x8000, 0x8000, 0x8000, 0x8000, 0x8000, 0x8000, 0x8000, 0x8000, 0x8000, 0x8000, 0x8000, 0x8000, 0x8000, 0x8000,
    0x8000, 0x8000, 0x8000, 0x8000, 0x8000, 0x8000, 0x8000, 0x8000, 0x8000, 0x8000, 0x8000, 0x8000, 0x8000, 0x8000, 0x8000, 0x8000,
    0x8000, 0x8000, 0x8000, 0x8000, 0x8000, 0x8000, 0x8000, 0x8000, 0x8000, 0x8000, 0x8000, 0x8000, 0x8000, 0x8000, 0x8000, 0x8000,
    0x8000, 0x8000, 0x8000, 0x8000, 0x8000, 0x8000, 0x8000, 0x8000, 0x8000, 0x8000, 0x8000, 0x8000, 0x8000, 0x8000, 0x8000, 0x8000,
    0x8000, 0x8000, 0x8000, 0x8000, 0x8000, 0x8000, 0x8000, 0x8000, 0x8000, 0x8000, 0x8000, 0x8000, 0x8000, 0x8000, 0x8000, 0x8000,
    0x8000, 0x0043, 0x010E, 0x3A55, 0x4F1B, 0x0530, 0x0D72, 0x092F, 0x11D4, 0x04A8, 0x8000, 0x8000, 0x8000, 0x8000, 0x8000, 0x8000,
    0x8000, 0x8000, 0x8000, 0x8000, 0x8000, 0x8000, 0x8000, 0x8000, 0x8000, 0x8000, 0x8000, 0x8000, 0x8000, 0x8000, 0x8000, 0x8000,
    0x8000, 0x8000, 0x8000, 0x8000, 0x8000, 0x8000, 0x8000, 0x8000, 0x8000, 0x8000, 0x8000, 0x8000, 0x8000, 0x8000, 0x8000, 0x8000,
    0x8000, 0x8000, 0x8000, 0x8000, 0x8000, 0x8000, 0x8000, 0x8000, 0x8000, 0x8000, 0x8000, 0x8000, 0x8000, 0x8000, 0x8000, 0x8000,
    0x8000, 0x8000, 0x8000, 0x8000, 0x8000, 0x8000, 0x8000, 0x8000, 0x8000, 0x8000, 0x8000, 0x8000, 0x8000, 0x8000, 0x8000, 0x8000,
    0x8000, 0x8000, 0x8000, 0x8000, 0x8000, 0x8000, 0x8000, 0x8000, 0x8000, 0x8000, 0x8000, 0x8000, 0x8000, 0x8000, 0x8000, 0x8000,
    0x8000, 0x8000, 0x8000, 0x8000, 0x8000, 0x8000, 0x8000, 0x8000, 0x8000, 0x8000, 0x8000, 0x8000, 0x8000, 0x8000, 0x8000, 0x8000,
    0x8000, 0x8000, 0x8000, 0x8000, 0x8000, 0x8000, 0x8000, 0x8000, 0x8000, 0x8000, 0x8000, 0x8000, 0x8000, 0x8000, 0x8000, 0x8000,
    0x8000, 0x0487, 0x0D92, 0x46DA, 0x3235, 0x0530, 0x0D93, 0x0D71, 0x0DB3, 0x0022, 0x8000, 0x8000, 0x8000, 0x8000, 0x8000, 0x8000,
    0x8000, 0x8000, 0x8000, 0x8000, 0x8000, 0x8000, 0x8000, 0x8000, 0x8000, 0x8000, 0x8000, 0x8000, 0x8000, 0x8000, 0x8000, 0x8000,
    0x8000, 0x8000, 0x8000, 0x8000, 0x8000, 0x8000, 0x8000, 0x8000, 0x8000, 0x8000, 0x8000, 0x8000, 0x8000, 0x8000, 0x8000, 0x8000,
    0x8000, 0x8000, 0x8000, 0x8000, 0x8000, 0x8000, 0x8000, 0x8000, 0x8000, 0x8000, 0x8000, 0x8000, 0x8000, 0x8000, 0x8000, 0x8000,
    0x8000, 0x8000, 0x8000, 0x8000, 0x8000, 0x8000, 0x8000, 0x8000, 0x8000, 0x8000, 0x8000, 0x8000, 0x8000, 0x8000, 0x8000, 0x8000,
    0x8000, 0x8000, 0x8000, 0x8000, 0x8000, 0x8000, 0x8000, 0x8000, 0x8000, 0x8000, 0x8000, 0x8000, 0x8000, 0x8000, 0x8000, 0x8000,
    0x8000, 0x8000, 0x8000, 0x8000, 0x8000, 0x8000, 0x8000, 0x8000, 0x8000, 0x8000, 0x8000, 0x8000, 0x8000, 0x8000, 0x8000, 0x8000,
    0x8000, 0x8000, 0x8000, 0x8000, 0x8000, 0x8000, 0x8000, 0x8000, 0x8000, 0x8000, 0x8000, 0x8000, 0x8000, 0x8000, 0x8000, 0x8000,
    0x0021, 0x010E, 0x3635, 0x531B, 0x0151, 0x0DB3, 0x0D72, 0x0DB4, 0x092E, 0x8000, 0x8000, 0x8000, 0x8000, 0x8000, 0x8000, 0x8000,
    0x8000, 0x8000, 0x8000, 0x8000, 0x8000, 0x8000, 0x8000, 0x8000, 0x8000, 0x8000, 0x8000, 0x8000, 0x8000, 0x8000, 0x8000, 0x8000,
    0x8000, 0x8000, 0x8000, 0x8000, 0x8000, 0x8000, 0x8000, 0x8000, 0x8000, 0x8000, 0x8000, 0x8000, 0x8000, 0x8000, 0x8000, 0x8000,
    0x8000, 0x8000, 0x8000, 0x8000, 0x8000, 0x8000, 0x8000, 0x8000, 0x8000, 0x8000, 0x8000, 0x8000, 0x8000, 0x8000, 0x8000, 0x8000,
    0x8000, 0x8000, 0x8000, 0x8000, 0x8000, 0x8000, 0x8000, 0x8000, 0x8000, 0x8000, 0x8000, 0x8000, 0x8000, 0x8000, 0x8000, 0x8000,
    0x8000, 0x8000, 0x8000, 0x8000, 0x8000, 0x8000, 0x8000, 0x8000, 0x8000, 0x8000, 0x8000, 0x8000, 0x8000, 0x8000, 0x8000, 0x8000,
    0x8000, 0x8000, 0x8000, 0x8000, 0x8000, 0x8000, 0x8000, 0x8000, 0x8000, 0x8000, 0x8000, 0x8000, 0x8000, 0x8000, 0x8000, 0x8000,
    0x8000, 0x8000, 0x8000, 0x8000, 0x8000, 0x8000, 0x8000, 0x8000, 0x8000, 0x8000, 0x8000, 0x8000, 0x8000, 0x8000, 0x8000, 0x8000,
    0x04C9, 0x0972, 0x3EDB, 0x3655, 0x0550, 0x11F6, 0x0951, 0x11D5, 0x0487, 0x8000, 0x8000, 0x8000, 0x8000, 0x8000, 0x8000, 0x8000,
    0x8000, 0x8000, 0x8000, 0x8000, 0x8000, 0x8000, 0x8000, 0x8000, 0x8000, 0x8000, 0x8000, 0x8000, 0x8000, 0x8000, 0x8000, 0x8000,
    0x8000, 0x8000, 0x8000, 0x8000, 0x8000, 0x8000, 0x8000, 0x8000, 0x8000, 0x8000, 0x8000, 0x8000, 0x8000, 0x8000, 0x8000, 0x8000,
    0x8000, 0x8000, 0x8000, 0x8000, 0x8000, 0x8000, 0x8000, 0x8000, 0x8000, 0x8000, 0x8000, 0x8000, 0x8000, 0x8000, 0x8000, 0x8000,
    0x8000, 0x8000, 0x8000, 0x8000, 0x8000, 0x8000, 0x8000, 0x8000, 0x8000, 0x8000, 0x8000, 0x8000, 0x8000, 0x8000, 0x8000, 0x8000,
    0x8000, 0x8000, 0x8000, 0x8000, 0x8000, 0x8000, 0x8000, 0x8000, 0x8000, 0x8000, 0x8000, 0x8000, 0x8000, 0x8000, 0x8000, 0x8000,
    0x8000, 0x8000, 0x8000, 0x8000, 0x8000, 0x8000, 0x8000, 0x8000, 0x8000, 0x8000, 0x8000, 0x8000, 0x8000, 0x8000, 0x8000, 0x8000,
    0x8000, 0x8000, 0x8000, 0x8000, 0x8000, 0x8000, 0x8000, 0x8000, 0x8000, 0x8000, 0x8000, 0x8000, 0x8000, 0x8000, 0x8000, 0x0022,
    0x0951, 0x25F4, 0x531B, 0x0551, 0x11B5, 0x11B4, 0x0950, 0x0DD5, 0x0465, 0x8000, 0x8000, 0x8000, 0x8000, 0x8000, 0x8000, 0x8000,
    0x8000, 0x8000, 0x8000, 0x8000, 0x8000, 0x8000, 0x8000, 0x8000, 0x8000, 0x8000, 0x8000, 0x8000, 0x8000, 0x8000, 0x8000, 0x8000,
    0x8000, 0x8000, 0x8000, 0x8000, 0x8000, 0x8000, 0x8000, 0x8000, 0x8000, 0x8000, 0x8000, 0x8000, 0x8000, 0x8000, 0x8000, 0x8000,
    0x8000, 0x8000, 0x8000, 0x8000, 0x8000, 0x8000, 0x8000, 0x8000, 0x8000, 0x8000, 0x8000, 0x8000, 0x8000, 0x8000, 0x8000, 0x8000,
    0x8000, 0x8000, 0x8000, 0x8000, 0x8000, 0x8000, 0x8000, 0x8000, 0x8000, 0x8000, 0x8000, 0x8000, 0x8000, 0x8000, 0x8000, 0x8000,
    0x8000, 0x8000, 0x8000, 0x8000, 0x8000, 0x8000, 0x8000, 0x8000, 0x8000, 0x8000, 0x8000, 0x8000, 0x8000, 0x8000, 0x8000, 0x8000,
    0x8000, 0x8000, 0x8000, 0x8000, 0x8000, 0x8000, 0x8000, 0x8000, 0x8000, 0x8000, 0x8000, 0x8000, 0x8000, 0x8000, 0x8000, 0x8000,
    0x8000, 0x8000, 0x8000, 0x8000, 0x8000, 0x8000, 0x8000, 0x8000, 0x8000, 0x8000, 0x8000, 0x8000, 0x8000, 0x8000, 0x8000, 0x0466,
    0x0571, 0x3678, 0x4AB7, 0x012F, 0x11D6, 0x0971, 0x0D71, 0x0950, 0x0022, 0x8000, 0x8000, 0x8000, 0x8000, 0x8000, 0x8000, 0x8000,
    0x8000, 0x8000, 0x8000, 0x8000, 0x8000, 0x8000, 0x8000, 0x8000, 0x8000, 0x8000, 0x8000, 0x8000, 0x8000, 0x8000, 0x8000, 0x8000,
    0x8000, 0x8000, 0x8000, 0x8000, 0x8000, 0x8000, 0x8000, 0x8000, 0x8000, 0x8000, 0x8000, 0x8000, 0x8000, 0x8000, 0x8000, 0x8000,
    0x8000, 0x8000, 0x8000, 0x8000, 0x8000, 0x8000, 0x8000, 0x8000, 0x8000, 0x8000, 0x8000, 0x8000, 0x8000, 0x8000, 0x8000, 0x8000,
    0x8000, 0x8000, 0x8000, 0x8000, 0x8000, 0x8000, 0x8000, 0x8000, 0x8000, 0x8000, 0x8000, 0x8000, 0x8000, 0x8000, 0x8000, 0x8000,
    0x8000, 0x8000, 0x8000, 0x8000, 0x8000, 0x8000, 0x8000, 0x8000, 0x8000, 0x8000, 0x8000, 0x8000, 0x8000, 0x8000, 0x8000, 0x8000,
    0x8000, 0x8000, 0x8000, 0x8000, 0x8000, 0x8000, 0x8000, 0x8000, 0x8000, 0x8000, 0x8000, 0x8000, 0x8000, 0x8000, 0x8000, 0x8000,
    0x8000, 0x8000, 0x8000, 0x8000, 0x8000, 0x8000, 0x8000, 0x8000, 0x8000, 0x8000, 0x8000, 0x8000, 0x8000, 0x8000, 0x8000, 0x092F,
    0x1991, 0x46FB, 0x11D4, 0x0D93, 0x11B4, 0x092E, 0x11B4, 0x08EB, 0x8000, 0x8000, 0x8000, 0x8000, 0x8000, 0x8000, 0x8000, 0x8000,
    0x8000, 0x8000, 0x8000, 0x8000, 0x8000, 0x8000, 0x8000, 0x8000, 0x8000, 0x8000, 0x8000, 0x8000, 0x8000, 0x8000, 0x8000, 0x8000,
    0x8000, 0x8000, 0x8000, 0x8000, 0x8000, 0x8000, 0x8000, 0x8000, 0x8000, 0x8000, 0x8000, 0x8000, 0x8000, 0x8000, 0x8000, 0x8000,
    0x8000, 0x8000, 0x8000, 0x8000, 0x8000, 0x8000, 0x8000, 0x8000, 0x8000, 0x8000, 0x8000, 0x8000, 0x8000, 0x8000, 0x8000, 0x8000,
    0x8000, 0x8000, 0x8000, 0x8000, 0x8000, 0x8000, 0x8000, 0x8000, 0x8000, 0x8000, 0x8000, 0x8000, 0x8000, 0x8000, 0x8000, 0x8000,
    0x8000, 0x8000, 0x8000, 0x8000, 0x8000, 0x8000, 0x8000, 0x8000, 0x8000, 0x8000, 0x8000, 0x8000, 0x8000, 0x8000, 0x8000, 0x8000,
    0x8000, 0x8000, 0x8000, 0x8000, 0x8000, 0x8000, 0x8000, 0x8000, 0x8000, 0x8000, 0x8000, 0x8000, 0x8000, 0x8000, 0x8000, 0x8000,
    0x8000, 0x8000, 0x8000, 0x8000, 0x8000, 0x8000, 0x8000, 0x8000, 0x8000, 0x8000, 0x8000, 0x8000, 0x8000, 0x8000, 0x0486, 0x0551,
    0x2A37, 0x4ED9, 0x0130, 0x0DB4, 0x0D71, 0x092E, 0x11D5, 0x04A8, 0x8000, 0x8000, 0x8000, 0x8000, 0x8000, 0x8000, 0x8000, 0x8000,
    0x8000, 0x8000, 0x8000, 0x8000, 0x8000, 0x8000, 0x8000, 0x8000, 0x8000, 0x8000, 0x8000, 0x8000, 0x8000, 0x8000, 0x8000, 0x8000,
    0x8000, 0x8000, 0x8000, 0x8000, 0x8000, 0x8000, 0x8000, 0x8000, 0x8000, 0x8000, 0x8000, 0x8000, 0x8000, 0x8000, 0x8000, 0x8000,
    0x8000, 0x8000, 0x8000, 0x8000, 0x8000, 0x8000, 0x8000, 0x8000, 0x8000, 0x8000, 0x8000, 0x8000, 0x8000, 0x8000, 0x8000, 0x8000,
    0x8000, 0x8000, 0x8000, 0x8000, 0x8000, 0x8000, 0x8000, 0x8000, 0x8000, 0x8000, 0x8000, 0x8000, 0x8000, 0x8000, 0x8000, 0x8000,
    0x8000, 0x8000, 0x8000, 0x8000, 0x8000, 0x8000, 0x8000, 0x8000, 0x8000, 0x8000, 0x8000, 0x8000, 0x8000, 0x8000, 0x8000, 0x8000,
    0x8000, 0x8000, 0x8000, 0x8000, 0x8000, 0x8000, 0x8000, 0x8000, 0x8000, 0x8000, 0x8000, 0x8000, 0x8000, 0x8000, 0x8000, 0x8000,
    0x8000, 0x8000, 0x8000, 0x8000, 0x8000, 0x8000, 0x8000, 0x8000, 0x8000, 0x8000, 0x8000, 0x8000, 0x8000, 0x8000, 0x0D2F, 0x0950,
    0x3ABA, 0x2E36, 0x050E, 0x0D93, 0x0950, 0x092F, 0x0D92, 0x0065, 0x8000, 0x8000, 0x8000, 0x8000, 0x8000, 0x8000, 0x8000, 0x8000,
    0x8000, 0x8000, 0x8000, 0x8000, 0x8000, 0x8000, 0x8000, 0x8000, 0x8000, 0x8000, 0x8000, 0x8000, 0x8000, 0x8000, 0x8000, 0x8000,
    0x8000, 0x8000, 0x8000, 0x8000, 0x8000, 0x8000, 0x8000, 0x8000, 0x8000, 0x8000, 0x8000, 0x8000, 0x8000, 0x8000, 0x8000, 0x8000,
    0x8000, 0x8000, 0x8000, 0x8000, 0x8000, 0x8000, 0x8000, 0x8000, 0x8000, 0x8000, 0x8000, 0x8000, 0x8000, 0x8000, 0x8000, 0x8000,
    0x8000, 0x8000, 0x8000, 0x8000, 0x8000, 0x8000, 0x8000, 0x8000, 0x8000, 0x8000, 0x8000, 0x8000, 0x8000, 0x8000, 0x8000, 0x8000,
    0x8000, 0x8000, 0x8000, 0x8000, 0x8000, 0x8000, 0x8000, 0x8000, 0x8000, 0x8000, 0x8000, 0x8000, 0x8000, 0x8000, 0x8000, 0x8000,
    0x8000, 0x8000, 0x8000, 0x8000, 0x8000, 0x8000, 0x8000, 0x8000, 0x8000, 0x8000, 0x8000, 0x8000, 0x8000, 0x8000, 0x8000, 0x8000,
    0x8000, 0x8000, 0x8000, 0x8000, 0x8000, 0x8000, 0x8000, 0x8000, 0x8000, 0x8000, 0x8000, 0x8000, 0x8000, 0x0064, 0x0950, 0x19D3,
    0x52FA, 0x052E, 0x0971, 0x0D72, 0x092E, 0x0D71, 0x0D71, 0x0022, 0x8000, 0x8000, 0x8000, 0x8000, 0x8000, 0x8000, 0x8000, 0x8000,
    0x8000, 0x8000, 0x8000, 0x8000, 0x8000, 0x8000, 0x8000, 0x8000, 0x8000, 0x8000, 0x8000, 0x8000, 0x8000, 0x8000, 0x8000, 0x8000,
    0x8000, 0x8000, 0x8000, 0x8000, 0x8000, 0x8000, 0x8000, 0x8000, 0x8000, 0x8000, 0x8000, 0x8000, 0x8000, 0x8000, 0x8000, 0x8000,
    0x8000, 0x8000, 0x8000, 0x8000, 0x8000, 0x8000, 0x8000, 0x8000, 0x8000, 0x8000, 0x8000, 0x8000, 0x8000, 0x8000, 0x8000, 0x8000,
    0x8000, 0x8000, 0x8000, 0x8000, 0x8000, 0x8000, 0x8000, 0x8000, 0x8000, 0x8000, 0x8000, 0x8000, 0x8000, 0x8000, 0x8000, 0x8000,
    0x8000, 0x8000, 0x8000, 0x8000, 0x8000, 0x8000, 0x8000, 0x8000, 0x8000, 0x8000, 0x8000, 0x8000, 0x8000, 0x8000, 0x8000, 0x8000,
    0x8000, 0x8000, 0x8000, 0x8000, 0x8000, 0x8000, 0x8000, 0x8000, 0x8000, 0x8000, 0x8000, 0x8000, 0x8000, 0x8000, 0x8000, 0x8000,
    0x8000, 0x8000, 0x8000, 0x8000, 0x8000, 0x8000, 0x8000, 0x8000, 0x8000, 0x8000, 0x8000, 0x8000, 0x8000, 0x092E, 0x0971, 0x2E78,
    0x42B8, 0x04EC, 0x0950, 0x094F, 0x090D, 0x0DB3, 0x092E, 0x0001, 0x8000, 0x8000, 0x8000, 0x8000, 0x8000, 0x8000, 0x8000, 0x8000,
    0x8000, 0x8000, 0x8000, 0x8000, 0x8000, 0x8000, 0x8000, 0x8000, 0x8000, 0x8000, 0x8000, 0x8000, 0x8000, 0x8000, 0x8000, 0x8000,
    0x8000, 0x8000, 0x8000, 0x8000, 0x8000, 0x8000, 0x8000, 0x8000, 0x8000, 0x8000, 0x8000, 0x8000, 0x8000, 0x8000, 0x8000, 0x8000,
    0x8000, 0x8000, 0x8000, 0x8000, 0x8000, 0x8000, 0x8000, 0x8000, 0x8000, 0x8000, 0x8000, 0x8000, 0x8000, 0x8000, 0x8000, 0x8000,
    0x8000, 0x8000, 0x8000, 0x8000, 0x8000, 0x8000, 0x8000, 0x8000, 0x8000, 0x8000, 0x8000, 0x8000, 0x8000, 0x8000, 0x8000, 0x8000,
    0x8000, 0x8000, 0x8000, 0x8000, 0x8000, 0x8000, 0x8000, 0x8000, 0x8000, 0x8000, 0x8000, 0x8000, 0x8000, 0x8000, 0x8000, 0x8000,
    0x8000, 0x8000, 0x8000, 0x8000, 0x8000, 0x8000, 0x8000, 0x8000, 0x8000, 0x8000, 0x8000, 0x8000, 0x8000, 0x8000, 0x8000, 0x8000,
    0x8000, 0x8000, 0x8000, 0x8000, 0x8000, 0x8000, 0x8000, 0x8000, 0x8000, 0x8000, 0x8000, 0x8000, 0x0043, 0x0950, 0x1171, 0x533C,
    0x15B3, 0x04EC, 0x0950, 0x092E, 0x04EB, 0x11D5, 0x0D0B, 0x8000, 0x8000, 0x8000, 0x8000, 0x8000, 0x8000, 0x8000, 0x8000, 0x8000,
    0x8000, 0x8000, 0x8000, 0x8000, 0x8000, 0x8000, 0x8000, 0x8000, 0x8000, 0x8000, 0x8000, 0x8000, 0x8000, 0x8000, 0x8000, 0x8000,
    0x8000, 0x8000, 0x8000, 0x8000, 0x8000, 0x8000, 0x8000, 0x8000, 0x8000, 0x8000, 0x8000, 0x8000, 0x8000, 0x8000, 0x8000, 0x8000,
    0x8000, 0x8000, 0x8000, 0x8000, 0x8000, 0x8000, 0x8000, 0x8000, 0x8000, 0x8000, 0x8000, 0x8000, 0x8000, 0x8000, 0x8000, 0x8000,
    0x8000, 0x8000, 0x8000, 0x8000, 0x8000, 0x8000, 0x8000, 0x8000, 0x8000, 0x8000, 0x8000, 0x8000, 0x8000, 0x8000, 0x8000, 0x8000,
    0x8000, 0x8000, 0x8000, 0x8000, 0x8000, 0x8000, 0x8000, 0x8000, 0x8000, 0x8000, 0x8000, 0x8000, 0x8000, 0x8000, 0x8000, 0x8000,
    0x8000, 0x8000, 0x8000, 0x8000, 0x8000, 0x8000, 0x8000, 0x8000, 0x8000, 0x8000, 0x8000, 0x8000, 0x8000, 0x8000, 0x8000, 0x8000,
    0x8000, 0x8000, 0x8000, 0x8000, 0x8000, 0x8000, 0x8000, 0x8000, 0x8000, 0x8000, 0x8000, 0x8000, 0x08EB, 0x0950, 0x1DF4, 0x5F3B,
    0x04EC, 0x090E, 0x092F, 0x08EC, 0x04EB, 0x11F6, 0x08E9, 0x8000, 0x8000, 0x8000, 0x8000, 0x8000, 0x8000, 0x8000, 0x8000, 0x8000,
    0x8000, 0x8000, 0x8000, 0x8000, 0x8000, 0x8000, 0x8000, 0x8000, 0x8000, 0x8000, 0x8000, 0x8000, 0x8000, 0x8000, 0x8000, 0x8000,
    0x8000, 0x8000, 0x8000, 0x8000, 0x8000, 0x8000, 0x8000, 0x8000, 0x8000, 0x8000, 0x8000, 0x8000, 0x8000, 0x8000, 0x8000, 0x8000,
    0x8000, 0x8000, 0x8000, 0x8000, 0x8000, 0x8000, 0x8000, 0x8000, 0x8000, 0x8000, 0x8000, 0x8000, 0x8000, 0x8000, 0x8000, 0x8000,
    0x8000, 0x8000, 0x8000, 0x8000, 0x8000, 0x8000, 0x8000, 0x8000, 0x8000, 0x8000, 0x8000, 0x8000, 0x8000, 0x8000, 0x8000, 0x8000,
    0x8000, 0x8000, 0x8000, 0x8000, 0x8000, 0x8000, 0x8000, 0x8000, 0x8000, 0x8000, 0x8000, 0x8000, 0x8000, 0x8000, 0x8000, 0x8000,
    0x8000, 0x8000, 0x8000, 0x8000, 0x8000, 0x8000, 0x8000, 0x8000, 0x8000, 0x8000, 0x8000, 0x8000, 0x8000, 0x8000, 0x8000, 0x8000,
    0x8000, 0x8000, 0x8000, 0x8000, 0x8000, 0x8000, 0x8000, 0x8000, 0x8000, 0x8000, 0x8000, 0x0001, 0x0950, 0x094F, 0x46DA, 0x2E36,
    0x04CA, 0x092F, 0x090D, 0x04CA, 0x04EB, 0x11F6, 0x08EA, 0x8000, 0x8000, 0x8000, 0x8000, 0x8000, 0x8000, 0x8000, 0x8000, 0x8000,
    0x8000, 0x8000, 0x8000, 0x8000, 0x8000, 0x8000, 0x8000, 0x8000, 0x8000, 0x8000, 0x8000, 0x8000, 0x8000, 0x8000, 0x8000, 0x8000,
    0x8000, 0x8000, 0x8000, 0x8000, 0x8000, 0x8000, 0x8000, 0x8000, 0x8000, 0x8000, 0x8000, 0x8000, 0x8000, 0x8000, 0x8000, 0x8000,
    0x8000, 0x8000, 0x8000, 0x8000, 0x8000, 0x8000, 0x8000, 0x8000, 0x8000, 0x8000, 0x8000, 0x8000, 0x8000, 0x8000, 0x8000, 0x8000,
    0x8000, 0x8000, 0x8000, 0x8000, 0x8000, 0x8000, 0x8000, 0x8000, 0x8000, 0x8000, 0x8000, 0x8000, 0x8000, 0x8000, 0x8000, 0x8000,
    0x8000, 0x8000, 0x8000, 0x8000, 0x8000, 0x8000, 0x8000, 0x8000, 0x8000, 0x8000, 0x8000, 0x8000, 0x8000, 0x8000, 0x8000, 0x8000,
    0x8000, 0x8000, 0x8000, 0x8000, 0x8000, 0x8000, 0x8000, 0x8000, 0x8000, 0x8000, 0x8000, 0x8000, 0x8000, 0x8000, 0x8000, 0x8000,
    0x8000, 0x8000, 0x8000, 0x8000, 0x8000, 0x8000, 0x8000, 0x8000, 0x8000, 0x8000, 0x8000, 0x04A8, 0x0950, 0x0D71, 0x5F5C, 0x0D2E,
    0x04EB, 0x092F, 0x090C, 0x04C9, 0x090D, 0x0DF7, 0x04A8, 0x8000, 0x8000, 0x8000, 0x8000, 0x8000, 0x8000, 0x8000, 0x8000, 0x8000,
    0x8000, 0x8000, 0x8000, 0x8000, 0x8000, 0x8000, 0x8000, 0x8000, 0x8000, 0x8000, 0x8000, 0x8000, 0x8000, 0x8000, 0x8000, 0x8000,
    0x8000, 0x8000, 0x8000, 0x8000, 0x8000, 0x8000, 0x8000, 0x8000, 0x8000, 0x8000, 0x8000, 0x8000, 0x8000, 0x8000, 0x8000, 0x8000,
    0x8000, 0x8000, 0x8000, 0x8000, 0x8000, 0x8000, 0x8000, 0x8000, 0x8000, 0x8000, 0x8000, 0x8000, 0x8000, 0x8000, 0x8000, 0x8000,
    0x8000, 0x8000, 0x8000, 0x8000, 0x8000, 0x8000, 0x8000, 0x8000, 0x8000, 0x8000, 0x8000, 0x8000, 0x8000, 0x8000, 0x8000, 0x8000,
    0x8000, 0x8000, 0x8000, 0x8000, 0x8000, 0x8000, 0x8000, 0x8000, 0x8000, 0x8000, 0x8000, 0x8000, 0x8000, 0x8000, 0x8000, 0x8000,
    0x8000, 0x8000, 0x8000, 0x8000, 0x8000, 0x8000, 0x8000, 0x8000, 0x8000, 0x8000, 0x8000, 0x8000, 0x8000, 0x8000, 0x8000, 0x8000,
    0x8000, 0x8000, 0x8000, 0x8000, 0x8000, 0x8000, 0x8000, 0x8000, 0x8000, 0x8000, 0x8000, 0x092F, 0x04EC, 0x2636, 0x573C, 0x08CA,
    0x04EC, 0x090D, 0x04EB, 0x04A8, 0x092E, 0x0DB4, 0x0065, 0x8000, 0x8000, 0x8000, 0x8000, 0x8000, 0x8000, 0x8000, 0x8000, 0x8000,
    0x8000, 0x8000, 0x8000, 0x8000, 0x8000, 0x8000, 0x8000, 0x8000, 0x8000, 0x8000, 0x8000, 0x8000, 0x8000, 0x8000, 0x8000, 0x8000,
    0x8000, 0x8000, 0x8000, 0x8000, 0x8000, 0x8000, 0x8000, 0x8000, 0x8000, 0x8000, 0x8000, 0x8000, 0x8000, 0x8000, 0x8000, 0x8000,
    0x8000, 0x8000, 0x8000, 0x8000, 0x8000, 0x8000, 0x8000, 0x8000, 0x8000, 0x8000, 0x8000, 0x8000, 0x8000, 0x8000, 0x8000, 0x8000,
    0x8000, 0x8000, 0x8000, 0x8000, 0x8000, 0x8000, 0x8000, 0x8000, 0x8000, 0x8000, 0x8000, 0x8000, 0x8000, 0x8000, 0x8000, 0x8000,
    0x8000, 0x8000, 0x8000, 0x8000, 0x8000, 0x8000, 0x8000, 0x8000, 0x8000, 0x8000, 0x8000, 0x8000, 0x8000, 0x8000, 0x8000, 0x8000,
    0x8000, 0x8000, 0x8000, 0x8000, 0x8000, 0x8000, 0x8000, 0x8000, 0x8000, 0x8000, 0x8000, 0x8000, 0x8000, 0x8000, 0x8000, 0x8000,
    0x8000, 0x8000, 0x8000, 0x8000, 0x8000, 0x8000, 0x8000, 0x8000, 0x8000, 0x8000, 0x0065, 0x0D50, 0x00EC, 0x4EFA, 0x2615, 0x00A9,
    0x04EC, 0x04EC, 0x04CA, 0x04A8, 0x0D70, 0x0D72, 0x0022, 0x8000, 0x8000, 0x8000, 0x8000, 0x8000, 0x8000, 0x8000, 0x8000, 0x8000,
    0x8000, 0x8000, 0x8000, 0x8000, 0x8000, 0x8000, 0x8000, 0x8000, 0x8000, 0x8000, 0x8000, 0x8000, 0x8000, 0x8000, 0x8000, 0x8000,
    0x8000, 0x8000, 0x8000, 0x8000, 0x8000, 0x8000, 0x8000, 0x8000, 0x8000, 0x8000, 0x8000, 0x8000, 0x8000, 0x8000, 0x8000, 0x8000,
    0x8000, 0x8000, 0x8000, 0x8000, 0x8000, 0x8000, 0x8000, 0x8000, 0x8000, 0x8000, 0x8000, 0x8000, 0x8000, 0x8000, 0x8000, 0x8000,
    0x8000, 0x8000, 0x8000, 0x8000, 0x8000, 0x8000, 0x8000, 0x8000, 0x8000, 0x8000, 0x8000, 0x8000, 0x8000, 0x8000, 0x8000, 0x8000,
    0x8000, 0x8000, 0x8000, 0x8000, 0x8000, 0x8000, 0x8000, 0x8000, 0x8000, 0x8000, 0x8000, 0x8000, 0x8000, 0x8000, 0x8000, 0x8000,
    0x8000, 0x8000, 0x8000, 0x8000, 0x8000, 0x8000, 0x8000, 0x8000, 0x8000, 0x8000, 0x8000, 0x8000, 0x8000, 0x8000, 0x8000, 0x8000,
    0x8000, 0x8000, 0x8000, 0x8000, 0x8000, 0x8000, 0x8000, 0x8000, 0x8000, 0x8000, 0x090C, 0x08EC, 0x1192, 0x5B3C, 0x112C, 0x0088,
    0x090C, 0x050D, 0x04CA, 0x04A9, 0x0D71, 0x094F, 0x0001, 0x8000, 0x8000, 0x8000, 0x8000, 0x8000, 0x8000, 0x8000, 0x8000, 0x8000,
    0x8000, 0x8000, 0x8000, 0x8000, 0x8000, 0x8000, 0x8000, 0x8000, 0x8000, 0x8000, 0x8000, 0x8000, 0x8000, 0x8000, 0x8000, 0x8000,
    0x8000, 0x8000, 0x8000, 0x8000, 0x8000, 0x8000, 0x8000, 0x8000, 0x8000, 0x8000, 0x8000, 0x8000, 0x8000, 0x8000, 0x8000, 0x8000,
    0x8000, 0x8000, 0x8000, 0x8000, 0x8000, 0x8000, 0x8000, 0x8000, 0x8000, 0x8000, 0x8000, 0x8000, 0x8000, 0x8000, 0x8000, 0x8000,
    0x8000, 0x8000, 0x8000, 0x8000, 0x8000, 0x8000, 0x8000, 0x8000, 0x8000, 0x8000, 0x8000, 0x8000, 0x8000, 0x8000, 0x8000, 0x8000,
    0x8000, 0x8000, 0x8000, 0x8000, 0x8000, 0x8000, 0x8000, 0x8000, 0x8000, 0x8000, 0x8000, 0x8000, 0x8000, 0x8000, 0x8000, 0x8000,
    0x8000, 0x8000, 0x8000, 0x8000, 0x8000, 0x8000, 0x8000, 0x8000, 0x8000, 0x8000, 0x8000, 0x8000, 0x8000, 0x8000, 0x8000, 0x8000,
    0x8000, 0x8000, 0x8000, 0x8000, 0x8000, 0x8000, 0x8000, 0x8000, 0x8000, 0x0064, 0x0D50, 0x00A9, 0x3677, 0x3ADB, 0x04A9, 0x04A9,
    0x050D, 0x090D, 0x04EB, 0x04CA, 0x0DB3, 0x092D, 0x8000, 0x8000, 0x8000, 0x8000, 0x8000, 0x8000, 0x8000, 0x8000, 0x8000, 0x8000,
    0x8000, 0x8000, 0x8000, 0x8000, 0x8000, 0x8000, 0x8000, 0x8000, 0x8000, 0x8000, 0x8000, 0x8000, 0x8000, 0x8000, 0x8000, 0x8000,
    0x8000, 0x8000, 0x8000, 0x8000, 0x8000, 0x8000, 0x8000, 0x8000, 0x8000, 0x8000, 0x8000, 0x8000, 0x8000, 0x8000, 0x8000, 0x8000,
    0x8000, 0x8000, 0x8000, 0x8000, 0x8000, 0x8000, 0x8000, 0x8000, 0x8000, 0x8000, 0x8000, 0x8000, 0x8000, 0x8000, 0x8000, 0x8000,
    0x8000, 0x8000, 0x8000, 0x8000, 0x8000, 0x8000, 0x8000, 0x8000, 0x8000, 0x8000, 0x8000, 0x8000, 0x8000, 0x8000, 0x8000, 0x8000,
    0x8000, 0x8000, 0x8000, 0x8000, 0x8000, 0x8000, 0x8000, 0x8000, 0x8000, 0x8000, 0x8000, 0x8000, 0x8000, 0x8000, 0x8000, 0x8000,
    0x8000, 0x8000, 0x8000, 0x8000, 0x8000, 0x8000, 0x8000, 0x8000, 0x8000, 0x8000, 0x8000, 0x8000, 0x8000, 0x8000, 0x8000, 0x8000,
    0x8000, 0x8000, 0x8000, 0x8000, 0x8000, 0x8000, 0x8000, 0x8000, 0x8000, 0x08EB, 0x0D2E, 0x00EC, 0x4F1C, 0x25F3, 0x0089, 0x04CA,
    0x04EC, 0x090D, 0x04EB, 0x04CA, 0x0DB4, 0x090B, 0x8000, 0x8000, 0x8000, 0x8000, 0x8000, 0x8000, 0x8000, 0x8000, 0x8000, 0x8000,
    0x8000, 0x8000, 0x8000, 0x8000, 0x8000, 0x8000, 0x8000, 0x8000, 0x8000, 0x8000, 0x8000, 0x8000, 0x8000, 0x8000, 0x8000, 0x8000,
    0x8000, 0x8000, 0x8000, 0x8000, 0x8000, 0x8000, 0x8000, 0x8000, 0x8000, 0x8000, 0x8000, 0x8000, 0x8000, 0x8000, 0x8000, 0x8000,
    0x8000, 0x8000, 0x8000, 0x8000, 0x8000, 0x8000, 0x8000, 0x8000, 0x8000, 0x8000, 0x8000, 0x8000, 0x8000, 0x8000, 0x8000, 0x8000,
    0x8000, 0x8000, 0x8000, 0x8000, 0x8000, 0x8000, 0x8000, 0x8000, 0x8000, 0x8000, 0x8000, 0x8000, 0x8000, 0x8000, 0x8000, 0x8000,
    0x8000, 0x8000, 0x8000, 0x8000, 0x8000, 0x8000, 0x8000, 0x8000, 0x8000, 0x8000, 0x8000, 0x8000, 0x8000, 0x8000, 0x8000, 0x8000,
    0x8000, 0x8000, 0x8000, 0x8000, 0x8000, 0x8000, 0x8000, 0x8000, 0x8000, 0x8000, 0x8000, 0x8000, 0x8000, 0x8000, 0x8000, 0x8000,
    0x8000, 0x8000, 0x8000, 0x8000, 0x8000, 0x8000, 0x8000, 0x8000, 0x0001, 0x0D4F, 0x04CB, 0x21B1, 0x431D, 0x0D0D, 0x00A8, 0x04EB,
    0x04EC, 0x04EC, 0x04EB, 0x04EB, 0x0DB4, 0x04CA, 0x8000, 0x8000, 0x8000, 0x8000, 0x8000, 0x8000, 0x8000, 0x8000, 0x8000, 0x8000,
    0x8000, 0x8000, 0x8000, 0x8000, 0x8000, 0x8000, 0x8000, 0x8000, 0x8000, 0x8000, 0x8000, 0x8000, 0x8000, 0x8000, 0x8000, 0x8000,
    0x8000, 0x8000, 0x8000, 0x8000, 0x8000, 0x8000, 0x8000, 0x8000, 0x8000, 0x8000, 0x8000, 0x8000, 0x8000, 0x8000, 0x8000, 0x8000,
    0x8000, 0x8000, 0x8000, 0x8000, 0x8000, 0x8000, 0x8000, 0x8000, 0x8000, 0x8000, 0x8000, 0x8000, 0x8000, 0x8000, 0x8000, 0x8000,
    0x8000, 0x8000, 0x8000, 0x8000, 0x8000, 0x8000, 0x8000, 0x8000, 0x8000, 0x8000, 0x8000, 0x8000, 0x8000, 0x8000, 0x8000, 0x8000,
    0x8000, 0x8000, 0x8000, 0x8000, 0x8000, 0x8000, 0x8000, 0x8000, 0x8000, 0x8000, 0x8000, 0x8000, 0x8000, 0x8000, 0x8000, 0x8000,
    0x8000, 0x8000, 0x8000, 0x8000, 0x8000, 0x8000, 0x8000, 0x8000, 0x8000, 0x8000, 0x8000, 0x8000, 0x8000, 0x8000, 0x8000, 0x8000,
    0x8000, 0x8000, 0x8000, 0x8000, 0x8000, 0x8000, 0x8000, 0x8000, 0x0487, 0x0D70, 0x0089, 0x4298, 0x3257, 0x0089, 0x04A9, 0x08EC,
    0x04EC, 0x04EC, 0x04EB, 0x04CB, 0x0DB4, 0x04CA, 0x8000, 0x8000, 0x8000, 0x8000, 0x8000, 0x8000, 0x8000, 0x8000, 0x8000, 0x8000,
    0x8000, 0x8000, 0x8000, 0x8000, 0x8000, 0x8000, 0x8000, 0x8000, 0x8000, 0x8000, 0x8000, 0x8000, 0x8000, 0x8000, 0x8000, 0x8000,
    0x8000, 0x8000, 0x8000, 0x8000, 0x8000, 0x8000, 0x8000, 0x8000, 0x8000, 0x8000, 0x8000, 0x8000, 0x8000, 0x8000, 0x8000, 0x8000,
    0x8000, 0x8000, 0x8000, 0x8000, 0x8000, 0x8000, 0x8000, 0x8000, 0x8000, 0x8000, 0x8000, 0x8000, 0x8000, 0x8000, 0x8000, 0x8000,
    0x8000, 0x8000, 0x8000, 0x8000, 0x8000, 0x8000, 0x8000, 0x8000, 0x8000, 0x8000, 0x8000, 0x8000, 0x8000, 0x8000, 0x8000, 0x8000,
    0x8000, 0x8000, 0x8000, 0x8000, 0x8000, 0x8000, 0x8000, 0x8000, 0x8000, 0x8000, 0x8000, 0x8000, 0x8000, 0x8000, 0x8000, 0x8000,
    0x8000, 0x8000, 0x8000, 0x8000, 0x8000, 0x8000, 0x8000, 0x8000, 0x8000, 0x8000, 0x8000, 0x8000, 0x8000, 0x8000, 0x8000, 0x8000,
    0x8000, 0x8000, 0x8000, 0x8000, 0x8000, 0x8000, 0x8000, 0x8000, 0x090D, 0x090D, 0x050C, 0x4F1C, 0x25D1, 0x0088, 0x08EB, 0x04EC,
    0x04EC, 0x04EC, 0x04EB, 0x04CA, 0x0DB4, 0x08EA, 0x8000, 0x8000, 0x8000, 0x8000, 0x0C42, 0x1CC6, 0x292A, 0x358D, 0x39CE, 0x35AD,
    0x358C, 0x2D4A, 0x24E8, 0x1084, 0x8000, 0x8000, 0x8000, 0x8000, 0x8000, 0x8000, 0x8000, 0x8000, 0x8000, 0x196E, 0x08EA, 0x8000,
    0x8000, 0x8000, 0x8000, 0x8000, 0x8000, 0x8000, 0x8000, 0x8000, 0x8000, 0x8000, 0x8000, 0x8000, 0x8000, 0x8000, 0x8000, 0x8000,
    0x8000, 0x8000, 0x8000, 0x8000, 0x8000, 0x8000, 0x8000, 0x8000, 0x8000, 0x8000, 0x8000, 0x8000, 0x8000, 0x8000, 0x8000, 0x8000,
    0x8000, 0x8000, 0x8000, 0x8000, 0x8000, 0x8000, 0x8000, 0x8000, 0x8000, 0x8000, 0x8000, 0x8000, 0x8000, 0x8000, 0x8000, 0x8000,
    0x8000, 0x8000, 0x8000, 0x8000, 0x8000, 0x8000, 0x8000, 0x8000, 0x8000, 0x8000, 0x8000, 0x8000, 0x8000, 0x8000, 0x8000, 0x8000,
    0x8000, 0x8000, 0x8000, 0x8000, 0x8000, 0x8000, 0x8000, 0x8000, 0x8000, 0x8000, 0x8000, 0x8000, 0x8000, 0x8000, 0x8000, 0x8000,
    0x8000, 0x8000, 0x8000, 0x8000, 0x8000, 0x8000, 0x8000, 0x0064, 0x0D71, 0x0088, 0x2A14, 0x42DA, 0x00EC, 0x08EC, 0x04EB, 0x04CB,
    0x04EC, 0x04EC, 0x04EB, 0x04EB, 0x0DB5, 0x08EA, 0x8000, 0x0C63, 0x1CC6, 0x2508, 0x316B, 0x4A32, 0x56B5, 0x4E73, 0x3DCE, 0x2D4A,
    0x20E8, 0x2508, 0x2508, 0x2509, 0x2909, 0x20E8, 0x1084, 0x8000, 0x8000, 0x8000, 0x8000, 0x8000, 0x8000, 0x4A95, 0x2615, 0x0087,
    0x8000, 0x8000, 0x8000, 0x8000, 0x8000, 0x8000, 0x8000, 0x8000, 0x8000, 0x8000, 0x8000, 0x8000, 0x8000, 0x8000, 0x8000, 0x8000,
    0x8000, 0x8000, 0x8000, 0x8000, 0x8000, 0x8000, 0x8000, 0x8000, 0x8000, 0x8000, 0x8000, 0x8000, 0x8000, 0x8000, 0x8000, 0x8000,
    0x8000, 0x8000, 0x8000, 0x8000, 0x8000, 0x8000, 0x8000, 0x8000, 0x8000, 0x8000, 0x8000, 0x8000, 0x8000, 0x8000, 0x8000, 0x8000,
    0x8000, 0x8000, 0x8000, 0x8000, 0x8000, 0x8000, 0x8000, 0x8000, 0x8000, 0x8000, 0x8000, 0x8000, 0x8000, 0x8000, 0x8000, 0x8000,
    0x8000, 0x8000, 0x8000, 0x8000, 0x8000, 0x8000, 0x8000, 0x8000, 0x8000, 0x8000, 0x8000, 0x8000, 0x8000, 0x8000, 0x8000, 0x8000,
    0x8000, 0x8000, 0x8000, 0x8000, 0x8000, 0x8000, 0x8000, 0x090D, 0x0D4F, 0x0088, 0x571B, 0x4298, 0x0D71, 0x0D72, 0x0950, 0x092E,
    0x090D, 0x050C, 0x04CA, 0x04CB, 0x0D72, 0x04EB, 0x0C42, 0x20E7, 0x316B, 0x4631, 0x5294, 0x3DEF, 0x2929, 0x1CC6, 0x18A5, 0x1CC6,
    0x1CC6, 0x14A5, 0x1484, 0x1484, 0x1484, 0x1CC6, 0x2909, 0x2508, 0x0C42, 0x8000, 0x8000, 0x8000, 0x8000, 0x1570, 0x42DB, 0x090E,
    0x0065, 0x8000, 0x8000, 0x8000, 0x8000, 0x8000, 0x8000, 0x8000, 0x8000, 0x8000, 0x8000, 0x8000, 0x8000, 0x8000, 0x8000, 0x8000,
    0x8000, 0x8000, 0x8000, 0x8000, 0x8000, 0x8000, 0x8000, 0x8000, 0x8000, 0x8000, 0x8000, 0x8000, 0x8000, 0x8000, 0x8000, 0x8000,
    0x8000, 0x8000, 0x8000, 0x8000, 0x8000, 0x8000, 0x8000, 0x8000, 0x8000, 0x8000, 0x8000, 0x8000, 0x8000, 0x8000, 0x8000, 0x8000,
    0x8000, 0x8000, 0x8000, 0x8000, 0x8000, 0x8000, 0x8000, 0x8000, 0x8000, 0x8000, 0x8000, 0x8000, 0x8000, 0x8000, 0x8000, 0x8000,
    0x8000, 0x8000, 0x8000, 0x8000, 0x8000, 0x8000, 0x8000, 0x8000, 0x8000, 0x8000, 0x8000, 0x8000, 0x8000, 0x8000, 0x8000, 0x8000,
    0x8000, 0x8000, 0x8000, 0x8000, 0x8000, 0x8000, 0x0044, 0x0D92, 0x00A9, 0x19B2, 0x6FBE, 0x633B, 0x3678, 0x19F6, 0x11D5, 0x0DD5,
    0x0DB5, 0x0972, 0x094F, 0x092E, 0x0D72, 0x092E, 0x0022, 0x0842, 0x18A5, 0x2508, 0x2D4B, 0x2929, 0x2509, 0x316B, 0x316B, 0x292A,
    0x2508, 0x20E8, 0x1CC6, 0x14A4, 0x1063, 0x0842, 0x0C42, 0x1CC6, 0x2508, 0x1063, 0x8000, 0x8000, 0x8000, 0x050D, 0x2238, 0x1DD3,
    0x00A9, 0x0022, 0x8000, 0x8000, 0x8000, 0x8000, 0x8000, 0x8000, 0x8000, 0x8000, 0x8000, 0x8000, 0x8000, 0x8000, 0x8000, 0x8000,
    0x8000, 0x8000, 0x8000, 0x8000, 0x8000, 0x8000, 0x8000, 0x8000, 0x8000, 0x8000, 0x8000, 0x8000, 0x8000, 0x8000, 0x8000, 0x8000,
    0x8000, 0x8000, 0x8000, 0x8000, 0x8000, 0x8000, 0x8000, 0x8000, 0x8000, 0x8000, 0x8000, 0x8000, 0x8000, 0x8000, 0x8000, 0x8000,
    0x8000, 0x8000, 0x8000, 0x8000, 0x8000, 0x8000, 0x8000, 0x8000, 0x8000, 0x8000, 0x8000, 0x8000, 0x8000, 0x8000, 0x8000, 0x8000,
    0x8000, 0x8000, 0x8000, 0x8000, 0x8000, 0x8000, 0x8000, 0x8000, 0x8000, 0x8000, 0x8000, 0x8000, 0x8000, 0x8000, 0x8000, 0x8000,
    0x8000, 0x8000, 0x8000, 0x8000, 0x8000, 0x8000, 0x04CA, 0x0D4F, 0x00A9, 0x21F5, 0x6B9D, 0x0D2D, 0x00AA, 0x0488, 0x04CA, 0x04EC,
    0x090C, 0x04EC, 0x092E, 0x092F, 0x0D93, 0x0D92, 0x0065, 0x0400, 0x0842, 0x0C62, 0x0C63, 0x316B, 0x4E74, 0x4210, 0x41F0, 0x358D,
    0x2D4B, 0x2508, 0x20C7, 0x18C5, 0x1484, 0x1063, 0x0C42, 0x0821, 0x1063, 0x20E7, 0x0C63, 0x8000, 0x8000, 0x0D4F, 0x0972, 0x2216,
    0x0D2E, 0x00A8, 0x8000, 0x8000, 0x8000, 0x8000, 0x8000, 0x8000, 0x8000, 0x8000, 0x8000, 0x8000, 0x8000, 0x8000, 0x8000, 0x8000,
    0x8000, 0x8000, 0x8000, 0x8000, 0x8000, 0x8000, 0x8000, 0x8000, 0x8000, 0x8000, 0x8000, 0x8000, 0x8000, 0x8000, 0x8000, 0x8000,
    0x8000, 0x8000, 0x8000, 0x8000, 0x8000, 0x8000, 0x8000, 0x8000, 0x8000, 0x8000, 0x8000, 0x8000, 0x8000, 0x8000, 0x8000, 0x8000,
    0x8000, 0x8000, 0x8000, 0x8000, 0x8000, 0x8000, 0x8000, 0x8000, 0x8000, 0x8000, 0x8000, 0x8000, 0x8000, 0x8000, 0x8000, 0x8000,
    0x8000, 0x8000, 0x8000, 0x8000, 0x8000, 0x8000, 0x8000, 0x8000, 0x8000, 0x8000, 0x8000, 0x8000, 0x8000, 0x8000, 0x8000, 0x8000,
    0x8000, 0x8000, 0x8000, 0x8000, 0x8000, 0x0021, 0x0D72, 0x08EB, 0x0067, 0x3A55, 0x531C, 0x04CA, 0x04CA, 0x04CA, 0x04CA, 0x04A8,
    0x0487, 0x0487, 0x0066, 0x0066, 0x04EB, 0x04A9, 0x0022, 0x8000, 0x8000, 0x8000, 0x0C63, 0x1063, 0x316B, 0x56B6, 0x3DCF, 0x358D,
    0x2D4A, 0x2929, 0x20E7, 0x1CC6, 0x14A5, 0x1484, 0x0C63, 0x0842, 0x0421, 0x1063, 0x24E8, 0x0842, 0x8000, 0x15D4, 0x0950, 0x15B3,
    0x19D4, 0x00A9, 0x0044, 0x8000, 0x8000, 0x8000, 0x8000, 0x8000, 0x8000, 0x8000, 0x8000, 0x8000, 0x8000, 0x8000, 0x8000, 0x8000,
    0x8000, 0x8000, 0x8000, 0x8000, 0x8000, 0x8000, 0x8000, 0x8000, 0x8000, 0x8000, 0x8000, 0x8000, 0x8000, 0x8000, 0x8000, 0x8000,
    0x8000, 0x8000, 0x8000, 0x8000, 0x8000, 0x8000, 0x8000, 0x8000, 0x8000, 0x8000, 0x8000, 0x8000, 0x8000, 0x8000, 0x8000, 0x8000,
    0x8000, 0x8000, 0x8000, 0x8000, 0x8000, 0x8000, 0x8000, 0x8000, 0x8000, 0x8000, 0x8000, 0x8000, 0x8000, 0x8000, 0x8000, 0x8000,
    0x8000, 0x8000, 0x8000, 0x8000, 0x8000, 0x8000, 0x8000, 0x8000, 0x8000, 0x8000, 0x8000, 0x8000, 0x8000, 0x8000, 0x8000, 0x8000,
    0x8000, 0x8000, 0x8000, 0x8000, 0x8000, 0x04C9, 0x0950, 0x0487, 0x00A9, 0x52F9, 0x3256, 0x00AA, 0x08EB, 0x04EC, 0x04EB, 0x04CA,
    0x04CA, 0x04A9, 0x0487, 0x090C, 0x00A8, 0x8000, 0x0C42, 0x1CC6, 0x1484, 0x0421, 0x8000, 0x1084, 0x1484, 0x358C, 0x41F0, 0x316C,
    0x2D29, 0x1CE8, 0x10C8, 0x1CC6, 0x18A5, 0x1484, 0x1063, 0x0C42, 0x0842, 0x0421, 0x1484, 0x18A5, 0x0044, 0x15F5, 0x094F, 0x0950,
    0x15F6, 0x04A9, 0x0088, 0x8000, 0x8000, 0x8000, 0x8000, 0x8000, 0x8000, 0x8000, 0x8000, 0x8000, 0x8000, 0x8000, 0x8000, 0x8000,
    0x8000, 0x8000, 0x8000, 0x8000, 0x8000, 0x8000, 0x8000, 0x8000, 0x8000, 0x8000, 0x8000, 0x8000, 0x8000, 0x8000, 0x8000, 0x8000,
    0x8000, 0x8000, 0x8000, 0x8000, 0x8000, 0x8000, 0x8000, 0x8000, 0x8000, 0x8000, 0x8000, 0x8000, 0x8000, 0x8000, 0x8000, 0x8000,
    0x8000, 0x8000, 0x8000, 0x8000, 0x8000, 0x8000, 0x8000, 0x8000, 0x8000, 0x8000, 0x8000, 0x8000, 0x8000, 0x8000, 0x8000, 0x8000,
    0x8000, 0x8000, 0x8000, 0x8000, 0x8000, 0x8000, 0x8000, 0x8000, 0x8000, 0x8000, 0x8000, 0x8000, 0x8000, 0x8000, 0x8000, 0x8000,
    0x8000, 0x8000, 0x8000, 0x8000, 0x8000, 0x0044, 0x092E, 0x04A9, 0x052E, 0x573C, 0x2DF2, 0x00EC, 0x090D, 0x04EC, 0x090D, 0x04EC,
    0x04EC, 0x04C9, 0x08EB, 0x090D, 0x0001, 0x0821, 0x1CC6, 0x5AD7, 0x5AB6, 0x18A5, 0x8000, 0x0400, 0x1484, 0x18A5, 0x39AE, 0x2D4B,
    0x20E7, 0x296C, 0x3213, 0x0C42, 0x1CC6, 0x1484, 0x1063, 0x0C42, 0x0841, 0x0821, 0x0842, 0x1462, 0x0D4E, 0x11F6, 0x0950, 0x092E,
    0x0DB4, 0x092E, 0x0088, 0x8000, 0x8000, 0x8000, 0x8000, 0x8000, 0x8000, 0x0400, 0x8000, 0x0400, 0x0400, 0x0400, 0x8000, 0x8000,
    0x8000, 0x8000, 0x8000, 0x8000, 0x8000, 0x8000, 0x8000, 0x8000, 0x8000, 0x8000, 0x8000, 0x8000, 0x8000, 0x8000, 0x8000, 0x8000,
    0x8000, 0x8000, 0x8000, 0x8000, 0x8000, 0x8000, 0x8000, 0x8000, 0x8000, 0x8000, 0x8000, 0x8000, 0x8000, 0x8000, 0x8000, 0x8000,
    0x8000, 0x8000, 0x8000, 0x8000, 0x8000, 0x8000, 0x8000, 0x8000, 0x8000, 0x8000, 0x8000, 0x8000, 0x8000, 0x8000, 0x8000, 0x8000,
    0x8000, 0x8000, 0x8000, 0x8000, 0x8000, 0x8000, 0x8000, 0x8000, 0x8000, 0x8000, 0x8000, 0x8000, 0x8000, 0x8000, 0x8000, 0x0022,
    0x21B0, 0x8000, 0x8000, 0x8000, 0x8000, 0x8000, 0x08EC, 0x04CA, 0x1191, 0x5F7E, 0x25B0, 0x010E, 0x0950, 0x090D, 0x090E, 0x092E,
    0x08EC, 0x04CA, 0x0950, 0x0487, 0x8000, 0x0842, 0x4210, 0x5AD6, 0x5295, 0x2D6B, 0x0821, 0x8000, 0x0421, 0x1084, 0x2508, 0x316B,
    0x14A5, 0x218F, 0x2A35, 0x0065, 0x1884, 0x1484, 0x1063, 0x0C63, 0x0842, 0x0421, 0x0821, 0x0864, 0x19F6, 0x0D72, 0x092E, 0x090D,
    0x0D72, 0x15B3, 0x0066, 0x8000, 0x8000, 0x8000, 0x8000, 0x0C21, 0x3063, 0x50E5, 0x5527, 0x54E5, 0x5483, 0x5041, 0x4820, 0x3800,
    0x1000, 0x0400, 0x8000, 0x8000, 0x8000, 0x8000, 0x8000, 0x8000, 0x8000, 0x8000, 0x8000, 0x8000, 0x8000, 0x8000, 0x8000, 0x8000,
    0x8000, 0x8000, 0x8000, 0x8000, 0x8000, 0x8000, 0x8000, 0x8000, 0x8000, 0x8000, 0x8000, 0x8000, 0x8000, 0x8000, 0x8000, 0x8000,
    0x8000, 0x8000, 0x8000, 0x8000, 0x8000, 0x8000, 0x8000, 0x8000, 0x8000, 0x8000, 0x8000, 0x8000, 0x8000, 0x8000, 0x8000, 0x8000,
    0x8000, 0x8000, 0x8000, 0x8000, 0x8000, 0x8000, 0x8000, 0x8000, 0x8000, 0x8000, 0x8000, 0x8000, 0x8000, 0x8000, 0x8000, 0x192C,
    0x21F4, 0x0022, 0x8000, 0x8000, 0x8000, 0x0001, 0x090C, 0x00ED, 0x3214, 0x573D, 0x1170, 0x0950, 0x0971, 0x0950, 0x0950, 0x092E,
    0x08EC, 0x092E, 0x0950, 0x0002, 0x0420, 0x1CC6, 0x41EF, 0x2D4A, 0x39AE, 0x4611, 0x0C42, 0x8000, 0x8000, 0x1063, 0x1484, 0x2508,
    0x0C84, 0x3277, 0x0950, 0x090C, 0x0C42, 0x1484, 0x1063, 0x0C63, 0x0C42, 0x0821, 0x0001, 0x19D3, 0x19F5, 0x092F, 0x0D50, 0x092E,
    0x1192, 0x2615, 0x0044, 0x8000, 0x8000, 0x0400, 0x3084, 0x5D69, 0x5948, 0x58C5, 0x5462, 0x4C20, 0x4400, 0x4000, 0x3C00, 0x4000,
    0x4400, 0x3C00, 0x1000, 0x8000, 0x2842, 0x2CA4, 0x2C62, 0x2421, 0x1400, 0x8000, 0x8000, 0x8000, 0x8000, 0x8000, 0x8000, 0x8000,
    0x8000, 0x8000, 0x8000, 0x8000, 0x8000, 0x8000, 0x8000, 0x8000, 0x8000, 0x8000, 0x8000, 0x8000, 0x8000, 0x8000, 0x8000, 0x8000,
    0x8000, 0x8000, 0x8000, 0x8000, 0x8000, 0x8000, 0x8000, 0x8000, 0x8000, 0x8000, 0x8000, 0x8000, 0x8000, 0x8000, 0x8000, 0x8000,
    0x8000, 0x8000, 0x8000, 0x8000, 0x8000, 0x8000, 0x8000, 0x8000, 0x8000, 0x8000, 0x8000, 0x8000, 0x8000, 0x8000, 0x0001, 0x29D1,
    0x114F, 0x0066, 0x8000, 0x8000, 0x8000, 0x04C9, 0x094F, 0x010F, 0x4297, 0x3EDA, 0x052F, 0x0D93, 0x15F6, 0x0D93, 0x0951, 0x04EC,
    0x04C9, 0x0950, 0x092F, 0x8000, 0x0C62, 0x2508, 0x2508, 0x2929, 0x2D4B, 0x4E53, 0x18A5, 0x8000, 0x8000, 0x0C42, 0x1484, 0x0C63,
    0x29B0, 0x25F4, 0x04CA, 0x11B5, 0x0486, 0x0C41, 0x0C63, 0x0C42, 0x0400, 0x0001, 0x21F3, 0x2238, 0x0950, 0x0D71, 0x0950, 0x0971,
    0x11F6, 0x08EB, 0x0045, 0x8000, 0x0800, 0x44C5, 0x5D69, 0x5483, 0x4C00, 0x4000, 0x3000, 0x2800, 0x2000, 0x2000, 0x2800, 0x2C00,
    0x2C00, 0x3400, 0x3800, 0x2C00, 0x40A4, 0x4D06, 0x54C4, 0x6082, 0x5462, 0x3441, 0x1000, 0x8000, 0x8000, 0x8000, 0x8000, 0x8000,
    0x8000, 0x8000, 0x8000, 0x8000, 0x8000, 0x8000, 0x8000, 0x8000, 0x8000, 0x8000, 0x8000, 0x8000, 0x8000, 0x8000, 0x8000, 0x8000,
    0x8000, 0x8000, 0x8000, 0x8000, 0x8000, 0x8000, 0x8000, 0x8000, 0x8000, 0x8000, 0x8000, 0x8000, 0x8000, 0x8000, 0x8000, 0x8000,
    0x8000, 0x8000, 0x8000, 0x8000, 0x8000, 0x8000, 0x8000, 0x8000, 0x8000, 0x8000, 0x8000, 0x8000, 0x8000, 0x8000, 0x0065, 0x1A17,
    0x090C, 0x0066, 0x8000, 0x8000, 0x0023, 0x0D4F, 0x090D, 0x0151, 0x46B8, 0x3A77, 0x0130, 0x11D5, 0x1A38, 0x0972, 0x04EC, 0x04CA,
    0x04A8, 0x0D72, 0x094F, 0x8000, 0x0C42, 0x1CC6, 0x2D4A, 0x316B, 0x2909, 0x3DCF, 0x294A, 0x0841, 0x8000, 0x0421, 0x0C42, 0x0486,
    0x36BB, 0x092E, 0x04EC, 0x0D71, 0x0950, 0x0422, 0x0821, 0x8000, 0x0087, 0x2E56, 0x2A79, 0x0951, 0x0D93, 0x0971, 0x0950, 0x11F6,
    0x092E, 0x0044, 0x0001, 0x0800, 0x40A4, 0x5CE5, 0x5000, 0x4400, 0x3800, 0x2C00, 0x2C00, 0x3400, 0x3C20, 0x4420, 0x4400, 0x4000,
    0x3400, 0x2C00, 0x2800, 0x3000, 0x1800, 0x1021, 0x1021, 0x1800, 0x3C41, 0x5C62, 0x4C61, 0x3000, 0x1000, 0x8000, 0x8000, 0x8000,
    0x8000, 0x8000, 0x8000, 0x8000, 0x8000, 0x8000, 0x8000, 0x8000, 0x8000, 0x8000, 0x8000, 0x8000, 0x8000, 0x8000, 0x8000, 0x8000,
    0x8000, 0x8000, 0x8000, 0x8000, 0x8000, 0x8000, 0x8000, 0x8000, 0x8000, 0x8000, 0x8000, 0x8000, 0x8000, 0x8000, 0x8000, 0x8000,
    0x8000, 0x8000, 0x8000, 0x8000, 0x8000, 0x8000, 0x8000, 0x8000, 0x8000, 0x8000, 0x8000, 0x8000, 0x8000, 0x8000, 0x08A7, 0x11D5,
    0x090C, 0x0487, 0x0022, 0x8000, 0x04A7, 0x0D70, 0x08EC, 0x0593, 0x4B1B, 0x3213, 0x0572, 0x15F7, 0x0972, 0x04EC, 0x04A9, 0x04A8,
    0x04CA, 0x0950, 0x0D71, 0x0022, 0x0C42, 0x1CC6, 0x2909, 0x2D4A, 0x2509, 0x316B, 0x316C, 0x1063, 0x8000, 0x8000, 0x8000, 0x4AB7,
    0x19B3, 0x050D, 0x0950, 0x08EC, 0x11F6, 0x08EA, 0x0065, 0x1DB2, 0x3A99, 0x2E78, 0x0D72, 0x0DB4, 0x0D71, 0x0971, 0x1618, 0x092E,
    0x0044, 0x0022, 0x8000, 0x3462, 0x5CC4, 0x4800, 0x4000, 0x3000, 0x3000, 0x4420, 0x5062, 0x5841, 0x5420, 0x4400, 0x3400, 0x2C00,
    0x2800, 0x1C00, 0x1C00, 0x1800, 0x1C00, 0x0C42, 0x2509, 0x0C63, 0x0400, 0x1C00, 0x4C41, 0x5C62, 0x3800, 0x0800, 0x8000, 0x8000,
    0x8000, 0x8000, 0x8000, 0x8000, 0x8000, 0x8000, 0x8000, 0x8000, 0x8000, 0x8000, 0x8000, 0x8000, 0x8000, 0x8000, 0x8000, 0x8000,
    0x8000, 0x8000, 0x8000, 0x8000, 0x8000, 0x8000, 0x8000, 0x8000, 0x8000, 0x8000, 0x8000, 0x8000, 0x8000, 0x8000, 0x8000, 0x8000,
    0x8000, 0x8000, 0x8000, 0x8000, 0x8000, 0x8000, 0x8000, 0x8000, 0x8000, 0x8000, 0x8000, 0x8000, 0x8000, 0x8000, 0x04A8, 0x0D91,
    0x0D4F, 0x04C9, 0x0066, 0x8000, 0x08EB, 0x0D0D, 0x04EC, 0x0DB4, 0x4F1C, 0x25D3, 0x0551, 0x0D72, 0x04EB, 0x0487, 0x04A8, 0x04EB,
    0x04CA, 0x094F, 0x11D6, 0x0086, 0x0420, 0x18A5, 0x20E7, 0x2508, 0x2909, 0x2509, 0x316C, 0x14A5, 0x8000, 0x8000, 0x4254, 0x3257,
    0x092E, 0x092E, 0x0950, 0x092E, 0x094F, 0x0D71, 0x0D2E, 0x36BB, 0x1DF5, 0x0571, 0x0D93, 0x0D71, 0x0DB4, 0x15F6, 0x092E, 0x0066,
    0x0022, 0x8000, 0x2841, 0x58C4, 0x4800, 0x4000, 0x3800, 0x4400, 0x5062, 0x58A3, 0x5041, 0x4000, 0x3400, 0x2800, 0x2400, 0x1C00,
    0x1400, 0x1000, 0x0C00, 0x0C00, 0x0C00, 0x0400, 0x1CC6, 0x1484, 0x0842, 0x8000, 0x1800, 0x4421, 0x5420, 0x2000, 0x8000, 0x8000,
    0x8000, 0x8000, 0x8000, 0x8000, 0x8000, 0x8000, 0x8000, 0x8000, 0x8000, 0x8000, 0x8000, 0x8000, 0x8000, 0x8000, 0x8000, 0x8000,
    0x8000, 0x8000, 0x8000, 0x8000, 0x8000, 0x8000, 0x8000, 0x8000, 0x8000, 0x8000, 0x8000, 0x8000, 0x8000, 0x8000, 0x8000, 0x8000,
    0x8000, 0x8000, 0x8000, 0x8000, 0x8000, 0x8000, 0x8000, 0x8000, 0x8000, 0x8000, 0x8000, 0x8000, 0x8000, 0x8000, 0x04A7, 0x0D50,
    0x1191, 0x04A9, 0x0044, 0x8000, 0x0D4F, 0x08EA, 0x04EC, 0x19D5, 0x42DB, 0x15B3, 0x0550, 0x04CA, 0x0487, 0x0487, 0x04CA, 0x04CA,
    0x090D, 0x090D, 0x11D4, 0x0D71, 0x0001, 0x0C42, 0x18A5, 0x2508, 0x2508, 0x1CC6, 0x2D2A, 0x0C42, 0x0001, 0x4675, 0x3699, 0x050D,
    0x092D, 0x0D71, 0x0950, 0x092E, 0x090C, 0x092F, 0x04CB, 0x090D, 0x0971, 0x0D93, 0x0950, 0x0DB3, 0x1617, 0x090C, 0x0066, 0x0021,
    0x8000, 0x1421, 0x50C4, 0x5041, 0x4000, 0x4400, 0x4C00, 0x54A3, 0x58C4, 0x4820, 0x3400, 0x2C00, 0x2400, 0x2000, 0x1800, 0x1000,
    0x0C00, 0x1000, 0x1000, 0x1000, 0x0800, 0x0821, 0x18A5, 0x0842, 0x1063, 0x0400, 0x8000, 0x1C00, 0x4C20, 0x3800, 0x0800, 0x8000,
    0x8000, 0x8000, 0x8000, 0x8000, 0x8000, 0x8000, 0x8000, 0x8000, 0x8000, 0x8000, 0x8000, 0x8000, 0x8000, 0x8000, 0x8000, 0x8000,
    0x8000, 0x8000, 0x8000, 0x8000, 0x8000, 0x8000, 0x8000, 0x8000, 0x8000, 0x8000, 0x8000, 0x8000, 0x8000, 0x8000, 0x8000, 0x8000,
    0x8000, 0x8000, 0x8000, 0x8000, 0x8000, 0x8000, 0x8000, 0x8000, 0x8000, 0x8000, 0x8000, 0x8000, 0x8000, 0x8000, 0x04A7, 0x0D4F,
    0x1171, 0x08EB, 0x0022, 0x0043, 0x0D72, 0x0486, 0x00CA, 0x2216, 0x3ABA, 0x092F, 0x04EC, 0x04A8, 0x0466, 0x04A8, 0x04CA, 0x04EB,
    0x090D, 0x050E, 0x1170, 0x2258, 0x0088, 0x0400, 0x1484, 0x1CC6, 0x20E7, 0x1484, 0x0842, 0x0CEB, 0x46B7, 0x3678, 0x092F, 0x090D,
    0x0D4F, 0x0971, 0x0950, 0x092E, 0x092E, 0x092F, 0x0087, 0x04EC, 0x0950, 0x094F, 0x0DB4, 0x11D5, 0x04CA, 0x0065, 0x0843, 0x8000,
    0x0800, 0x4CC4, 0x5462, 0x4400, 0x4400, 0x4C00, 0x58A3, 0x58A3, 0x4000, 0x3000, 0x2800, 0x2800, 0x2400, 0x1C00, 0x1400, 0x1000,
    0x1000, 0x1000, 0x1000, 0x1800, 0x1000, 0x14A5, 0x1484, 0x0421, 0x0841, 0x0421, 0x0400, 0x0400, 0x3000, 0x4800, 0x1800, 0x8000,
    0x8000, 0x8000, 0x8000, 0x8000, 0x8000, 0x8000, 0x8000, 0x8000, 0x8000, 0x8000, 0x8000, 0x8000, 0x8000, 0x8000, 0x8000, 0x8000,
    0x8000, 0x8000, 0x8000, 0x8000, 0x8000, 0x8000, 0x8000, 0x8000, 0x8000, 0x8000, 0x8000, 0x8000, 0x8000, 0x8000, 0x8000, 0x8000,
    0x8000, 0x8000, 0x8000, 0x8000, 0x8000, 0x8000, 0x8000, 0x8000, 0x8000, 0x8000, 0x8000, 0x8000, 0x8000, 0x8000, 0x04A7, 0x092E,
    0x0D2D, 0x1DB2, 0x0002, 0x0486, 0x1193, 0x0065, 0x00AA, 0x2615, 0x3278, 0x050E, 0x04A9, 0x0465, 0x0487, 0x04A9, 0x04CA, 0x050C,
    0x092F, 0x0D50, 0x0551, 0x2A79, 0x3678, 0x0066, 0x0841, 0x1064, 0x1062, 0x8000, 0x1D8F, 0x639E, 0x3678, 0x050D, 0x090D, 0x0950,
    0x0D71, 0x094F, 0x0D50, 0x0950, 0x092F, 0x090D, 0x0487, 0x090D, 0x092E, 0x0D93, 0x0D92, 0x0087, 0x0044, 0x0021, 0x0C62, 0x0400,
    0x4082, 0x58A3, 0x4C00, 0x4400, 0x4800, 0x5883, 0x5462, 0x3C00, 0x2C00, 0x2400, 0x2000, 0x2000, 0x1800, 0x1400, 0x1000, 0x1000,
    0x1000, 0x1000, 0x1800, 0x1400, 0x1042, 0x18A6, 0x0821, 0x0821, 0x0842, 0x8000, 0x0400, 0x0800, 0x2000, 0x4400, 0x2000, 0x8000,
    0x8000, 0x8000, 0x8000, 0x8000, 0x8000, 0x8000, 0x8000, 0x8000, 0x8000, 0x8000, 0x8000, 0x8000, 0x8000, 0x8000, 0x8000, 0x8000,
    0x8000, 0x8000, 0x8000, 0x8000, 0x8000, 0x8000, 0x8000, 0x8000, 0x8000, 0x8000, 0x8000, 0x8000, 0x8000, 0x8000, 0x8000, 0x8000,
    0x8000, 0x8000, 0x8000, 0x8000, 0x8000, 0x8000, 0x8000, 0x8000, 0x8000, 0x8000, 0x8000, 0x8000, 0x8000, 0x8000, 0x0486, 0x0950,
    0x08EA, 0x2A15, 0x0002, 0x08C9, 0x1192, 0x0044, 0x0088, 0x21F4, 0x2A37, 0x00EC, 0x0487, 0x0065, 0x0488, 0x04A9, 0x04EB, 0x090D,
    0x0D71, 0x0972, 0x1A17, 0x3A99, 0x25D2, 0x0065, 0x8000, 0x0001, 0x0486, 0x04A7, 0x0D4F, 0x42DA, 0x19B3, 0x052E, 0x0D71, 0x094F,
    0x0D71, 0x0950, 0x0D71, 0x0950, 0x094F, 0x092E, 0x0465, 0x090C, 0x0D93, 0x0D72, 0x0066, 0x0043, 0x8000, 0x0420, 0x1063, 0x2421,
    0x5883, 0x5020, 0x4800, 0x4C00, 0x5461, 0x5441, 0x4000, 0x2800, 0x2400, 0x2000, 0x1C00, 0x1C00, 0x1800, 0x1400, 0x1400, 0x1400,
    0x1400, 0x1C00, 0x1C00, 0x0821, 0x18A5, 0x1063, 0x0821, 0x0821, 0x0842, 0x8000, 0x0C00, 0x0C00, 0x1000, 0x3800, 0x2C00, 0x0400,
    0x8000, 0x8000, 0x8000, 0x8000, 0x8000, 0x8000, 0x8000, 0x8000, 0x8000, 0x8000, 0x8000, 0x8000, 0x8000, 0x8000, 0x8000, 0x8000,
    0x8000, 0x8000, 0x8000, 0x8000, 0x8000, 0x8000, 0x8000, 0x8000, 0x8000, 0x8000, 0x8000, 0x8000, 0x8000, 0x8000, 0x8000, 0x8000,
    0x8000, 0x8000, 0x8000, 0x8000, 0x8000, 0x8000, 0x8000, 0x8000, 0x8000, 0x8000, 0x8000, 0x8000, 0x8000, 0x8000, 0x0023, 0x0950,
    0x00A9, 0x2A57, 0x10C9, 0x08C8, 0x1592, 0x0045, 0x0066, 0x1DF4, 0x21F5, 0x0088, 0x0465, 0x0486, 0x0488, 0x04CA, 0x090D, 0x0950,
    0x0971, 0x2259, 0x3A78, 0x190B, 0x0024, 0x0043, 0x0D2D, 0x1DF5, 0x1DF6, 0x0D2E, 0x0066, 0x19B2, 0x2A79, 0x0950, 0x0950, 0x094F,
    0x0971, 0x0D71, 0x0D72, 0x0D50, 0x0D71, 0x092F, 0x0044, 0x092F, 0x0D72, 0x0087, 0x0023, 0x8000, 0x8000, 0x0400, 0x0C63, 0x2462,
    0x4C20, 0x4800, 0x4C00, 0x5021, 0x5020, 0x4000, 0x2800, 0x2000, 0x2000, 0x2000, 0x1800, 0x0400, 0x0400, 0x0400, 0x1000, 0x1800,
    0x2000, 0x1C00, 0x0C21, 0x1484, 0x0C63, 0x0841, 0x0421, 0x0841, 0x0421, 0x8000, 0x0C00, 0x0C00, 0x0800, 0x2C00, 0x3C00, 0x0400,
    0x8000, 0x8000, 0x8000, 0x8000, 0x8000, 0x8000, 0x8000, 0x8000, 0x8000, 0x8000, 0x8000, 0x8000, 0x8000, 0x8000, 0x8000, 0x8000,
    0x8000, 0x8000, 0x8000, 0x8000, 0x8000, 0x8000, 0x8000, 0x8000, 0x8000, 0x8000, 0x8000, 0x8000, 0x8000, 0x8000, 0x8000, 0x8000,
    0x8000, 0x8000, 0x8000, 0x8000, 0x8000, 0x8000, 0x8000, 0x8000, 0x8000, 0x8000, 0x8000, 0x8000, 0x8000, 0x8000, 0x8000, 0x08EC,
    0x04CA, 0x1970, 0x1991, 0x110B, 0x21F5, 0x0066, 0x0045, 0x19D4, 0x1DD3, 0x0045, 0x0465, 0x0487, 0x0487, 0x04EC, 0x0950, 0x0573,
    0x329A, 0x3655, 0x0487, 0x0001, 0x0420, 0x0465, 0x0D2E, 0x0D4F, 0x04CA, 0x0487, 0x0466, 0x04CA, 0x2A79, 0x1171, 0x092E, 0x094F,
    0x0D71, 0x0D92, 0x0D92, 0x0D71, 0x0950, 0x092E, 0x0086, 0x0950, 0x04C9, 0x0023, 0x8000, 0x8000, 0x8000, 0x8000, 0x0842, 0x1884,
    0x4800, 0x4C00, 0x4C00, 0x4800, 0x4400, 0x2C00, 0x1C00, 0x1C00, 0x2000, 0x1800, 0x0C00, 0x39CE, 0x4211, 0x2509, 0x1484, 0x0C21,
    0x1800, 0x0C00, 0x1084, 0x1063, 0x0821, 0x0842, 0x0421, 0x0842, 0x8000, 0x0400, 0x1000, 0x0C00, 0x0800, 0x2000, 0x4400, 0x1400,
    0x8000, 0x8000, 0x8000, 0x8000, 0x8000, 0x8000, 0x8000, 0x8000, 0x8000, 0x8000, 0x8000, 0x8000, 0x8000, 0x8000, 0x8000, 0x8000,
    0x8000, 0x8000, 0x8000, 0x8000, 0x8000, 0x8000, 0x8000, 0x8000, 0x8000, 0x8000, 0x8000, 0x8000, 0x8000, 0x8000, 0x8000, 0x8000,
    0x8000, 0x8000, 0x8000, 0x8000, 0x8000, 0x8000, 0x8000, 0x8000, 0x8000, 0x8000, 0x8000, 0x8000, 0x8000, 0x8000, 0x8000, 0x0487,
    0x092F, 0x04A9, 0x08EC, 0x08EB, 0x2216, 0x04CA, 0x0023, 0x15B2, 0x19B2, 0x0045, 0x0466, 0x0487, 0x04CA, 0x092F, 0x0DB4, 0x3EBB,
    0x29F3, 0x0023, 0x8000, 0x0400, 0x08A7, 0x090E, 0x04CB, 0x04CA, 0x08EC, 0x08EC, 0x04A8, 0x0044, 0x1DB2, 0x1E38, 0x052E, 0x092F,
    0x0D72, 0x0950, 0x094F, 0x094F, 0x0D71, 0x094F, 0x0045, 0x0045, 0x0022, 0x8000, 0x8000, 0x8000, 0x8000, 0x8000, 0x0842, 0x1884,
    0x3400, 0x4C00, 0x4800, 0x4400, 0x2C00, 0x1C00, 0x1C00, 0x1C00, 0x0C00, 0x1063, 0x5EF7, 0x6739, 0x358C, 0x20C7, 0x20E7, 0x20E7,
    0x1884, 0x0421, 0x0421, 0x0421, 0x0842, 0x0421, 0x0842, 0x0421, 0x8000, 0x0800, 0x1000, 0x1000, 0x0800, 0x1000, 0x4000, 0x2800,
    0x8000, 0x8000, 0x8000, 0x8000, 0x8000, 0x8000, 0x8000, 0x8000, 0x8000, 0x8000, 0x8000, 0x8000, 0x8000, 0x8000, 0x8000, 0x8000,
    0x8000, 0x8000, 0x8000, 0x8000, 0x8000, 0x8000, 0x8000, 0x8000, 0x8000, 0x8000, 0x8000, 0x8000, 0x8000, 0x8000, 0x8000, 0x8000,
    0x8000, 0x8000, 0x8000, 0x8000, 0x8000, 0x8000, 0x8000, 0x8000, 0x8000, 0x8000, 0x8000, 0x8000, 0x8000, 0x8000, 0x8000, 0x0001,
    0x092E, 0x0487, 0x04A9, 0x0088, 0x1DB1, 0x116F, 0x0002, 0x1191, 0x1592, 0x0045, 0x0465, 0x04CA, 0x052F, 0x11D5, 0x42DB, 0x29B0,
    0x0002, 0x8000, 0x0843, 0x0CEB, 0x0D50, 0x090D, 0x090D, 0x08EC, 0x04EB, 0x04CA, 0x04A8, 0x0065, 0x04EB, 0x2A79, 0x0D4F, 0x090D,
    0x092F, 0x0950, 0x0D92, 0x0D92, 0x0972, 0x090E, 0x0023, 0x8000, 0x8000, 0x8000, 0x8000, 0x0400, 0x8000, 0x8000, 0x0421, 0x1484,
    0x2421, 0x4800, 0x4400, 0x3800, 0x1C00, 0x1800, 0x1C00, 0x1000, 0x0C63, 0x6319, 0x739D, 0x2D4A, 0x1CA5, 0x1063, 0x0C42, 0x1063,
    0x1484, 0x1CC6, 0x1084, 0x0421, 0x8000, 0x0821, 0x0842, 0x8000, 0x0400, 0x0800, 0x0C00, 0x1400, 0x0C00, 0x0800, 0x3000, 0x3C00,
    0x0C00, 0x8000, 0x8000, 0x8000, 0x8000, 0x8000, 0x8000, 0x8000, 0x8000, 0x8000, 0x8000, 0x8000, 0x8000, 0x8000, 0x8000, 0x8000,
    0x8000, 0x8000, 0x8000, 0x8000, 0x8000, 0x8000, 0x8000, 0x8000, 0x8000, 0x8000, 0x8000, 0x8000, 0x8000, 0x8000, 0x8000, 0x8000,
    0x8000, 0x8000, 0x8000, 0x8000, 0x8000, 0x8000, 0x8000, 0x8000, 0x8000, 0x8000, 0x8000, 0x8000, 0x8000, 0x8000, 0x8000, 0x8000,
    0x04A8, 0x04EB, 0x0487, 0x0087, 0x0D0D, 0x19F5, 0x0002, 0x0D4F, 0x1191, 0x0044, 0x0487, 0x050D, 0x1A17, 0x46B9, 0x192D, 0x8000,
    0x0420, 0x0864, 0x0D0D, 0x0D2E, 0x0D0D, 0x092E, 0x090D, 0x0950, 0x092F, 0x04EC, 0x04EB, 0x04CA, 0x0087, 0x2616, 0x1170, 0x050E,
    0x0D72, 0x0D93, 0x0950, 0x04A9, 0x0065, 0x0087, 0x0023, 0x8000, 0x8000, 0x0400, 0x0420, 0x0421, 0x0420, 0x8000, 0x0400, 0x0C63,
    0x1463, 0x3000, 0x3C00, 0x2800, 0x1800, 0x1800, 0x0C00, 0x0821, 0x4E73, 0x4A52, 0x41F0, 0x4611, 0x2908, 0x18A5, 0x1083, 0x0C42,
    0x0842, 0x0C42, 0x1484, 0x1CC6, 0x0842, 0x8000, 0x8000, 0x8000, 0x0C00, 0x0C00, 0x0C00, 0x1400, 0x1000, 0x0400, 0x2000, 0x4000,
    0x2400, 0x8000, 0x8000, 0x8000, 0x8000, 0x8000, 0x8000, 0x8000, 0x8000, 0x8000, 0x8000, 0x8000, 0x8000, 0x8000, 0x8000, 0x8000,
    0x8000, 0x8000, 0x8000, 0x8000, 0x8000, 0x8000, 0x8000, 0x8000, 0x8000, 0x8000, 0x8000, 0x8000, 0x8000, 0x8000, 0x8000, 0x8000,
    0x8000, 0x8000, 0x8000, 0x8000, 0x8000, 0x8000, 0x8000, 0x8000, 0x8000, 0x8000, 0x8000, 0x8000, 0x8000, 0x8000, 0x8000, 0x8000,
    0x0043, 0x090D, 0x0045, 0x04A9, 0x0487, 0x15D4, 0x04C9, 0x0D2E, 0x0D4F, 0x0023, 0x04EC, 0x19F5, 0x3EB9, 0x14E9, 0x8000, 0x0842,
    0x0865, 0x08EB, 0x0D0D, 0x0D92, 0x0D92, 0x0972, 0x0950, 0x094F, 0x092E, 0x04EB, 0x04C9, 0x04A8, 0x0066, 0x2616, 0x15B3, 0x0972,
    0x094F, 0x0086, 0x0023, 0x0001, 0x8000, 0x8000, 0x8000, 0x8000, 0x0420, 0x0421, 0x0821, 0x0421, 0x0421, 0x0400, 0x8000, 0x0821,
    0x1084, 0x1841, 0x2C00, 0x1800, 0x1400, 0x1000, 0x0821, 0x3DF0, 0x41F0, 0x1884, 0x2D4B, 0x5274, 0x316B, 0x20C7, 0x1484, 0x1063,
    0x0C63, 0x0842, 0x0842, 0x0C62, 0x18A5, 0x1484, 0x0400, 0x8000, 0x0C00, 0x1000, 0x0C00, 0x1400, 0x1000, 0x0800, 0x1000, 0x3C00,
    0x3800, 0x0C00, 0x8000, 0x8000, 0x8000, 0x8000, 0x8000, 0x8000, 0x8000, 0x8000, 0x8000, 0x8000, 0x8000, 0x8000, 0x8000, 0x8000,
    0x8000, 0x8000, 0x8000, 0x8000, 0x8000, 0x8000, 0x8000, 0x8000, 0x8000, 0x8000, 0x8000, 0x8000, 0x8000, 0x8000, 0x8000, 0x8000,
    0x8000, 0x8000, 0x8000, 0x8000, 0x8000, 0x8000, 0x8000, 0x8000, 0x8000, 0x8000, 0x8000, 0x8000, 0x8000, 0x8000, 0x8000, 0x8000,
    0x8000, 0x04C9, 0x0487, 0x04A9, 0x0487, 0x0D2E, 0x0D4F, 0x090D, 0x0D2F, 0x0066, 0x15D4, 0x3278, 0x0487, 0x8000, 0x0821, 0x0C64,
    0x08EC, 0x0D71, 0x0D92, 0x0D4F, 0x0486, 0x0043, 0x0021, 0x8000, 0x8000, 0x8000, 0x8000, 0x8000, 0x0022, 0x2217, 0x0D4E, 0x0045,
    0x0023, 0x8000, 0x8000, 0x8000, 0x0400, 0x0420, 0x0420, 0x0421, 0x0821, 0x0821, 0x0821, 0x0841, 0x0421, 0x0421, 0x0400, 0x8000,
    0x0C42, 0x1884, 0x1400, 0x1400, 0x1400, 0x0400, 0x2D6C, 0x3DEF, 0x1484, 0x18A5, 0x20E7, 0x39CE, 0x4631, 0x2508, 0x1CC6, 0x1084,
    0x0C63, 0x0C42, 0x0C42, 0x0842, 0x0841, 0x1084, 0x14A5, 0x0842, 0x0400, 0x1000, 0x0C00, 0x1000, 0x1400, 0x0800, 0x0800, 0x3000,
    0x4000, 0x2400, 0x8000, 0x8000, 0x8000, 0x8000, 0x8000, 0x8000, 0x8000, 0x8000, 0x8000, 0x8000, 0x8000, 0x8000, 0x8000, 0x8000,
    0x8000, 0x8000, 0x8000, 0x8000, 0x8000, 0x8000, 0x8000, 0x8000, 0x8000, 0x8000, 0x8000, 0x8000, 0x8000, 0x8000, 0x8000, 0x8000,
    0x8000, 0x8000, 0x8000, 0x8000, 0x8000, 0x8000, 0x8000, 0x8000, 0x8000, 0x8000, 0x8000, 0x8000, 0x8000, 0x8000, 0x8000, 0x8000,
    0x8000, 0x0044, 0x04EB, 0x0488, 0x050D, 0x0066, 0x1191, 0x0D50, 0x04EC, 0x1192, 0x2216, 0x0023, 0x8000, 0x0C42, 0x0CA7, 0x0951,
    0x0D71, 0x04C9, 0x0022, 0x8000, 0x8000, 0x0003, 0x0003, 0x8000, 0x8000, 0x0C43, 0x0C42, 0x0421, 0x8000, 0x00A8, 0x0022, 0x8000,
    0x8000, 0x0421, 0x0421, 0x0421, 0x0821, 0x0821, 0x0821, 0x0841, 0x0842, 0x0842, 0x0842, 0x0C42, 0x0821, 0x0421, 0x0420, 0x8000,
    0x0421, 0x1084, 0x1063, 0x0C00, 0x0400, 0x2108, 0x3DEF, 0x1063, 0x1484, 0x14A5, 0x18A5, 0x2929, 0x4E53, 0x358C, 0x24E7, 0x14A4,
    0x1063, 0x0C63, 0x0842, 0x0C42, 0x0842, 0x0821, 0x0C42, 0x18A5, 0x0C63, 0x8000, 0x1000, 0x1400, 0x1400, 0x0C00, 0x0800, 0x1C00,
    0x4000, 0x3800, 0x0800, 0x8000, 0x8000, 0x8000, 0x8000, 0x8000, 0x8000, 0x8000, 0x8000, 0x8000, 0x8000, 0x8000, 0x8000, 0x8000,
    0x8000, 0x8000, 0x8000, 0x8000, 0x8000, 0x8000, 0x8000, 0x8000, 0x8000, 0x8000, 0x8000, 0x8000, 0x8000, 0x8000, 0x8000, 0x8000,
    0x8000, 0x8000, 0x8000, 0x8000, 0x8000, 0x8000, 0x8000, 0x8000, 0x8000, 0x8000, 0x8000, 0x8000, 0x8000, 0x8000, 0x8000, 0x8000,
    0x8000, 0x8000, 0x0022, 0x0023, 0x0487, 0x04A9, 0x04C9, 0x1A17, 0x0D92, 0x0D71, 0x0065, 0x0400, 0x0C63, 0x0CC9, 0x090D, 0x0086,
    0x0001, 0x8000, 0x1484, 0x1CEA, 0x0C8E, 0x0008, 0x8000, 0x1064, 0x2929, 0x18A5, 0x0C63, 0x0421, 0x0800, 0x0400, 0x8000, 0x8000,
    0x8000, 0x0C63, 0x1CC6, 0x0C42, 0x0842, 0x0C42, 0x0C42, 0x0C42, 0x0C42, 0x0C63, 0x0C63, 0x0C42, 0x0C42, 0x0842, 0x0421, 0x0420,
    0x0400, 0x0821, 0x1484, 0x0400, 0x1084, 0x3DCF, 0x1CC6, 0x1063, 0x1084, 0x1084, 0x18C5, 0x1CC6, 0x39AE, 0x4E53, 0x2909, 0x20E7,
    0x14A5, 0x1083, 0x0C63, 0x0C42, 0x0C42, 0x0C42, 0x0842, 0x0842, 0x14A5, 0x1063, 0x0400, 0x1000, 0x1400, 0x1000, 0x0800, 0x1000,
    0x3400, 0x3C00, 0x2400, 0x8000, 0x8000, 0x8000, 0x8000, 0x8000, 0x8000, 0x8000, 0x8000, 0x8000, 0x8000, 0x8000, 0x8000, 0x8000,
    0x8000, 0x8000, 0x8000, 0x8000, 0x8000, 0x8000, 0x8000, 0x8000, 0x8000, 0x8000, 0x8000, 0x8000, 0x8000, 0x8000, 0x8000, 0x8000,
    0x8000, 0x8000, 0x8000, 0x8000, 0x8000, 0x8000, 0x8000, 0x8000, 0x8000, 0x8000, 0x8000, 0x8000, 0x8000, 0x8000, 0x8000, 0x8000,
    0x8000, 0x8000, 0x8000, 0x8000, 0x8000, 0x0466, 0x0066, 0x21D3, 0x2636, 0x0023, 0x0420, 0x10A6, 0x0CEA, 0x0486, 0x8000, 0x8000,
    0x0006, 0x0C6A, 0x2130, 0x084C, 0x0002, 0x8000, 0x20E7, 0x3DCF, 0x2508, 0x1063, 0x0021, 0x1000, 0x2000, 0x1000, 0x0C00, 0x0400,
    0x8000, 0x0C63, 0x2D4B, 0x1084, 0x0C63, 0x1063, 0x1063, 0x1063, 0x0C63, 0x1063, 0x1063, 0x0C63, 0x0C63, 0x0C42, 0x0842, 0x0821,
    0x0400, 0x0421, 0x0421, 0x0842, 0x3DCF, 0x292A, 0x1084, 0x14A4, 0x1484, 0x1484, 0x18A5, 0x1CC6, 0x2508, 0x4E53, 0x4210, 0x2909,
    0x1CC6, 0x1484, 0x1084, 0x1063, 0x0C63, 0x0C42, 0x0C42, 0x0842, 0x0842, 0x18A5, 0x1063, 0x0400, 0x1400, 0x1400, 0x0800, 0x0800,
    0x2400, 0x3800, 0x3800, 0x0C00, 0x8000, 0x8000, 0x8000, 0x8000, 0x8000, 0x8000, 0x8000, 0x8000, 0x8000, 0x8000, 0x8000, 0x8000,
    0x8000, 0x8000, 0x8000, 0x8000, 0x8000, 0x8000, 0x8000, 0x8000, 0x8000, 0x8000, 0x8000, 0x8000, 0x8000, 0x8000, 0x8000, 0x8000,
    0x8000, 0x8000, 0x8000, 0x8000, 0x8000, 0x8000, 0x8000, 0x8000, 0x8000, 0x8000, 0x8000, 0x8000, 0x8000, 0x8000, 0x8000, 0x8000,
    0x8000, 0x8000, 0x8000, 0x8000, 0x8000, 0x8000, 0x0044, 0x08C9, 0x08C9, 0x0421, 0x0842, 0x0043, 0x0021, 0x8000, 0x8000, 0x8000,
    0x0002, 0x0003, 0x0001, 0x0421, 0x2528, 0x4A52, 0x4611, 0x1CC6, 0x0C63, 0x0821, 0x1C00, 0x3400, 0x2000, 0x0C00, 0x0C00, 0x0800,
    0x8000, 0x0842, 0x2D4A, 0x20E8, 0x1083, 0x1084, 0x1083, 0x1084, 0x1084, 0x1083, 0x1063, 0x1063, 0x1063, 0x0C63, 0x0C42, 0x0821,
    0x0421, 0x0400, 0x8000, 0x294A, 0x316B, 0x1083, 0x18C5, 0x18C5, 0x18A5, 0x1484, 0x14A5, 0x18C6, 0x20E7, 0x39AD, 0x5AD7, 0x358D,
    0x20E7, 0x1CC6, 0x18A5, 0x1484, 0x1083, 0x1063, 0x0C63, 0x0C42, 0x0C42, 0x0C42, 0x14A5, 0x1084, 0x0400, 0x1000, 0x0C00, 0x0800,
    0x1400, 0x3400, 0x3800, 0x2C00, 0x8000, 0x8000, 0x8000, 0x8000, 0x8000, 0x8000, 0x8000, 0x8000, 0x8000, 0x8000, 0x8000, 0x8000,
    0x8000, 0x8000, 0x8000, 0x8000, 0x8000, 0x8000, 0x8000, 0x8000, 0x8000, 0x8000, 0x8000, 0x8000, 0x8000, 0x8000, 0x8000, 0x8000,
    0x8000, 0x8000, 0x8000, 0x8000, 0x8000, 0x8000, 0x8000, 0x8000, 0x8000, 0x8000, 0x8000, 0x8000, 0x8000, 0x8000, 0x8000, 0x8000,
    0x8000, 0x8000, 0x8000, 0x8000, 0x8000, 0x8000, 0x0001, 0x0886, 0x0421, 0x8000, 0x0822, 0x1484, 0x1063, 0x14A5, 0x1484, 0x1484,
    0x18C5, 0x2949, 0x3DEE, 0x56B5, 0x56B6, 0x39AD, 0x14A5, 0x0842, 0x0C00, 0x3420, 0x4420, 0x2000, 0x0800, 0x0400, 0x1000, 0x0C00,
    0x8000, 0x0421, 0x1CE7, 0x35AD, 0x1484, 0x1484, 0x1484, 0x1484, 0x1484, 0x1084, 0x1084, 0x1084, 0x1063, 0x0C63, 0x0C42, 0x0C63,
    0x0C42, 0x8000, 0x1084, 0x39AE, 0x14A5, 0x18A5, 0x1CE6, 0x1CC6, 0x18C6, 0x18A5, 0x18A5, 0x18C6, 0x20E7, 0x2929, 0x4A52, 0x5695,
    0x316B, 0x2909, 0x1CC6, 0x18A5, 0x1484, 0x1484, 0x1063, 0x1063, 0x0C62, 0x0C42, 0x0C42, 0x18A5, 0x1084, 0x0400, 0x1000, 0x0C00,
    0x0C00, 0x2400, 0x3400, 0x3800, 0x1400, 0x8000, 0x8000, 0x8000, 0x8000, 0x8000, 0x8000, 0x8000, 0x8000, 0x8000, 0x8000, 0x8000,
    0x8000, 0x8000, 0x8000, 0x8000, 0x8000, 0x8000, 0x8000, 0x8000, 0x8000, 0x8000, 0x8000, 0x8000, 0x8000, 0x8000, 0x8000, 0x8000,
    0x8000, 0x8000, 0x8000, 0x8000, 0x8000, 0x8000, 0x8000, 0x8000, 0x8000, 0x8000, 0x8000, 0x8000, 0x8000, 0x8000, 0x8000, 0x8000,
    0x8000, 0x8000, 0x8000, 0x8000, 0x8000, 0x8000, 0x0400, 0x20C6, 0x0C63, 0x0C63, 0x4A52, 0x39CE, 0x314B, 0x4611, 0x6318, 0x673A,
    0x6B3A, 0x5EF8, 0x4A53, 0x316B, 0x1CC5, 0x0C63, 0x0C42, 0x2020, 0x4441, 0x4441, 0x1C00, 0x0800, 0x0400, 0x0800, 0x1C00, 0x0800,
    0x0400, 0x0421, 0x1063, 0x39CE, 0x20E7, 0x1084, 0x14A5, 0x1484, 0x1484, 0x1484, 0x1084, 0x1063, 0x1083, 0x1484, 0x14A5, 0x1084,
    0x0821, 0x8000, 0x358C, 0x2108, 0x1484, 0x20E7, 0x20E7, 0x1CC6, 0x1CC6, 0x1CC6, 0x18C6, 0x20E7, 0x20E7, 0x2929, 0x2D4A, 0x5AF7,
    0x5294, 0x314B, 0x24E8, 0x1CC6, 0x18C5, 0x18A5, 0x1484, 0x1084, 0x1083, 0x0C63, 0x0C63, 0x0842, 0x14A5, 0x1084, 0x0800, 0x0C00,
    0x0800, 0x1800, 0x3000, 0x3000, 0x3000, 0x0400, 0x8000, 0x8000, 0x8000, 0x8000, 0x8000, 0x8000, 0x8000, 0x8000, 0x8000, 0x8000,
    0x8000, 0x8000, 0x8000, 0x8000, 0x8000, 0x8000, 0x8000, 0x8000, 0x8000, 0x8000, 0x8000, 0x8000, 0x8000, 0x8000, 0x8000, 0x8000,
    0x8000, 0x8000, 0x8000, 0x8000, 0x8000, 0x8000, 0x8000, 0x8000, 0x8000, 0x8000, 0x8000, 0x8000, 0x8000, 0x8000, 0x8000, 0x8000,
    0x8000, 0x8000, 0x8000, 0x8000, 0x8000, 0x8000, 0x0C00, 0x30A5, 0x1084, 0x56B5, 0x6719, 0x3DEF, 0x4A32, 0x4A52, 0x41F0, 0x39AE,
    0x2929, 0x18A6, 0x18A5, 0x0C63, 0x0C63, 0x1421, 0x3441, 0x5462, 0x3420, 0x1000, 0x0400, 0x0C00, 0x0400, 0x1400, 0x2000, 0x0400,
    0x0C00, 0x8000, 0x0821, 0x292A, 0x318C, 0x1083, 0x14A5, 0x14A4, 0x1484, 0x1084, 0x1484, 0x18A5, 0x18C6, 0x1484, 0x0842, 0x0420,
    0x8000, 0x18C6, 0x316B, 0x14A4, 0x1CC6, 0x20E7, 0x20E7, 0x20E7, 0x1CC6, 0x1CC6, 0x1CC6, 0x1CC6, 0x2508, 0x2909, 0x2D4B, 0x4611,
    0x673A, 0x3DEF, 0x292A, 0x20E7, 0x1CC6, 0x1CC6, 0x18A5, 0x1484, 0x1484, 0x1084, 0x0C63, 0x0C63, 0x0C42, 0x18A5, 0x0C63, 0x0400,
    0x0C00, 0x0C00, 0x2400, 0x3000, 0x3800, 0x1C00, 0x8000, 0x8000, 0x8000, 0x8000, 0x8000, 0x8000, 0x8000, 0x8000, 0x8000, 0x8000,
    0x8000, 0x8000, 0x8000, 0x8000, 0x8000, 0x8000, 0x8000, 0x8000, 0x8000, 0x8000, 0x8000, 0x8000, 0x8000, 0x8000, 0x8000, 0x8000,
    0x8000, 0x8000, 0x8000, 0x8000, 0x8000, 0x8000, 0x8000, 0x8000, 0x8000, 0x8000, 0x8000, 0x8000, 0x8000, 0x8000, 0x8000, 0x8000,
    0x8000, 0x8000, 0x8000, 0x8000, 0x8000, 0x8000, 0x1400, 0x3021, 0x252A, 0x6B5A, 0x41EF, 0x20E7, 0x2929, 0x2929, 0x20C6, 0x1063,
    0x0CE9, 0x0886, 0x0C42, 0x1400, 0x3041, 0x5482, 0x4862, 0x1C00, 0x0400, 0x0400, 0x0C00, 0x1400, 0x0800, 0x2000, 0x1800, 0x0800,
    0x1000, 0x8000, 0x0421, 0x1484, 0x3DCF, 0x18A5, 0x1484, 0x14A5, 0x1484, 0x18A5, 0x20E7, 0x18A5, 0x0C42, 0x0421, 0x0420, 0x8000,
    0x0421, 0x358C, 0x18C6, 0x18A5, 0x20E7, 0x24E8, 0x24E7, 0x2508, 0x20E7, 0x1CC6, 0x1CC6, 0x20E7, 0x2508, 0x2929, 0x316B, 0x358C,
    0x5295, 0x6319, 0x4210, 0x4631, 0x41F0, 0x3DCF, 0x356C, 0x2D2A, 0x24E8, 0x1CC6, 0x1484, 0x1063, 0x0C42, 0x0C42, 0x18A5, 0x0842,
    0x0800, 0x0C00, 0x1400, 0x2C00, 0x3400, 0x3400, 0x0400, 0x8000, 0x8000, 0x8000, 0x8000, 0x8000, 0x8000, 0x8000, 0x8000, 0x8000,
    0x8000, 0x8000, 0x8000, 0x8000, 0x8000, 0x8000, 0x8000, 0x8000, 0x8000, 0x8000, 0x8000, 0x8000, 0x8000, 0x8000, 0x8000, 0x8000,
    0x8000, 0x8000, 0x8000, 0x8000, 0x8000, 0x8000, 0x8000, 0x8000, 0x8000, 0x8000, 0x8000, 0x8000, 0x8000, 0x8000, 0x8000, 0x8000,
    0x8000, 0x8000, 0x8000, 0x8000, 0x8000, 0x8000, 0x0800, 0x1C20, 0x294A, 0x5AD6, 0x2929, 0x20E7, 0x20E8, 0x1CA5, 0x14A4, 0x1D90,
    0x19D4, 0x0023, 0x2000, 0x5462, 0x4882, 0x2820, 0x0800, 0x8000, 0x0800, 0x0C00, 0x2000, 0x1000, 0x1000, 0x2C00, 0x1000, 0x0C00,
    0x1C00, 0x0400, 0x8000, 0x0C42, 0x2D6B, 0x2D6B, 0x0C63, 0x1484, 0x1CE7, 0x20E7, 0x1063, 0x0421, 0x0421, 0x8000, 0x8000, 0x8000,
    0x1CE7, 0x316C, 0x18A5, 0x20E7, 0x24E8, 0x2508, 0x2909, 0x2909, 0x24E8, 0x20E7, 0x20E7, 0x20E8, 0x2508, 0x2D2A, 0x316B, 0x2D6B,
    0x4632, 0x7FFF, 0x739D, 0x4E73, 0x3DEF, 0x2D6B, 0x292A, 0x2108, 0x20E7, 0x2508, 0x2508, 0x1CC6, 0x1083, 0x0842, 0x1063, 0x18A5,
    0x0821, 0x0C00, 0x0C00, 0x2400, 0x3000, 0x3800, 0x2000, 0x8000, 0x8000, 0x8000, 0x8000, 0x8000, 0x8000, 0x8000, 0x8000, 0x8000,
    0x8000, 0x8000, 0x8000, 0x8000, 0x8000, 0x8000, 0x8000, 0x8000, 0x8000, 0x8000, 0x8000, 0x8000, 0x8000, 0x8000, 0x8000, 0x8000,
    0x8000, 0x8000, 0x8000, 0x8000, 0x8000, 0x8000, 0x8000, 0x8000, 0x8000, 0x8000, 0x8000, 0x8000, 0x8000, 0x8000, 0x8000, 0x8000,
    0x8000, 0x8000, 0x8000, 0x8000, 0x8000, 0x8000, 0x0001, 0x0800, 0x2929, 0x4A52, 0x2508, 0x20E7, 0x1CA4, 0x10C7, 0x0D4F, 0x1DF6,
    0x0088, 0x0002, 0x2400, 0x2400, 0x0800, 0x8000, 0x0400, 0x0800, 0x0C00, 0x1C00, 0x2C00, 0x0800, 0x2000, 0x2C00, 0x0C00, 0x1000,
    0x2400, 0x0800, 0x8000, 0x0842, 0x18C6, 0x39AE, 0x1CC7, 0x20E7, 0x18A5, 0x0842, 0x0420, 0x8000, 0x8000, 0x8000, 0x8000, 0x0842,
    0x358D, 0x1CC6, 0x1CC6, 0x2508, 0x2508, 0x2929, 0x2929, 0x2929, 0x2909, 0x2508, 0x20E7, 0x2508, 0x2509, 0x2D2A, 0x2D4B, 0x4A53,
    0x673A, 0x4A31, 0x2929, 0x1063, 0x0842, 0x0C42, 0x0C42, 0x0C42, 0x0C42, 0x0C42, 0x1084, 0x1CC6, 0x20E7, 0x18A5, 0x0C42, 0x1484,
    0x14A5, 0x0400, 0x0C00, 0x1800, 0x3000, 0x3400, 0x3400, 0x0800, 0x8000, 0x8000, 0x8000, 0x8000, 0x8000, 0x8000, 0x8000, 0x8000,
    0x8000, 0x8000, 0x8000, 0x8000, 0x8000, 0x8000, 0x8000, 0x8000, 0x8000, 0x8000, 0x8000, 0x8000, 0x8000, 0x8000, 0x8000, 0x8000,
    0x8000, 0x8000, 0x8000, 0x8000, 0x8000, 0x8000, 0x8000, 0x8000, 0x8000, 0x8000, 0x8000, 0x8000, 0x8000, 0x8000, 0x8000, 0x8000,
    0x8000, 0x8000, 0x8000, 0x8000, 0x8000, 0x8000, 0x04A9, 0x0022, 0x18A5, 0x39AD, 0x1CC6, 0x1884, 0x0CC8, 0x0971, 0x11D5, 0x04EC,
    0x0023, 0x8000, 0x0800, 0x8000, 0x0400, 0x0800, 0x0800, 0x0800, 0x0C00, 0x3400, 0x2800, 0x0C00, 0x2800, 0x1C00, 0x0C00, 0x1800,
    0x2400, 0x0800, 0x8000, 0x0421, 0x1063, 0x35AD, 0x316C, 0x1084, 0x0421, 0x8000, 0x8000, 0x8000, 0x8000, 0x0841, 0x8000, 0x2929,
    0x2929, 0x14A5, 0x20E7, 0x2909, 0x292A, 0x2D4A, 0x2D4A, 0x2929, 0x2929, 0x2929, 0x2909, 0x2508, 0x2929, 0x2D2A, 0x4A53, 0x5294,
    0x2929, 0x0821, 0x0C42, 0x1063, 0x0C63, 0x0C42, 0x0C42, 0x0C42, 0x0C63, 0x0C63, 0x0C42, 0x0821, 0x1063, 0x1CC6, 0x18A5, 0x0C42,
    0x1484, 0x0842, 0x0800, 0x1000, 0x2800, 0x3000, 0x3800, 0x2000, 0x8000, 0x8000, 0x8000, 0x8000, 0x8000, 0x8000, 0x8000, 0x8000,
    0x8000, 0x8000, 0x8000, 0x8000, 0x8000, 0x8000, 0x8000, 0x8000, 0x8000, 0x8000, 0x8000, 0x8000, 0x8000, 0x8000, 0x8000, 0x8000,
    0x8000, 0x8000, 0x8000, 0x8000, 0x8000, 0x8000, 0x8000, 0x8000, 0x8000, 0x8000, 0x8000, 0x8000, 0x8000, 0x8000, 0x8000, 0x8000,
    0x8000, 0x8000, 0x8000, 0x8000, 0x0001, 0x0022, 0x04EC, 0x0D4F, 0x110B, 0x18C6, 0x14A4, 0x08A7, 0x092E, 0x0950, 0x11D4, 0x0087,
    0x0022, 0x0800, 0x0800, 0x0400, 0x0C00, 0x0800, 0x0C00, 0x1000, 0x1800, 0x3800, 0x1800, 0x1C00, 0x2800, 0x0C00, 0x1800, 0x3000,
    0x1800, 0x8000, 0x8000, 0x8000, 0x1484, 0x2508, 0x1084, 0x0420, 0x8000, 0x8000, 0x8000, 0x0421, 0x1063, 0x0400, 0x1084, 0x358C,
    0x18C6, 0x1CC7, 0x2909, 0x2D2A, 0x2D4A, 0x2D4B, 0x2D4B, 0x2D4A, 0x2D4A, 0x2D4A, 0x2929, 0x2929, 0x2D2A, 0x4A53, 0x4631, 0x1084,
    0x0842, 0x1484, 0x0C42, 0x0421, 0x8000, 0x8000, 0x8000, 0x8000, 0x8000, 0x0400, 0x0821, 0x0C63, 0x0C42, 0x0842, 0x1484, 0x18A5,
    0x0C62, 0x1484, 0x0421, 0x0C00, 0x1800, 0x3400, 0x3000, 0x2C00, 0x0800, 0x8000, 0x8000, 0x8000, 0x8000, 0x8000, 0x8000, 0x8000,
    0x8000, 0x8000, 0x8000, 0x8000, 0x8000, 0x8000, 0x8000, 0x8000, 0x8000, 0x8000, 0x8000, 0x8000, 0x8000, 0x8000, 0x8000, 0x8000,
    0x8000, 0x8000, 0x8000, 0x8000, 0x8000, 0x8000, 0x8000, 0x8000, 0x8000, 0x8000, 0x8000, 0x8000, 0x8000, 0x8000, 0x8000, 0x8000,
    0x8000, 0x8000, 0x8000, 0x8000, 0x0064, 0x0465, 0x00CB, 0x3257, 0x3A34, 0x0045, 0x08CA, 0x04EC, 0x04EB, 0x0D72, 0x0D71, 0x0045,
    0x8000, 0x1000, 0x0C00, 0x0800, 0x0C00, 0x1400, 0x1400, 0x1400, 0x3800, 0x3000, 0x1000, 0x2400, 0x1C00, 0x2000, 0x2800, 0x2400,
    0x0800, 0x8000, 0x8000, 0x8000, 0x1063, 0x0C63, 0x8000, 0x8000, 0x8000, 0x8000, 0x0842, 0x1484, 0x0842, 0x0400, 0x316C, 0x20E7,
    0x1CC6, 0x2909, 0x2929, 0x2D4A, 0x314B, 0x2D4A, 0x316B, 0x316B, 0x2D4B, 0x2D4A, 0x2D4A, 0x2D4A, 0x5294, 0x39CE, 0x0C42, 0x1063,
    0x0C63, 0x8000, 0x8000, 0x8000, 0x8000, 0x8000, 0x8000, 0x8000, 0x8000, 0x8000, 0x8000, 0x8000, 0x0842, 0x0C42, 0x0821, 0x1484,
    0x14A5, 0x1063, 0x0C63, 0x0400, 0x1400, 0x2C00, 0x3000, 0x3400, 0x1800, 0x8000, 0x8000, 0x8000, 0x8000, 0x8000, 0x8000, 0x8000,
    0x8000, 0x8000, 0x8000, 0x8000, 0x8000, 0x8000, 0x8000, 0x8000, 0x8000, 0x8000, 0x8000, 0x8000, 0x8000, 0x8000, 0x8000, 0x8000,
    0x8000, 0x8000, 0x8000, 0x8000, 0x8000, 0x8000, 0x8000, 0x8000, 0x8000, 0x8000, 0x8000, 0x8000, 0x8000, 0x8000, 0x8000, 0x8000,
    0x8000, 0x8000, 0x8000, 0x8000, 0x0043, 0x0044, 0x00CA, 0x2A15, 0x3213, 0x0088, 0x04CA, 0x04A9, 0x090C, 0x0DB4, 0x04CA, 0x0023,
    0x8000, 0x0C00, 0x1800, 0x0800, 0x0C00, 0x2000, 0x1400, 0x2000, 0x4800, 0x2000, 0x1800, 0x2000, 0x3000, 0x2C00, 0x1400, 0x0400,
    0x8000, 0x8000, 0x8000, 0x8000, 0x8000, 0x8000, 0x8000, 0x8000, 0x8000, 0x1484, 0x1CC6, 0x0842, 0x8000, 0x2929, 0x2D4A, 0x18A5,
    0x2929, 0x2929, 0x2D4A, 0x2D4B, 0x2D4B, 0x316C, 0x316B, 0x316B, 0x316B, 0x316B, 0x2D4A, 0x4E74, 0x318C, 0x0C42, 0x0C63, 0x0842,
    0x8000, 0x8000, 0x8000, 0x8000, 0x8000, 0x8000, 0x8000, 0x8000, 0x8000, 0x8000, 0x8000, 0x8000, 0x8000, 0x0421, 0x0C63, 0x0842,
    0x14A5, 0x18A5, 0x1063, 0x0400, 0x0C00, 0x1C00, 0x3000, 0x3400, 0x2C00, 0x8000, 0x8000, 0x8000, 0x8000, 0x8000, 0x8000, 0x8000,
    0x8000, 0x8000, 0x8000, 0x8000, 0x8000, 0x8000, 0x8000, 0x8000, 0x8000, 0x8000, 0x8000, 0x8000, 0x8000, 0x8000, 0x8000, 0x8000,
    0x8000, 0x8000, 0x8000, 0x8000, 0x8000, 0x8000, 0x8000, 0x8000, 0x8000, 0x8000, 0x8000, 0x8000, 0x8000, 0x8000, 0x8000, 0x8000,
    0x8000, 0x8000, 0x8000, 0x8000, 0x8000, 0x8000, 0x04EB, 0x2615, 0x29F3, 0x0045, 0x0487, 0x04CA, 0x0950, 0x0D92, 0x0066, 0x8000,
    0x8000, 0x0400, 0x2000, 0x1400, 0x0C00, 0x1C00, 0x1000, 0x3800, 0x3400, 0x1800, 0x2800, 0x3000, 0x1800, 0x0800, 0x8000, 0x8000,
    0x0421, 0x8000, 0x8000, 0x8000, 0x8000, 0x8000, 0x8000, 0x1064, 0x2508, 0x18A5, 0x0421, 0x8000, 0x1485, 0x316C, 0x18A5, 0x20E7,
    0x2509, 0x2D4A, 0x2D4A, 0x314B, 0x316B, 0x316C, 0x358C, 0x316C, 0x316C, 0x316B, 0x4E73, 0x318C, 0x0841, 0x0C63, 0x0421, 0x8000,
    0x8000, 0x8000, 0x8000, 0x8000, 0x8000, 0x8000, 0x8000, 0x8000, 0x8000, 0x8000, 0x8000, 0x8000, 0x8000, 0x8000, 0x0421, 0x1063,
    0x0821, 0x14A5, 0x1484, 0x0821, 0x0400, 0x1000, 0x3000, 0x3400, 0x3000, 0x1400, 0x8000, 0x8000, 0x8000, 0x8000, 0x8000, 0x8000,
    0x8000, 0x8000, 0x8000, 0x8000, 0x8000, 0x8000, 0x8000, 0x8000, 0x8000, 0x8000, 0x8000, 0x8000, 0x8000, 0x8000, 0x8000, 0x8000,
    0x8000, 0x8000, 0x8000, 0x8000, 0x8000, 0x8000, 0x8000, 0x8000, 0x8000, 0x8000, 0x8000, 0x8000, 0x8000, 0x8000, 0x8000, 0x8000,
    0x8000, 0x8000, 0x8000, 0x8000, 0x0421, 0x1484, 0x04A7, 0x19D4, 0x21B1, 0x0045, 0x04A8, 0x04CA, 0x15D4, 0x0D0D, 0x0044, 0x8000,
    0x8000, 0x8000, 0x1C00, 0x2000, 0x1000, 0x1400, 0x2400, 0x4C00, 0x2000, 0x2000, 0x2C00, 0x1400, 0x8000, 0x8000, 0x0420, 0x0842,
    0x0400, 0x8000, 0x8000, 0x8000, 0x8000, 0x0421, 0x20E7, 0x2D4A, 0x18A5, 0x0421, 0x8000, 0x0C63, 0x358C, 0x1CE7, 0x1CC6, 0x2908,
    0x2D2A, 0x2D4B, 0x314B, 0x316B, 0x358C, 0x358D, 0x358D, 0x358D, 0x358C, 0x4E74, 0x2D4B, 0x0821, 0x1063, 0x0420, 0x8000, 0x8000,
    0x8000, 0x8000, 0x8000, 0x8000, 0x0821, 0x0C42, 0x0421, 0x8000, 0x8000, 0x8000, 0x8000, 0x8000, 0x8000, 0x8000, 0x8000, 0x0821,
    0x0C62, 0x0842, 0x18A6, 0x0C63, 0x8000, 0x0C00, 0x2400, 0x3400, 0x3400, 0x2400, 0x8000, 0x8000, 0x8000, 0x8000, 0x8000, 0x8000,
    0x8000, 0x8000, 0x8000, 0x8000, 0x8000, 0x8000, 0x8000, 0x8000, 0x8000, 0x8000, 0x8000, 0x8000, 0x8000, 0x8000, 0x8000, 0x8000,
    0x8000, 0x8000, 0x8000, 0x8000, 0x8000, 0x8000, 0x8000, 0x8000, 0x8000, 0x8000, 0x8000, 0x8000, 0x8000, 0x8000, 0x8000, 0x8000,
    0x8000, 0x8000, 0x8000, 0x0842, 0x2508, 0x1484, 0x0022, 0x15B3, 0x19B1, 0x0065, 0x04A9, 0x090D, 0x0D92, 0x0487, 0x0001, 0x8000,
    0x8000, 0x8000, 0x1C00, 0x2C00, 0x1000, 0x1C00, 0x4400, 0x3000, 0x1C00, 0x2400, 0x1000, 0x8000, 0x8000, 0x0842, 0x0C42, 0x0421,
    0x8000, 0x8000, 0x8000, 0x0421, 0x20E7, 0x356C, 0x20E7, 0x0821, 0x0421, 0x8000, 0x0821, 0x314B, 0x2508, 0x18A5, 0x2508, 0x2929,
    0x2D4A, 0x2D4B, 0x316B, 0x316C, 0x358D, 0x358D, 0x358D, 0x318C, 0x4E74, 0x35AD, 0x0821, 0x1063, 0x0400, 0x8000, 0x8000, 0x8000,
    0x8000, 0x8000, 0x0C42, 0x2D4B, 0x4611, 0x316C, 0x20E7, 0x1CC6, 0x18A5, 0x0842, 0x8000, 0x8000, 0x8000, 0x8000, 0x8000, 0x8000,
    0x0842, 0x0C42, 0x1063, 0x18A5, 0x8000, 0x0C00, 0x1800, 0x3000, 0x3400, 0x2C00, 0x0800, 0x8000, 0x8000, 0x8000, 0x8000, 0x8000,
    0x8000, 0x8000, 0x8000, 0x8000, 0x8000, 0x8000, 0x8000, 0x8000, 0x8000, 0x8000, 0x8000, 0x8000, 0x8000, 0x8000, 0x8000, 0x8000,
    0x8000, 0x8000, 0x8000, 0x8000, 0x8000, 0x8000, 0x8000, 0x8000, 0x8000, 0x8000, 0x8000, 0x8000, 0x8000, 0x8000, 0x8000, 0x8000,
    0x8000, 0x8000, 0x0C43, 0x2D4A, 0x1484, 0x8000, 0x0001, 0x1170, 0x19B2, 0x0066, 0x04A9, 0x0D71, 0x090D, 0x0023, 0x8000, 0x8000,
    0x0400, 0x8000, 0x1000, 0x3400, 0x1400, 0x2C00, 0x3C00, 0x2000, 0x2000, 0x0C00, 0x8000, 0x8000, 0x0C42, 0x1063, 0x0821, 0x8000,
    0x8000, 0x0400, 0x1CC7, 0x358C, 0x2D4B, 0x1484, 0x0821, 0x0821, 0x0400, 0x8000, 0x2D4B, 0x2D4A, 0x18A5, 0x20E7, 0x2508, 0x2929,
    0x2D4B, 0x316B, 0x316C, 0x358D, 0x35AD, 0x39AD, 0x358C, 0x4A52, 0x39CE, 0x0C42, 0x1063, 0x0421, 0x8000, 0x8000, 0x8000, 0x8000,
    0x8000, 0x1484, 0x3DEF, 0x6F7C, 0x4E53, 0x2508, 0x18A5, 0x1484, 0x18A5, 0x1CC6, 0x18A5, 0x0C63, 0x8000, 0x8000, 0x8000, 0x8000,
    0x8000, 0x0C62, 0x0842, 0x18A5, 0x0821, 0x0400, 0x1000, 0x2800, 0x3000, 0x3000, 0x1C00, 0x8000, 0x8000, 0x8000, 0x8000, 0x8000,
    0x8000, 0x8000, 0x8000, 0x8000, 0x8000, 0x8000, 0x8000, 0x8000, 0x8000, 0x8000, 0x8000, 0x8000, 0x8000, 0x8000, 0x8000, 0x8000,
    0x8000, 0x8000, 0x8000, 0x8000, 0x8000, 0x8000, 0x8000, 0x8000, 0x8000, 0x8000, 0x8000, 0x8000, 0x8000, 0x8000, 0x8000, 0x8000,
    0x8000, 0x0421, 0x316B, 0x1CC6, 0x8000, 0x8000, 0x8000, 0x0D2D, 0x19B3, 0x0066, 0x04EB, 0x0D93, 0x0087, 0x0001, 0x8000, 0x8000,
    0x8000, 0x8000, 0x1000, 0x3800, 0x2400, 0x3C00, 0x2400, 0x1800, 0x0400, 0x8000, 0x0421, 0x1063, 0x0C42, 0x8000, 0x8000, 0x0421,
    0x2529, 0x358D, 0x358D, 0x1CC6, 0x0821, 0x0821, 0x0821, 0x0420, 0x0421, 0x318C, 0x358C, 0x18A5, 0x20E7, 0x24E8, 0x2909, 0x2D2A,
    0x2D4A, 0x316B, 0x358C, 0x358D, 0x358D, 0x316C, 0x4631, 0x41F0, 0x0C42, 0x1063, 0x0421, 0x8000, 0x8000, 0x8000, 0x8000, 0x0400,
    0x14A5, 0x3DEF, 0x41F0, 0x4631, 0x4210, 0x2909, 0x1CC6, 0x1063, 0x0C42, 0x0C62, 0x1084, 0x18C6, 0x1CC6, 0x0842, 0x8000, 0x8000,
    0x8000, 0x0421, 0x0C42, 0x1084, 0x0C63, 0x0400, 0x0C00, 0x1C00, 0x3000, 0x3400, 0x2400, 0x8000, 0x8000, 0x8000, 0x8000, 0x8000,
    0x8000, 0x8000, 0x8000, 0x8000, 0x8000, 0x8000, 0x8000, 0x8000, 0x8000, 0x8000, 0x8000, 0x8000, 0x8000, 0x8000, 0x8000, 0x8000,
    0x8000, 0x8000, 0x8000, 0x8000, 0x8000, 0x8000, 0x8000, 0x8000, 0x8000, 0x8000, 0x8000, 0x8000, 0x8000, 0x8000, 0x8000, 0x8000,
    0x8000, 0x292A, 0x292A, 0x0400, 0x8000, 0x8000, 0x8000, 0x08C9, 0x11B4, 0x0087, 0x092F, 0x050D, 0x0022, 0x8000, 0x8000, 0x8000,
    0x8000, 0x8000, 0x0C00, 0x3C00, 0x4000, 0x2800, 0x1400, 0x0800, 0x8000, 0x0400, 0x0821, 0x0400, 0x8000, 0x0C42, 0x2D4B, 0x4210,
    0x39AD, 0x1CC6, 0x0C42, 0x0821, 0x0C42, 0x0842, 0x0421, 0x8000, 0x39CF, 0x3DEF, 0x18A5, 0x20E7, 0x24E8, 0x2508, 0x2929, 0x2D4A,
    0x2D4B, 0x316C, 0x358D, 0x358D, 0x318C, 0x4631, 0x4210, 0x0C63, 0x1063, 0x0821, 0x8000, 0x8000, 0x8000, 0x8000, 0x0400, 0x14A5,
    0x35AD, 0x2D4A, 0x20E7, 0x358C, 0x5294, 0x358C, 0x20E7, 0x18A5, 0x1484, 0x1063, 0x0842, 0x0C42, 0x1484, 0x1CC6, 0x1063, 0x8000,
    0x8000, 0x8000, 0x0C42, 0x0C63, 0x1063, 0x0400, 0x0C00, 0x1400, 0x2C00, 0x3000, 0x2C00, 0x0C00, 0x8000, 0x8000, 0x8000, 0x8000,
    0x8000, 0x8000, 0x8000, 0x8000, 0x8000, 0x8000, 0x8000, 0x8000, 0x8000, 0x8000, 0x8000, 0x8000, 0x8000, 0x8000, 0x8000, 0x8000,
    0x8000, 0x8000, 0x8000, 0x8000, 0x8000, 0x8000, 0x8000, 0x8000, 0x8000, 0x8000, 0x8000, 0x8000, 0x8000, 0x8000, 0x8000, 0x8000,
    0x1064, 0x39AE, 0x1063, 0x8000, 0x8000, 0x8000, 0x8000, 0x0486, 0x0D93, 0x04CA, 0x0D71, 0x0065, 0x0800, 0x0400, 0x8000, 0x0421,
    0x0421, 0x8000, 0x1000, 0x4420, 0x2800, 0x1000, 0x8000, 0x8000, 0x8000, 0x0400, 0x8000, 0x1485, 0x3DCF, 0x4E74, 0x39AE, 0x1CE7,
    0x0C62, 0x0C42, 0x0C63, 0x0C42, 0x0842, 0x0821, 0x8000, 0x39CE, 0x5AD7, 0x20E8, 0x24E8, 0x2508, 0x2909, 0x2929, 0x2D4A, 0x316B,
    0x358C, 0x358C, 0x35AD, 0x358C, 0x4210, 0x4A53, 0x1084, 0x0C63, 0x0842, 0x8000, 0x8000, 0x8000, 0x8000, 0x8000, 0x1484, 0x358D,
    0x2509, 0x18A5, 0x2508, 0x2D4A, 0x4E53, 0x4631, 0x2508, 0x1CC6, 0x14A4, 0x1084, 0x0C63, 0x0C42, 0x0842, 0x0C63, 0x18A5, 0x1484,
    0x8000, 0x8000, 0x0421, 0x0C42, 0x1063, 0x8000, 0x0C00, 0x1000, 0x2400, 0x3000, 0x3400, 0x1C00, 0x8000, 0x8000, 0x8000, 0x8000,
    0x8000, 0x8000, 0x8000, 0x8000, 0x8000, 0x8000, 0x8000, 0x8000, 0x8000, 0x8000, 0x8000, 0x8000, 0x8000, 0x8000, 0x8000, 0x8000,
    0x8000, 0x8000, 0x8000, 0x8000, 0x8000, 0x8000, 0x8000, 0x8000, 0x8000, 0x8000, 0x8000, 0x8000, 0x8000, 0x8000, 0x8000, 0x8000,
    0x2D4B, 0x318C, 0x0420, 0x8000, 0x8000, 0x8000, 0x8000, 0x0064, 0x0D92, 0x090D, 0x050C, 0x0001, 0x1000, 0x0400, 0x8000, 0x0421,
    0x0400, 0x8000, 0x1400, 0x2000, 0x0400, 0x8000, 0x8000, 0x1063, 0x1CC6, 0x0842, 0x4E73, 0x5AD7, 0x35AD, 0x1CE7, 0x1484, 0x1083,
    0x1484, 0x1084, 0x0C63, 0x0C42, 0x0842, 0x8000, 0x1084, 0x6319, 0x5AD7, 0x316C, 0x2929, 0x2D2A, 0x2D2A, 0x2D4A, 0x314B, 0x356C,
    0x358C, 0x358D, 0x316C, 0x3DF0, 0x4A53, 0x14A5, 0x0C63, 0x0C63, 0x8000, 0x8000, 0x8000, 0x8000, 0x8000, 0x0C63, 0x316B, 0x2508,
    0x1484, 0x1CC6, 0x24E8, 0x2929, 0x41F0, 0x5AD6, 0x316B, 0x20E7, 0x18A5, 0x1484, 0x1083, 0x0C42, 0x0C42, 0x0C42, 0x0842, 0x1484,
    0x1485, 0x8000, 0x8000, 0x0C42, 0x0C63, 0x8000, 0x0800, 0x0C00, 0x1C00, 0x3000, 0x3400, 0x2000, 0x8000, 0x8000, 0x8000, 0x8000,
    0x8000, 0x8000, 0x8000, 0x8000, 0x8000, 0x8000, 0x8000, 0x8000, 0x8000, 0x8000, 0x8000, 0x8000, 0x8000, 0x8000, 0x8000, 0x8000,
    0x8000, 0x8000, 0x8000, 0x8000, 0x8000, 0x8000, 0x8000, 0x8000, 0x8000, 0x8000, 0x8000, 0x8000, 0x8000, 0x8000, 0x8000, 0x0822,
    0x3DEF, 0x18A6, 0x8000, 0x8000, 0x8000, 0x8000, 0x8000, 0x0001, 0x0D2E, 0x0D70, 0x0087, 0x8000, 0x8000, 0x8000, 0x8000, 0x8000,
    0x8000, 0x8000, 0x8000, 0x8000, 0x0C63, 0x1CE7, 0x316B, 0x316B, 0x1484, 0x0420, 0x4611, 0x2929, 0x1484, 0x18A5, 0x1CC6, 0x18C6,
    0x14A4, 0x1084, 0x0C63, 0x0C42, 0x0821, 0x8000, 0x2108, 0x358D, 0x41EF, 0x5EF7, 0x318C, 0x2D2A, 0x316B, 0x316B, 0x316C, 0x358C,
    0x358D, 0x35AD, 0x39AE, 0x4A53, 0x20E7, 0x0C42, 0x0C63, 0x8000, 0x8000, 0x8000, 0x8000, 0x8000, 0x0842, 0x2929, 0x2508, 0x1084,
    0x1CC6, 0x20E7, 0x2508, 0x2929, 0x316B, 0x5295, 0x4210, 0x2929, 0x1CC7, 0x18A5, 0x1484, 0x1063, 0x0C42, 0x0C42, 0x0C42, 0x0842,
    0x1484, 0x14A5, 0x8000, 0x0421, 0x0C63, 0x0400, 0x0800, 0x0800, 0x1800, 0x3000, 0x3000, 0x2800, 0x0800, 0x8000, 0x8000, 0x8000,
    0x8000, 0x8000, 0x8000, 0x8000, 0x8000, 0x8000, 0x8000, 0x8000, 0x8000, 0x8000, 0x8000, 0x8000, 0x8000, 0x8000, 0x8000, 0x8000,
    0x8000, 0x8000, 0x8000, 0x8000, 0x8000, 0x8000, 0x8000, 0x8000, 0x8000, 0x8000, 0x8000, 0x8000, 0x8000, 0x8000, 0x8000, 0x1084,
    0x4210, 0x1064, 0x8000, 0x8000, 0x8000, 0x8000, 0x8000, 0x8000, 0x090C, 0x090D, 0x0001, 0x8000, 0x8000, 0x8000, 0x8000, 0x8000,
    0x8000, 0x14A5, 0x294A, 0x39AE, 0x39CE, 0x2D4B, 0x1CC6, 0x0C62, 0x0421, 0x8000, 0x358D, 0x2D2A, 0x24E7, 0x20E7, 0x1CC6, 0x18C6,
    0x14A4, 0x1063, 0x0C63, 0x0C42, 0x0421, 0x8000, 0x2929, 0x20E8, 0x18A5, 0x41F0, 0x5AD7, 0x39AD, 0x316C, 0x316C, 0x318C, 0x39AE,
    0x39AE, 0x358D, 0x5295, 0x2D4B, 0x0821, 0x1484, 0x0421, 0x8000, 0x8000, 0x8000, 0x8000, 0x0400, 0x20E7, 0x2D4A, 0x1083, 0x18A5,
    0x1CC6, 0x20E7, 0x20E7, 0x2909, 0x2D4A, 0x4611, 0x56B6, 0x316B, 0x20E7, 0x1CC6, 0x18A5, 0x1484, 0x0C62, 0x0C42, 0x0C42, 0x0C42,
    0x0842, 0x1084, 0x18A5, 0x8000, 0x0421, 0x0400, 0x0800, 0x0800, 0x1000, 0x2800, 0x3400, 0x2C00, 0x0C00, 0x8000, 0x8000, 0x8000,
    0x8000, 0x8000, 0x8000, 0x8000, 0x8000, 0x8000, 0x8000, 0x8000, 0x8000, 0x8000, 0x8000, 0x8000, 0x8000, 0x8000, 0x8000, 0x8000,
    0x8000, 0x8000, 0x8000, 0x8000, 0x8000, 0x8000, 0x8000, 0x8000, 0x8000, 0x8000, 0x8000, 0x8000, 0x8000, 0x8000, 0x8000, 0x18A5,
    0x4631, 0x1063, 0x8000, 0x8000, 0x8000, 0x8000, 0x8000, 0x8000, 0x04A8, 0x0486, 0x8000, 0x8000, 0x0421, 0x1064, 0x2108, 0x318C,
    0x4210, 0x4210, 0x358C, 0x20E7, 0x1063, 0x0C42, 0x0C42, 0x0C42, 0x0841, 0x8000, 0x2529, 0x358C, 0x20E7, 0x20E7, 0x1CC6, 0x18C6,
    0x1484, 0x1063, 0x0C63, 0x0842, 0x0400, 0x0842, 0x2D2A, 0x1063, 0x1484, 0x20E7, 0x4631, 0x5AD7, 0x39AD, 0x39AE, 0x39AD, 0x39AD,
    0x35AD, 0x4E74, 0x39CE, 0x0842, 0x1484, 0x0421, 0x8000, 0x8000, 0x8000, 0x8000, 0x8000, 0x1484, 0x2D4B, 0x1484, 0x14A5, 0x1CC6,
    0x1CC6, 0x1CC7, 0x24E8, 0x2909, 0x2D4A, 0x39AE, 0x5AD6, 0x3DEF, 0x2929, 0x20E7, 0x18C6, 0x18A5, 0x1084, 0x0C63, 0x0C42, 0x0C42,
    0x0C42, 0x0842, 0x1084, 0x1084, 0x8000, 0x8000, 0x0800, 0x0800, 0x0C00, 0x2000, 0x3400, 0x3000, 0x1400, 0x8000, 0x8000, 0x8000,
    0x8000, 0x8000, 0x8000, 0x8000, 0x8000, 0x8000, 0x8000, 0x8000, 0x8000, 0x8000, 0x8000, 0x8000, 0x8000, 0x8000, 0x8000, 0x8000,
    0x8000, 0x8000, 0x8000, 0x8000, 0x8000, 0x8000, 0x8000, 0x8000, 0x8000, 0x8000, 0x8000, 0x8000, 0x8000, 0x8000, 0x8000, 0x18A6,
    0x4E73, 0x1484, 0x8000, 0x8000, 0x8000, 0x8000, 0x8000, 0x8000, 0x8000, 0x8000, 0x8000, 0x18A5, 0x6318, 0x56B5, 0x41F0, 0x316B,
    0x20E7, 0x1063, 0x0C42, 0x0C63, 0x1063, 0x1063, 0x1063, 0x1063, 0x0C42, 0x8000, 0x1084, 0x39AE, 0x20C7, 0x20E7, 0x1CC6, 0x14A5,
    0x1484, 0x1063, 0x0C42, 0x0842, 0x8000, 0x1063, 0x2508, 0x0C42, 0x1084, 0x18A5, 0x1CC6, 0x4631, 0x5EF8, 0x3DCF, 0x3DCE, 0x39AD,
    0x4631, 0x4E53, 0x1063, 0x1063, 0x0821, 0x8000, 0x8000, 0x8000, 0x8000, 0x8000, 0x0842, 0x2D4A, 0x1CC6, 0x1083, 0x18A5, 0x1CC6,
    0x1CC6, 0x1CC6, 0x24E8, 0x2909, 0x2929, 0x2D4A, 0x5295, 0x5295, 0x2D2A, 0x2508, 0x1CC6, 0x18A5, 0x18A5, 0x1484, 0x0C63, 0x0C42,
    0x0C42, 0x0842, 0x0821, 0x1484, 0x1084, 0x8000, 0x0800, 0x0800, 0x0800, 0x1800, 0x3000, 0x3000, 0x1800, 0x8000, 0x8000, 0x8000,
    0x8000, 0x8000, 0x8000, 0x8000, 0x8000, 0x8000, 0x8000, 0x8000, 0x8000, 0x8000, 0x8000, 0x8000, 0x8000, 0x8000, 0x8000, 0x8000,
    0x8000, 0x8000, 0x8000, 0x8000, 0x8000, 0x8000, 0x8000, 0x8000, 0x8000, 0x8000, 0x8000, 0x8000, 0x8000, 0x8000, 0x0421, 0x1484,
    0x4210, 0x2D4B, 0x8000, 0x8000, 0x8000, 0x8000, 0x8000, 0x8000, 0x8000, 0x8000, 0x8000, 0x316C, 0x294A, 0x1063, 0x0C42, 0x0842,
    0x0C42, 0x1083, 0x1484, 0x1484, 0x1484, 0x1484, 0x1084, 0x1063, 0x0C42, 0x0421, 0x0400, 0x316C, 0x292A, 0x1CC6, 0x18C6, 0x18A5,
    0x1083, 0x1063, 0x0C42, 0x0421, 0x8000, 0x1084, 0x20E8, 0x0C42, 0x0C63, 0x1063, 0x18A5, 0x20E8, 0x4E74, 0x5F18, 0x41F0, 0x41F0,
    0x5AD7, 0x1CC6, 0x0C63, 0x0C42, 0x8000, 0x8000, 0x8000, 0x8000, 0x8000, 0x0400, 0x2108, 0x2508, 0x1083, 0x18C5, 0x1CC6, 0x1CC6,
    0x1CC6, 0x20E7, 0x24E8, 0x2508, 0x2929, 0x2D4A, 0x4210, 0x5F18, 0x39AE, 0x2909, 0x20E7, 0x1CC6, 0x18A5, 0x18A5, 0x1084, 0x1063,
    0x0C42, 0x0842, 0x0842, 0x0842, 0x1484, 0x0C63, 0x8000, 0x0800, 0x0800, 0x1000, 0x2C00, 0x3400, 0x1C00, 0x8000, 0x8000, 0x8000,
    0x8000, 0x8000, 0x8000, 0x8000, 0x8000, 0x8000, 0x8000, 0x8000, 0x8000, 0x8000, 0x8000, 0x8000, 0x8000, 0x8000, 0x8000, 0x8000,
    0x8000, 0x8000, 0x8000, 0x8000, 0x8000, 0x8000, 0x8000, 0x8000, 0x8000, 0x8000, 0x8000, 0x8000, 0x8000, 0x8000, 0x0842, 0x1084,
    0x2D4A, 0x5ED7, 0x18A5, 0x8000, 0x8000, 0x8000, 0x8000, 0x8000, 0x8000, 0x8000, 0x0C42, 0x316B, 0x1084, 0x0C42, 0x1083, 0x1084,
    0x1484, 0x1484, 0x14A5, 0x14A5, 0x18A5, 0x14A4, 0x1484, 0x1083, 0x0C63, 0x0841, 0x8000, 0x1CE7, 0x356C, 0x1CC6, 0x1CC6, 0x1484,
    0x0C63, 0x0421, 0x8000, 0x8000, 0x8000, 0x18A5, 0x1CC7, 0x0C42, 0x1063, 0x1063, 0x1484, 0x18A5, 0x24E8, 0x5EF7, 0x5F18, 0x5EF8,
    0x2D6B, 0x0842, 0x1084, 0x8000, 0x8000, 0x8000, 0x8000, 0x8000, 0x8000, 0x1084, 0x2929, 0x1484, 0x18A5, 0x1CC6, 0x20E7, 0x20E7,
    0x20E7, 0x20E7, 0x20E7, 0x2508, 0x2929, 0x2D4B, 0x358D, 0x5EF7, 0x5294, 0x2D4B, 0x2508, 0x20E7, 0x1CC6, 0x18A5, 0x14A4, 0x1063,
    0x0C63, 0x0C63, 0x0C42, 0x0842, 0x0842, 0x1484, 0x0842, 0x0400, 0x0800, 0x0C00, 0x2400, 0x3400, 0x1C00, 0x8000, 0x8000, 0x8000,
    0x8000, 0x8000, 0x8000, 0x8000, 0x8000, 0x8000, 0x8000, 0x8000, 0x8000, 0x8000, 0x8000, 0x8000, 0x8000, 0x8000, 0x8000, 0x8000,
    0x8000, 0x8000, 0x8000, 0x8000, 0x8000, 0x8000, 0x8000, 0x8000, 0x8000, 0x8000, 0x8000, 0x8000, 0x8000, 0x8000, 0x1484, 0x1063,
    0x20E7, 0x41EF, 0x0C42, 0x8000, 0x8000, 0x8000, 0x8000, 0x8000, 0x8000, 0x8000, 0x2508, 0x20E7, 0x0C42, 0x1063, 0x1063, 0x1083,
    0x1484, 0x14A5, 0x18A5, 0x18A5, 0x18A5, 0x18A5, 0x14A5, 0x1484, 0x1063, 0x0842, 0x0400, 0x0821, 0x2929, 0x20E7, 0x1084, 0x0420,
    0x8000, 0x0421, 0x0C42, 0x1084, 0x0821, 0x1CC6, 0x18A5, 0x0C62, 0x1063, 0x1083, 0x1084, 0x14A4, 0x20C6, 0x314B, 0x739D, 0x56B5,
    0x0821, 0x1084, 0x0421, 0x8000, 0x8000, 0x8000, 0x8000, 0x8000, 0x0821, 0x2909, 0x1CC7, 0x1484, 0x1CC6, 0x20E7, 0x20E7, 0x24E8,
    0x20E7, 0x20E7, 0x20E7, 0x24E8, 0x2909, 0x2D4A, 0x358C, 0x4E74, 0x5EF7, 0x39AE, 0x2D4A, 0x24E8, 0x20E7, 0x18C6, 0x18A5, 0x14A4,
    0x1084, 0x0C63, 0x0C42, 0x0C42, 0x0841, 0x0C63, 0x1484, 0x0400, 0x0800, 0x0800, 0x2000, 0x3400, 0x1C00, 0x8000, 0x8000, 0x8000,
    0x8000, 0x8000, 0x8000, 0x8000, 0x8000, 0x8000, 0x8000, 0x8000, 0x8000, 0x8000, 0x8000, 0x8000, 0x8000, 0x8000, 0x8000, 0x8000,
    0x8000, 0x8000, 0x8000, 0x8000, 0x8000, 0x8000, 0x8000, 0x8000, 0x8000, 0x8000, 0x8000, 0x8000, 0x8000, 0x1484, 0x1CC6, 0x0C63,
    0x18C6, 0x2D4A, 0x0842, 0x8000, 0x8000, 0x8000, 0x8000, 0x8000, 0x8000, 0x0842, 0x2D4B, 0x1063, 0x0C63, 0x1063, 0x1063, 0x1484,
    0x14A4, 0x18A5, 0x18C6, 0x18C5, 0x18C6, 0x18A5, 0x18A5, 0x1484, 0x1063, 0x0C42, 0x0821, 0x8000, 0x0842, 0x0C42, 0x0821, 0x1084,
    0x18C6, 0x20E7, 0x18A5, 0x0C42, 0x0421, 0x1CC6, 0x1484, 0x1063, 0x1063, 0x1083, 0x1484, 0x1484, 0x18A5, 0x2508, 0x5AD7, 0x20E7,
    0x0C42, 0x1063, 0x8000, 0x8000, 0x8000, 0x8000, 0x8000, 0x8000, 0x1CC6, 0x2929, 0x14A4, 0x1CC6, 0x20E7, 0x20E7, 0x2508, 0x2508,
    0x2508, 0x20E7, 0x24E8, 0x2508, 0x2929, 0x2D4A, 0x316C, 0x3DEF, 0x673A, 0x4A53, 0x316B, 0x2D4A, 0x24E8, 0x1CC6, 0x1CC6, 0x18A5,
    0x14A4, 0x1084, 0x1063, 0x0C42, 0x0C42, 0x0841, 0x1084, 0x1063, 0x0400, 0x0800, 0x1800, 0x3400, 0x1C00, 0x8000, 0x8000, 0x8000,
    0x8000, 0x8000, 0x8000, 0x8000, 0x8000, 0x8000, 0x8000, 0x8000, 0x8000, 0x8000, 0x8000, 0x8000, 0x8000, 0x8000, 0x8000, 0x8000,
    0x8000, 0x8000, 0x8000, 0x8000, 0x8000, 0x8000, 0x8000, 0x8000, 0x8000, 0x8000, 0x8000, 0x8000, 0x0842, 0x20E7, 0x0C42, 0x0821,
    0x18A5, 0x316B, 0x0C63, 0x8000, 0x8000, 0x8000, 0x8000, 0x8000, 0x8000, 0x20E8, 0x2508, 0x0842, 0x1063, 0x1063, 0x1064, 0x1484,
    0x14A5, 0x18A5, 0x18A6, 0x18C6, 0x18C5, 0x18A5, 0x1484, 0x1063, 0x0842, 0x0421, 0x8000, 0x0421, 0x0800, 0x1CC7, 0x3DCF, 0x2509,
    0x18C6, 0x0C62, 0x0842, 0x0421, 0x0421, 0x20E7, 0x1084, 0x1063, 0x1084, 0x1484, 0x1484, 0x1484, 0x1484, 0x2D4A, 0x35AD, 0x0C42,
    0x1484, 0x0421, 0x8000, 0x8000, 0x8000, 0x8000, 0x8000, 0x0C62, 0x2929, 0x1CC6, 0x18C5, 0x20E7, 0x24E8, 0x2508, 0x2908, 0x2508,
    0x2508, 0x2508, 0x24E8, 0x2929, 0x2929, 0x2D4B, 0x358C, 0x39CE, 0x5AD7, 0x5F18, 0x3DCF, 0x2D4A, 0x2508, 0x20C7, 0x1CC6, 0x18A5,
    0x14A4, 0x1484, 0x1084, 0x1063, 0x0C43, 0x0842, 0x0C42, 0x1484, 0x0421, 0x0400, 0x1400, 0x3000, 0x1C00, 0x8000, 0x8000, 0x8000,
    0x8000, 0x8000, 0x8000, 0x8000, 0x8000, 0x8000, 0x8000, 0x8000, 0x8000, 0x8000, 0x8000, 0x8000, 0x8000, 0x8000, 0x8000, 0x8000,
    0x8000, 0x8000, 0x8000, 0x8000, 0x8000, 0x8000, 0x8000, 0x8000, 0x8000, 0x8000, 0x8000, 0x8000, 0x20E7, 0x1463, 0x1421, 0x0821,
    0x1484, 0x2929, 0x1484, 0x8000, 0x8000, 0x8000, 0x8000, 0x8000, 0x0842, 0x2D2A, 0x1484, 0x0C42, 0x1063, 0x1063, 0x1084, 0x1484,
    0x14A5, 0x18A5, 0x18A5, 0x18A5, 0x1484, 0x0C42, 0x0821, 0x8000, 0x0400, 0x1041, 0x2484, 0x28A4, 0x3462, 0x1021, 0x292A, 0x1484,
    0x0C62, 0x0C42, 0x0C42, 0x0421, 0x0821, 0x20E8, 0x1063, 0x1083, 0x1084, 0x1484, 0x1484, 0x18A5, 0x14A5, 0x358C, 0x20E8, 0x0C42,
    0x0C63, 0x8000, 0x8000, 0x8000, 0x8000, 0x8000, 0x0400, 0x2108, 0x2508, 0x14A5, 0x20E7, 0x24E8, 0x2508, 0x2909, 0x2D2A, 0x2929,
    0x2909, 0x2508, 0x2508, 0x2508, 0x2929, 0x2D4A, 0x316C, 0x4211, 0x4E74, 0x739C, 0x5AD7, 0x4E53, 0x4632, 0x41F0, 0x358C, 0x2929,
    0x20E7, 0x18A5, 0x1084, 0x1084, 0x0C63, 0x0C42, 0x0821, 0x0C63, 0x1063, 0x8000, 0x1000, 0x2800, 0x1C00, 0x8000, 0x8000, 0x8000,
    0x8000, 0x8000, 0x8000, 0x8000, 0x8000, 0x8000, 0x8000, 0x8000, 0x8000, 0x8000, 0x8000, 0x8000, 0x8000, 0x8000, 0x8000, 0x8000,
    0x8000, 0x8000, 0x8000, 0x8000, 0x8000, 0x8000, 0x8000, 0x8000, 0x8000, 0x8000, 0x8000, 0x18A5, 0x1CC6, 0x0C00, 0x20C6, 0x0841,
    0x0842, 0x2508, 0x18A5, 0x0400, 0x8000, 0x8000, 0x8000, 0x8000, 0x1CC7, 0x20E7, 0x0C42, 0x0C63, 0x1063, 0x1063, 0x1484, 0x1484,
    0x1484, 0x1084, 0x0C42, 0x0421, 0x8000, 0x0822, 0x0C63, 0x20C5, 0x3507, 0x44A3, 0x30E6, 0x3021, 0x1800, 0x1C00, 0x1CA5, 0x20E7,
    0x0C63, 0x1063, 0x0C42, 0x0421, 0x0842, 0x24E8, 0x1063, 0x1084, 0x1484, 0x1484, 0x1484, 0x18A5, 0x1CC6, 0x358D, 0x1484, 0x0C63,
    0x0421, 0x8000, 0x8000, 0x8000, 0x8000, 0x8000, 0x1484, 0x2D4A, 0x18A5, 0x1CC6, 0x20E8, 0x2508, 0x2909, 0x292A, 0x2D2A, 0x2929,
    0x2929, 0x2909, 0x2508, 0x2909, 0x2929, 0x2D4B, 0x358D, 0x41F0, 0x5AF7, 0x7FFF, 0x6F7C, 0x56B5, 0x4A52, 0x3DEF, 0x318C, 0x2D4A,
    0x2D4A, 0x2929, 0x1CE7, 0x1484, 0x1063, 0x0C63, 0x0C42, 0x0842, 0x1484, 0x0421, 0x0800, 0x2000, 0x1800, 0x8000, 0x8000, 0x8000,
    0x8000, 0x8000, 0x8000, 0x8000, 0x8000, 0x8000, 0x8000, 0x8000, 0x8000, 0x8000, 0x8000, 0x8000, 0x8000, 0x8000, 0x8000, 0x8000,
    0x8000, 0x8000, 0x8000, 0x8000, 0x8000, 0x8000, 0x8000, 0x8000, 0x8000, 0x8000, 0x0C63, 0x2529, 0x1042, 0x1800, 0x28C5, 0x1CC6,
    0x8000, 0x0C63, 0x14A5, 0x0421, 0x8000, 0x8000, 0x8000, 0x0842, 0x292A, 0x1084, 0x0C42, 0x0C42, 0x0C42, 0x0842, 0x0421, 0x8000,
    0x8000, 0x0421, 0x0C63, 0x2842, 0x34A5, 0x396B, 0x3D6B, 0x40E7, 0x3042, 0x3000, 0x1C00, 0x0C21, 0x0C63, 0x2821, 0x1420, 0x292A,
    0x18A5, 0x1084, 0x0C42, 0x0421, 0x0421, 0x20E7, 0x1083, 0x1084, 0x1484, 0x1484, 0x14A4, 0x18A5, 0x2508, 0x2D4B, 0x1063, 0x1063,
    0x8000, 0x8000, 0x8000, 0x8000, 0x8000, 0x0C42, 0x2D4A, 0x20E7, 0x18A5, 0x20E7, 0x2508, 0x2509, 0x2929, 0x2D2A, 0x2D4A, 0x292A,
    0x2909, 0x2929, 0x2929, 0x2929, 0x2D2A, 0x316B, 0x358C, 0x56B5, 0x73BD, 0x4A31, 0x1CC7, 0x0C42, 0x0C42, 0x0821, 0x0821, 0x0842,
    0x0C62, 0x1484, 0x1CC6, 0x24E8, 0x18C5, 0x1063, 0x0C63, 0x0C42, 0x1084, 0x0C63, 0x0400, 0x1C00, 0x1400, 0x8000, 0x8000, 0x8000,
    0x8000, 0x8000, 0x8000, 0x8000, 0x8000, 0x8000, 0x8000, 0x8000, 0x8000, 0x8000, 0x8000, 0x8000, 0x8000, 0x8000, 0x8000, 0x8000,
    0x8000, 0x8000, 0x8000, 0x8000, 0x8000, 0x8000, 0x8000, 0x8000, 0x8000, 0x8000, 0x20E7, 0x1863, 0x1042, 0x1842, 0x1821, 0x314A,
    0x20E7, 0x0C21, 0x0421, 0x8000, 0x8000, 0x8000, 0x8000, 0x0821, 0x1042, 0x8000, 0x8000, 0x0421, 0x0821, 0x1000, 0x1C84, 0x2D08,
    0x3D8C, 0x4E32, 0x5652, 0x50C5, 0x44A4, 0x3483, 0x2400, 0x1400, 0x0821, 0x2800, 0x1C41, 0x18C6, 0x20E7, 0x18A4, 0x2000, 0x18A5,
    0x2508, 0x1063, 0x0C63, 0x0400, 0x0821, 0x20E7, 0x1063, 0x1484, 0x14A4, 0x14A5, 0x18A5, 0x18A5, 0x2D4A, 0x2508, 0x0C63, 0x1063,
    0x8000, 0x8000, 0x8000, 0x8000, 0x0400, 0x20E7, 0x2D4A, 0x18A5, 0x20E7, 0x24E8, 0x2909, 0x2929, 0x2929, 0x2D2A, 0x2D4A, 0x2D2A,
    0x2929, 0x292A, 0x2D2A, 0x2929, 0x2D4A, 0x316B, 0x4E73, 0x6739, 0x294A, 0x0821, 0x0C63, 0x1084, 0x1084, 0x1084, 0x1084, 0x1084,
    0x0C63, 0x0C42, 0x0842, 0x1063, 0x1CC6, 0x20E7, 0x1083, 0x0C42, 0x0C63, 0x1084, 0x0400, 0x1400, 0x1000, 0x8000, 0x8000, 0x8000,
    0x8000, 0x8000, 0x8000, 0x8000, 0x8000, 0x8000, 0x8000, 0x8000, 0x8000, 0x8000, 0x8000, 0x8000, 0x8000, 0x8000, 0x8000, 0x8000,
    0x8000, 0x8000, 0x8000, 0x8000, 0x8000, 0x8000, 0x8000, 0x8000, 0x8000, 0x1484, 0x1CA5, 0x1421, 0x1CA5, 0x1C21, 0x0C21, 0x2063,
    0x34E7, 0x30C6, 0x24E7, 0x20E7, 0x2108, 0x2908, 0x2862, 0x2D08, 0x354A, 0x3528, 0x354A, 0x3D6B, 0x4508, 0x5082, 0x4D6A, 0x4DCD,
    0x496B, 0x3CE6, 0x2C62, 0x3400, 0x1C00, 0x0C21, 0x1063, 0x14A5, 0x1CE7, 0x2062, 0x2020, 0x1CC6, 0x1CC6, 0x18A5, 0x2021, 0x1421,
    0x294A, 0x1063, 0x0C42, 0x0400, 0x0821, 0x20E7, 0x1484, 0x1484, 0x18A5, 0x18A5, 0x18A5, 0x18A5, 0x2D6B, 0x1CC6, 0x0C63, 0x0C42,
    0x8000, 0x8000, 0x8000, 0x8000, 0x18A5, 0x316B, 0x20E7, 0x20E7, 0x24E8, 0x2909, 0x2D2A, 0x2D4A, 0x2D4A, 0x2D4A, 0x2D4B, 0x2D4A,
    0x2D4A, 0x2D4B, 0x2D4A, 0x2D2A, 0x2D4A, 0x4A52, 0x5695, 0x1CC6, 0x0842, 0x1084, 0x0C42, 0x0421, 0x8000, 0x8000, 0x8000, 0x8000,
    0x0421, 0x0C42, 0x1063, 0x0C42, 0x0842, 0x14A5, 0x1CC6, 0x1484, 0x0C42, 0x1063, 0x0842, 0x0C00, 0x1000, 0x8000, 0x8000, 0x8000,
    0x8000, 0x8000, 0x8000, 0x8000, 0x8000, 0x8000, 0x8000, 0x8000, 0x8000, 0x8000, 0x8000, 0x8000, 0x8000, 0x8000, 0x8000, 0x8000,
    0x8000, 0x8000, 0x8000, 0x8000, 0x8000, 0x8000, 0x8000, 0x8000, 0x0400, 0x1CE7, 0x1021, 0x18A5, 0x2062, 0x1884, 0x18C6, 0x1042,
    0x2800, 0x1400, 0x2063, 0x28E7, 0x3929, 0x496B, 0x5CE6, 0x59EE, 0x4E10, 0x3D49, 0x40C5, 0x3462, 0x3800, 0x3C00, 0x1800, 0x1000,
    0x0C00, 0x1063, 0x1063, 0x3020, 0x2021, 0x1D08, 0x2508, 0x20E7, 0x1CC6, 0x18C5, 0x2C21, 0x1C84, 0x1CC6, 0x18A5, 0x1884, 0x1C00,
    0x18A5, 0x1CC7, 0x0821, 0x0400, 0x0822, 0x2508, 0x14A4, 0x14A5, 0x18A5, 0x18A5, 0x1CC6, 0x18C5, 0x318C, 0x18A5, 0x1063, 0x0821,
    0x8000, 0x8000, 0x8000, 0x0C42, 0x35AD, 0x2929, 0x1CC6, 0x2508, 0x2509, 0x2909, 0x2D4A, 0x316B, 0x316B, 0x316B, 0x314B, 0x316B,
    0x2D4B, 0x2D4B, 0x316B, 0x2D2A, 0x4611, 0x4E73, 0x1484, 0x0C63, 0x1063, 0x0400, 0x8000, 0x8000, 0x8000, 0x8000, 0x8000, 0x8000,
    0x8000, 0x8000, 0x0400, 0x0C42, 0x0C63, 0x0821, 0x1484, 0x20E7, 0x1063, 0x0C63, 0x0C63, 0x0400, 0x0C00, 0x8000, 0x8000, 0x8000,
    0x8000, 0x8000, 0x8000, 0x8000, 0x8000, 0x8000, 0x8000, 0x8000, 0x8000, 0x8000, 0x8000, 0x8000, 0x8000, 0x8000, 0x8000, 0x8000,
    0x8000, 0x8000, 0x8000, 0x8000, 0x8000, 0x8000, 0x8000, 0x8000, 0x0C84, 0x2083, 0x1463, 0x1CA5, 0x1842, 0x1CE6, 0x20E7, 0x28C6,
    0x1C00, 0x0C62, 0x1042, 0x1021, 0x1400, 0x1C00, 0x4021, 0x1400, 0x1000, 0x1421, 0x1021, 0x0C42, 0x2441, 0x3800, 0x0C63, 0x2108,
    0x2D4A, 0x316C, 0x2529, 0x3062, 0x2C21, 0x1D08, 0x2909, 0x20C7, 0x18A5, 0x18C6, 0x3442, 0x1C41, 0x18C6, 0x18C5, 0x18A5, 0x1C21,
    0x0C21, 0x18C6, 0x0842, 0x0842, 0x0421, 0x2508, 0x24E8, 0x1484, 0x18A5, 0x1CC6, 0x1CC6, 0x1CC6, 0x316C, 0x18A5, 0x1063, 0x0421,
    0x8000, 0x8000, 0x0400, 0x318C, 0x39AE, 0x20E7, 0x2909, 0x2929, 0x2D4A, 0x2D4A, 0x314B, 0x316B, 0x316C, 0x316B, 0x316B, 0x316B,
    0x316C, 0x316B, 0x2D4A, 0x4611, 0x4211, 0x1484, 0x1063, 0x0C42, 0x8000, 0x8000, 0x8000, 0x8000, 0x8000, 0x8000, 0x8000, 0x8000,
    0x8000, 0x8000, 0x8000, 0x8000, 0x0821, 0x1063, 0x0421, 0x1484, 0x20E7, 0x0C63, 0x1063, 0x0821, 0x0400, 0x8000, 0x8000, 0x8000,
    0x8000, 0x8000, 0x8000, 0x8000, 0x8000, 0x8000, 0x8000, 0x8000, 0x8000, 0x8000, 0x8000, 0x8000, 0x8000, 0x8000, 0x8000, 0x8000,
    0x8000, 0x8000, 0x8000, 0x8000, 0x8000, 0x8000, 0x8000, 0x8000, 0x1821, 0x1C63, 0x1CC6, 0x1C41, 0x18A5, 0x20E7, 0x2508, 0x2883,
    0x1442, 0x18A5, 0x1CC6, 0x1CC6, 0x14C7, 0x34C6, 0x4062, 0x10A5, 0x2D4B, 0x2D4B, 0x2D2A, 0x2529, 0x2CA4, 0x4020, 0x24E7, 0x358C,
    0x358C, 0x358D, 0x2D6C, 0x38A4, 0x3020, 0x1CC7, 0x2909, 0x20C7, 0x1CC6, 0x18C6, 0x2863, 0x2C20, 0x1884, 0x18A5, 0x0C63, 0x1042,
    0x1C00, 0x1884, 0x18C6, 0x1063, 0x0421, 0x1063, 0x20E7, 0x2D2A, 0x1CC6, 0x18A5, 0x1CC6, 0x1CC6, 0x316B, 0x1484, 0x1063, 0x8000,
    0x8000, 0x8000, 0x2108, 0x6319, 0x2D4B, 0x2929, 0x2D4A, 0x292A, 0x2D4B, 0x316C, 0x316B, 0x316C, 0x358C, 0x358C, 0x318C, 0x358D,
    0x316B, 0x2D4A, 0x4A32, 0x4A52, 0x1063, 0x1063, 0x0C42, 0x8000, 0x8000, 0x8000, 0x8000, 0x8000, 0x8000, 0x8000, 0x8000, 0x8000,
    0x8000, 0x8000, 0x8000, 0x8000, 0x8000, 0x0821, 0x1063, 0x0421, 0x18A5, 0x1CC6, 0x0C62, 0x0842, 0x8000, 0x8000, 0x8000, 0x8000,
    0x8000, 0x8000, 0x8000, 0x8000, 0x8000, 0x8000, 0x8000, 0x8000, 0x8000, 0x8000, 0x8000, 0x8000, 0x8000, 0x8000, 0x8000, 0x8000,
    0x8000, 0x8000, 0x8000, 0x8000, 0x8000, 0x8000, 0x8000, 0x0400, 0x1C62, 0x20C6, 0x1C42, 0x1884, 0x20E7, 0x2508, 0x2908, 0x1C41,
    0x18A5, 0x18C5, 0x1CC6, 0x20E7, 0x292A, 0x4D29, 0x2C20, 0x2529, 0x398D, 0x316B, 0x316B, 0x252A, 0x38A4, 0x3C41, 0x2929, 0x358D,
    0x358C, 0x39AD, 0x318C, 0x30C6, 0x3800, 0x20A4, 0x2508, 0x20E7, 0x1CC6, 0x18A5, 0x1484, 0x3400, 0x1442, 0x0C63, 0x1C63, 0x2884,
    0x3020, 0x1442, 0x20E7, 0x0821, 0x8000, 0x0421, 0x0C62, 0x1CE7, 0x292A, 0x1CC7, 0x1CC6, 0x1CC6, 0x2D4A, 0x1484, 0x1084, 0x8000,
    0x8000, 0x8000, 0x39CE, 0x56B6, 0x4E74, 0x316B, 0x2D4B, 0x316B, 0x316C, 0x358C, 0x318C, 0x358D, 0x35AD, 0x358D, 0x358D, 0x358C,
    0x316B, 0x4A32, 0x4210, 0x1063, 0x1063, 0x0842, 0x8000, 0x8000, 0x8000, 0x8000, 0x8000, 0x8000, 0x8000, 0x8000, 0x8000, 0x8000,
    0x8000, 0x8000, 0x8000, 0x8000, 0x8000, 0x8000, 0x0821, 0x0C63, 0x0821, 0x18A5, 0x1484, 0x0C42, 0x8000, 0x8000, 0x8000, 0x8000,
    0x8000, 0x8000, 0x8000, 0x8000, 0x8000, 0x8000, 0x8000, 0x8000, 0x8000, 0x8000, 0x8000, 0x8000, 0x8000, 0x8000, 0x8000, 0x8000,
    0x8000, 0x8000, 0x8000, 0x8000, 0x8000, 0x8000, 0x8000, 0x0C42, 0x1CE7, 0x2062, 0x1C42, 0x20E7, 0x24E8, 0x2909, 0x2884, 0x1863,
    0x1CC6, 0x1CC6, 0x20E7, 0x20C7, 0x35AD, 0x4508, 0x1C42, 0x318C, 0x358C, 0x316C, 0x316B, 0x294B, 0x40A4, 0x3441, 0x2D4A, 0x39AD,
    0x39AD, 0x39AD, 0x358D, 0x2D08, 0x3C00, 0x2063, 0x2108, 0x20E7, 0x18A5, 0x1484, 0x0C84, 0x3821, 0x3041, 0x24C6, 0x30A4, 0x3441,
    0x1C00, 0x0400, 0x0821, 0x8000, 0x8000, 0x8000, 0x0421, 0x0842, 0x18C6, 0x316B, 0x20E7, 0x1CC7, 0x2D4A, 0x1484, 0x1083, 0x8000,
    0x8000, 0x0842, 0x358C, 0x2D2A, 0x4A52, 0x5295, 0x316C, 0x318C, 0x358C, 0x358D, 0x35AD, 0x39AD, 0x39AD, 0x358D, 0x358D, 0x316B,
    0x4E73, 0x4611, 0x0C63, 0x0C63, 0x0842, 0x8000, 0x8000, 0x8000, 0x8000, 0x8000, 0x8000, 0x0400, 0x0400, 0x0400, 0x0400, 0x0400,
    0x8000, 0x8000, 0x8000, 0x8000, 0x8000, 0x8000, 0x8000, 0x0C42, 0x0842, 0x0C42, 0x1CC6, 0x0C63, 0x8000, 0x8000, 0x8000, 0x8000,
    0x8000, 0x8000, 0x8000, 0x8000, 0x8000, 0x8000, 0x8000, 0x8000, 0x8000, 0x8000, 0x8000, 0x8000, 0x8000, 0x8000, 0x8000, 0x8000,
    0x8000, 0x8000, 0x8000, 0x8000, 0x8000, 0x8000, 0x8000, 0x1884, 0x28C6, 0x1800, 0x1CC6, 0x20E7, 0x2509, 0x2D08, 0x2020, 0x14A5,
    0x20C6, 0x20E7, 0x20E7, 0x2508, 0x4A10, 0x3462, 0x1CA5, 0x358D, 0x356C, 0x358C, 0x314B, 0x2D6B, 0x44A4, 0x2441, 0x2D6B, 0x3DCE,
    0x39AE, 0x39AD, 0x35AD, 0x2908, 0x4000, 0x2042, 0x14A5, 0x1484, 0x1484, 0x18C6, 0x2CE7, 0x4083, 0x3420, 0x2841, 0x1C00, 0x1000,
    0x0400, 0x8000, 0x8000, 0x8000, 0x8000, 0x0400, 0x8000, 0x8000, 0x0842, 0x1CC6, 0x2D4A, 0x1CC7, 0x292A, 0x1484, 0x1063, 0x8000,
    0x8000, 0x14A5, 0x2D4A, 0x1484, 0x2929, 0x5274, 0x4E74, 0x358D, 0x35AD, 0x39AD, 0x39AE, 0x39CE, 0x39AE, 0x358D, 0x358C, 0x4E74,
    0x4611, 0x0C42, 0x1063, 0x0842, 0x8000, 0x8000, 0x8000, 0x8000, 0x8000, 0x0800, 0x0C00, 0x0C00, 0x0800, 0x0C00, 0x0C00, 0x0800,
    0x0800, 0x8000, 0x8000, 0x8000, 0x8000, 0x8000, 0x8000, 0x8000, 0x1063, 0x0821, 0x14A5, 0x1484, 0x0400, 0x8000, 0x8000, 0x8000,
    0x8000, 0x8000, 0x8000, 0x8000, 0x8000, 0x8000, 0x8000, 0x8000, 0x8000, 0x8000, 0x8000, 0x8000, 0x8000, 0x8000, 0x8000, 0x8000,
    0x8000, 0x8000, 0x8000, 0x8000, 0x8000, 0x8000, 0x1000, 0x1842, 0x2C63, 0x1483, 0x1CE7, 0x24E7, 0x2D4A, 0x2884, 0x1841, 0x1CC6,
    0x20C7, 0x20E7, 0x20E7, 0x318D, 0x51AD, 0x2400, 0x252A, 0x358D, 0x316C, 0x316C, 0x316B, 0x294A, 0x4083, 0x2441, 0x2D6C, 0x3DCF,
    0x39AD, 0x358C, 0x292A, 0x1CC7, 0x4042, 0x2C21, 0x2508, 0x2D4A, 0x3528, 0x34C6, 0x2C62, 0x2400, 0x1400, 0x0C00, 0x0400, 0x8000,
    0x8000, 0x8000, 0x0400, 0x0421, 0x0400, 0x0C00, 0x0C00, 0x0400, 0x8000, 0x0841, 0x1CC6, 0x2D4A, 0x314B, 0x1484, 0x1063, 0x8000,
    0x8000, 0x1CC6, 0x2508, 0x1084, 0x1CC6, 0x292A, 0x5295, 0x5295, 0x358D, 0x39AE, 0x39AE, 0x39AE, 0x39AE, 0x35AD, 0x56B5, 0x4210,
    0x0C42, 0x1063, 0x0842, 0x8000, 0x8000, 0x8000, 0x8000, 0x8000, 0x0800, 0x0C00, 0x0800, 0x0800, 0x0800, 0x0C00, 0x0C00, 0x0C00,
    0x0800, 0x0400, 0x8000, 0x8000, 0x8000, 0x8000, 0x8000, 0x8000, 0x0C42, 0x0842, 0x0C63, 0x18A5, 0x0421, 0x8000, 0x8000, 0x8000,
    0x8000, 0x8000, 0x8000, 0x8000, 0x8000, 0x8000, 0x8000, 0x8000, 0x8000, 0x8000, 0x8000, 0x8000, 0x8000, 0x8000, 0x8000, 0x8000,
    0x8000, 0x8000, 0x8000, 0x8000, 0x8000, 0x2C00, 0x2400, 0x0C00, 0x30E7, 0x2D8C, 0x18A5, 0x18C6, 0x28E8, 0x2000, 0x14A5, 0x1CC6,
    0x20E7, 0x2508, 0x24E8, 0x4A10, 0x40E7, 0x1C21, 0x2D6B, 0x316B, 0x314B, 0x314B, 0x316B, 0x20E8, 0x4041, 0x2463, 0x252A, 0x2D4A,
    0x2929, 0x292A, 0x2D6C, 0x3DEF, 0x48E6, 0x3C41, 0x4129, 0x3484, 0x2400, 0x2000, 0x1800, 0x0C00, 0x8000, 0x8000, 0x8000, 0x8000,
    0x0400, 0x0821, 0x0421, 0x0421, 0x0400, 0x1400, 0x1000, 0x0800, 0x0400, 0x8000, 0x0821, 0x1CE7, 0x39CF, 0x18A5, 0x1063, 0x8000,
    0x8000, 0x1CC6, 0x1CC6, 0x1063, 0x14A5, 0x18A6, 0x2D4A, 0x56B6, 0x5294, 0x39AE, 0x39CF, 0x39CF, 0x39AE, 0x5295, 0x4E74, 0x1063,
    0x1063, 0x0842, 0x8000, 0x8000, 0x8000, 0x8000, 0x8000, 0x0800, 0x0800, 0x0800, 0x0C00, 0x0C00, 0x0C00, 0x0C00, 0x0C00, 0x1400,
    0x1400, 0x0C00, 0x0400, 0x8000, 0x0400, 0x8000, 0x8000, 0x8000, 0x8000, 0x0C42, 0x0842, 0x1484, 0x0842, 0x8000, 0x8000, 0x8000,
    0x8000, 0x8000, 0x8000, 0x8000, 0x8000, 0x8000, 0x8000, 0x8000, 0x8000, 0x8000, 0x8000, 0x8000, 0x8000, 0x8000, 0x8000, 0x8000,
    0x8000, 0x8000, 0x8000, 0x8000, 0x3041, 0x4420, 0x1800, 0x0800, 0x2042, 0x394A, 0x3DEF, 0x35AD, 0x2862, 0x1884, 0x18A5, 0x18A5,
    0x1CC6, 0x1CC6, 0x2529, 0x5210, 0x2C00, 0x1C83, 0x292A, 0x2929, 0x2909, 0x24E8, 0x1CC7, 0x24C5, 0x4020, 0x3908, 0x294A, 0x314B,
    0x4E31, 0x5AB5, 0x5611, 0x516A, 0x3041, 0x2400, 0x2C00, 0x1C00, 0x1000, 0x0800, 0x8000, 0x8000, 0x8000, 0x0400, 0x0420, 0x0841,
    0x0821, 0x0C42, 0x0842, 0x0400, 0x8000, 0x1800, 0x2000, 0x0C00, 0x0C00, 0x0800, 0x8000, 0x0421, 0x2529, 0x1CC6, 0x0C63, 0x8000,
    0x8000, 0x20E7, 0x14A5, 0x0C63, 0x1084, 0x14A4, 0x20C7, 0x314B, 0x5EF8, 0x4E73, 0x3DEF, 0x39CE, 0x5295, 0x56B6, 0x1084, 0x0C63,
    0x0C42, 0x8000, 0x8000, 0x8000, 0x8000, 0x8000, 0x0800, 0x0800, 0x0800, 0x1000, 0x1800, 0x2000, 0x1C00, 0x1000, 0x1000, 0x2000,
    0x2400, 0x1800, 0x0C00, 0x8000, 0x8000, 0x0400, 0x8000, 0x8000, 0x8000, 0x0842, 0x0842, 0x1083, 0x0C63, 0x8000, 0x8000, 0x8000,
    0x8000, 0x8000, 0x8000, 0x8000, 0x8000, 0x8000, 0x8000, 0x8000, 0x8000, 0x8000, 0x8000, 0x8000, 0x8000, 0x8000, 0x8000, 0x8000,
    0x8000, 0x8000, 0x8000, 0x2C20, 0x4C41, 0x2400, 0x1842, 0x0400, 0x1000, 0x2441, 0x24C6, 0x3108, 0x2421, 0x2D29, 0x292A, 0x316B,
    0x316C, 0x2529, 0x4A73, 0x49AD, 0x2442, 0x314B, 0x2929, 0x292A, 0x316C, 0x358C, 0x4232, 0x55AD, 0x3400, 0x4D28, 0x458C, 0x454A,
    0x4928, 0x3883, 0x3400, 0x2400, 0x1800, 0x1000, 0x0C00, 0x8000, 0x8000, 0x8000, 0x8000, 0x0400, 0x0421, 0x0841, 0x0C62, 0x0C62,
    0x0842, 0x1063, 0x0C63, 0x0400, 0x8000, 0x1800, 0x3000, 0x1400, 0x0C00, 0x0C00, 0x0800, 0x8000, 0x0C42, 0x1CC6, 0x1063, 0x8000,
    0x0421, 0x2508, 0x1063, 0x0C63, 0x1063, 0x1084, 0x14A5, 0x20C7, 0x39AD, 0x675A, 0x4A53, 0x4A53, 0x5EF8, 0x18A5, 0x0C42, 0x1063,
    0x8000, 0x8000, 0x8000, 0x8000, 0x8000, 0x0800, 0x0C00, 0x0800, 0x1400, 0x2000, 0x2C00, 0x4000, 0x3400, 0x2400, 0x1800, 0x2000,
    0x3000, 0x2800, 0x1800, 0x0800, 0x8000, 0x0400, 0x0400, 0x8000, 0x8000, 0x0421, 0x0C42, 0x0C63, 0x0C63, 0x8000, 0x8000, 0x8000,
    0x8000, 0x8000, 0x8000, 0x8000, 0x8000, 0x8000, 0x8000, 0x8000, 0x8000, 0x8000, 0x8000, 0x8000, 0x8000, 0x8000, 0x8000, 0x8000,
    0x8000, 0x8000, 0x1800, 0x4841, 0x2800, 0x1441, 0x1421, 0x0420, 0x0400, 0x1021, 0x2000, 0x2000, 0x1800, 0x2400, 0x2042, 0x28A4,
    0x3108, 0x49CF, 0x5694, 0x2462, 0x3862, 0x3D4A, 0x354A, 0x416B, 0x416A, 0x4507, 0x4928, 0x4063, 0x1C00, 0x2400, 0x3000, 0x2C00,
    0x2000, 0x1800, 0x1400, 0x0800, 0x8000, 0x8000, 0x8000, 0x8000, 0x8000, 0x0420, 0x0421, 0x0842, 0x0C63, 0x1484, 0x1063, 0x0C62,
    0x0C62, 0x1485, 0x18A6, 0x0400, 0x0400, 0x1400, 0x3C00, 0x1800, 0x1400, 0x0C00, 0x0C00, 0x0800, 0x8000, 0x0821, 0x0421, 0x8000,
    0x0842, 0x2508, 0x0C42, 0x1063, 0x1063, 0x1063, 0x1484, 0x18A5, 0x20C7, 0x4210, 0x6B5B, 0x6F7B, 0x2D4B, 0x0842, 0x1084, 0x8000,
    0x8000, 0x8000, 0x8000, 0x8000, 0x0400, 0x0C00, 0x0800, 0x1400, 0x2000, 0x3000, 0x4000, 0x4820, 0x4C21, 0x3C00, 0x2800, 0x1C00,
    0x2800, 0x3400, 0x2800, 0x1400, 0x8000, 0x0400, 0x0800, 0x8000, 0x8000, 0x0421, 0x0C63, 0x0C42, 0x0842, 0x8000, 0x8000, 0x8000,
    0x8000, 0x8000, 0x8000, 0x8000, 0x8000, 0x8000, 0x8000, 0x8000, 0x8000, 0x8000, 0x8000, 0x8000, 0x8000, 0x8000, 0x8000, 0x8000,
    0x8000, 0x8000, 0x3000, 0x2000, 0x0800, 0x1000, 0x0C21, 0x0C21, 0x0821, 0x8000, 0x0800, 0x0C00, 0x0800, 0x1400, 0x1800, 0x1420,
    0x1C20, 0x2000, 0x1C21, 0x1400, 0x2800, 0x2C00, 0x3000, 0x3000, 0x3000, 0x2C00, 0x2400, 0x1C00, 0x0C00, 0x0C00, 0x1000, 0x0C00,
    0x0400, 0x8000, 0x8000, 0x8000, 0x8000, 0x8000, 0x0400, 0x0421, 0x0821, 0x0C42, 0x1084, 0x18A5, 0x1CC6, 0x1484, 0x1063, 0x18A5,
    0x20E7, 0x18A5, 0x1084, 0x0821, 0x8000, 0x1000, 0x4000, 0x2000, 0x1400, 0x1400, 0x1000, 0x0C00, 0x0800, 0x8000, 0x8000, 0x8000,
    0x0C42, 0x20E7, 0x0C63, 0x1063, 0x1063, 0x1083, 0x1484, 0x1484, 0x1CC6, 0x2508, 0x6319, 0x4631, 0x0821, 0x1063, 0x0421, 0x8000,
    0x8000, 0x8000, 0x8000, 0x8000, 0x0800, 0x0800, 0x1000, 0x2000, 0x2C00, 0x4000, 0x4C20, 0x5020, 0x5482, 0x5061, 0x4000, 0x2400,
    0x2000, 0x3800, 0x3000, 0x2000, 0x0C00, 0x0400, 0x0800, 0x0400, 0x8000, 0x8000, 0x0C42, 0x0C62, 0x0821, 0x8000, 0x8000, 0x8000,
    0x8000, 0x8000, 0x8000, 0x8000, 0x8000, 0x8000, 0x8000, 0x8000, 0x8000, 0x8000, 0x8000, 0x8000, 0x8000, 0x8000, 0x8000, 0x8000,
    0x8000, 0x8000, 0x1000, 0x1884, 0x20E7, 0x24E7, 0x20E7, 0x18A6, 0x1484, 0x0842, 0x8000, 0x8000, 0x8000, 0x8000, 0x8000, 0x0400,
    0x0820, 0x0C20, 0x1000, 0x1000, 0x1400, 0x1800, 0x1000, 0x1000, 0x1000, 0x0800, 0x0800, 0x8000, 0x8000, 0x8000, 0x8000, 0x8000,
    0x8000, 0x0400, 0x0400, 0x0400, 0x0421, 0x0421, 0x0C42, 0x1083, 0x1484, 0x1CC6, 0x2508, 0x20E7, 0x1083, 0x18A5, 0x20E8, 0x1CC6,
    0x1063, 0x0C42, 0x0421, 0x8000, 0x0400, 0x0800, 0x3C00, 0x2C00, 0x1800, 0x1800, 0x1400, 0x1000, 0x0C00, 0x0800, 0x0400, 0x8000,
    0x1063, 0x1CC6, 0x0C62, 0x1063, 0x1063, 0x1084, 0x1484, 0x14A4, 0x18A5, 0x20E7, 0x4A52, 0x20E7, 0x0C42, 0x0C42, 0x8000, 0x8000,
    0x8000, 0x8000, 0x8000, 0x0800, 0x0800, 0x0C00, 0x1C00, 0x2800, 0x3400, 0x4400, 0x4C20, 0x5441, 0x5441, 0x58C4, 0x5020, 0x3400,
    0x2400, 0x3000, 0x3800, 0x2800, 0x1800, 0x0400, 0x0800, 0x0800, 0x8000, 0x8000, 0x0842, 0x0C63, 0x0420, 0x8000, 0x8000, 0x8000,
    0x8000, 0x8000, 0x8000, 0x8000, 0x8000, 0x8000, 0x8000, 0x8000, 0x8000, 0x8000, 0x8000, 0x8000, 0x8000, 0x8000, 0x8000, 0x8000,
    0x8000, 0x0421, 0x1CE7, 0x20E7, 0x18A5, 0x1484, 0x18A5, 0x20E7, 0x2D4A, 0x39CE, 0x316C, 0x20E7, 0x1084, 0x0842, 0x0421, 0x0421,
    0x8000, 0x8000, 0x8000, 0x8000, 0x8000, 0x8000, 0x8000, 0x8000, 0x8000, 0x8000, 0x8000, 0x8000, 0x0400, 0x8000, 0x0400, 0x0400,
    0x0421, 0x0400, 0x0821, 0x0C62, 0x1063, 0x14A5, 0x18A6, 0x20E7, 0x2D4B, 0x2D4A, 0x1CC6, 0x18A5, 0x2508, 0x2508, 0x1485, 0x0C42,
    0x0421, 0x0021, 0x0800, 0x1000, 0x0800, 0x0400, 0x3400, 0x4000, 0x1C00, 0x1400, 0x1400, 0x1000, 0x0C00, 0x0800, 0x0800, 0x8000,
    0x1484, 0x1CC6, 0x0C42, 0x1063, 0x1063, 0x1484, 0x1484, 0x14A5, 0x18A5, 0x294A, 0x2D4A, 0x0C42, 0x1084, 0x8000, 0x8000, 0x8000,
    0x8000, 0x8000, 0x8000, 0x0800, 0x0C00, 0x1400, 0x2000, 0x3000, 0x3800, 0x4800, 0x5020, 0x5041, 0x5861, 0x5483, 0x5462, 0x4400,
    0x3000, 0x2800, 0x3C00, 0x2C00, 0x1C00, 0x1000, 0x0800, 0x0800, 0x8000, 0x8000, 0x0C42, 0x0C63, 0x8000, 0x8000, 0x8000, 0x8000,
    0x8000, 0x8000, 0x8000, 0x8000, 0x8000, 0x8000, 0x8000, 0x8000, 0x8000, 0x8000, 0x8000, 0x8000, 0x8000, 0x8000, 0x8000, 0x8000,
    0x0421, 0x20E8, 0x1CC6, 0x1063, 0x1083, 0x1484, 0x14A5, 0x18A5, 0x1CC6, 0x316B, 0x5AD7, 0x4A32, 0x2929, 0x20E7, 0x1CC6, 0x18A5,
    0x1084, 0x0C63, 0x0842, 0x0821, 0x0400, 0x8000, 0x0400, 0x0800, 0x8000, 0x8000, 0x8000, 0x0020, 0x8000, 0x0421, 0x0C42, 0x1084,
    0x18C6, 0x2508, 0x2508, 0x1CC6, 0x2908, 0x2D4B, 0x316B, 0x358D, 0x2D4A, 0x20E7, 0x2108, 0x292A, 0x20E7, 0x0C63, 0x0842, 0x0421,
    0x0800, 0x1C00, 0x2400, 0x1800, 0x0800, 0x8000, 0x1000, 0x3400, 0x3400, 0x1400, 0x1400, 0x1400, 0x1000, 0x0800, 0x0800, 0x8000,
    0x18A5, 0x1CC6, 0x1063, 0x1063, 0x1084, 0x1484, 0x1484, 0x14A5, 0x1484, 0x2D6B, 0x20E7, 0x0C42, 0x0C63, 0x8000, 0x8000, 0x8000,
    0x8000, 0x8000, 0x0800, 0x0C00, 0x1000, 0x1800, 0x2400, 0x3400, 0x3C00, 0x4400, 0x5020, 0x5441, 0x5482, 0x5462, 0x5507, 0x5549,
    0x4C83, 0x4820, 0x4400, 0x3400, 0x2400, 0x1800, 0x0800, 0x0800, 0x0400, 0x8000, 0x0C42, 0x0842, 0x8000, 0x8000, 0x8000, 0x8000,
    0x8000, 0x8000, 0x8000, 0x8000, 0x8000, 0x8000, 0x8000, 0x8000, 0x8000, 0x8000, 0x8000, 0x8000, 0x8000, 0x8000, 0x8000, 0x0421,
    0x24E7, 0x1CC6, 0x1063, 0x1484, 0x18A5, 0x1CC6, 0x20C7, 0x2508, 0x2D2A, 0x3DF0, 0x4A32, 0x20E7, 0x18A5, 0x1484, 0x1484, 0x1484,
    0x1484, 0x18A5, 0x18C6, 0x1CC6, 0x1CC6, 0x1CC6, 0x1484, 0x1063, 0x0C21, 0x1400, 0x1C00, 0x1000, 0x0400, 0x0400, 0x0821, 0x0C63,
    0x1CE7, 0x3DCF, 0x56B5, 0x5ED7, 0x4A53, 0x3DCF, 0x39AE, 0x2D4B, 0x20E7, 0x2929, 0x2929, 0x1484, 0x0842, 0x0842, 0x8000, 0x1000,
    0x3000, 0x2000, 0x0821, 0x18A5, 0x18C6, 0x1084, 0x0842, 0x0800, 0x2400, 0x2400, 0x1800, 0x1400, 0x1000, 0x0C00, 0x0800, 0x8000,
    0x18A5, 0x20E7, 0x1063, 0x1484, 0x1484, 0x1484, 0x14A5, 0x18A5, 0x14A4, 0x2D4B, 0x18C6, 0x1063, 0x0421, 0x8000, 0x8000, 0x8000,
    0x8000, 0x8000, 0x0800, 0x0C00, 0x1400, 0x2000, 0x2800, 0x3400, 0x4000, 0x4800, 0x4C20, 0x5020, 0x5483, 0x59AB, 0x5A0E, 0x44A4,
    0x2C20, 0x2000, 0x2400, 0x4000, 0x3800, 0x1C00, 0x1000, 0x0C00, 0x0800, 0x8000, 0x0821, 0x0421, 0x8000, 0x8000, 0x8000, 0x8000,
    0x8000, 0x8000, 0x8000, 0x8000, 0x8000, 0x8000, 0x8000, 0x8000, 0x8000, 0x8000, 0x8000, 0x8000, 0x8000, 0x8000, 0x8000, 0x20E7,
    0x1CC6, 0x1063, 0x1484, 0x18A5, 0x1CC6, 0x20E7, 0x2929, 0x2929, 0x3DCF, 0x5AD7, 0x292A, 0x14A5, 0x18A5, 0x14A4, 0x1484, 0x14A5,
    0x18C5, 0x1CC6, 0x18C6, 0x1CC6, 0x20E7, 0x2D2A, 0x358C, 0x35AD, 0x3DCF, 0x3DAD, 0x2D07, 0x3CA4, 0x3C20, 0x2800, 0x1400, 0x0800,
    0x0421, 0x0C42, 0x20E8, 0x4610, 0x5EF8, 0x5EF8, 0x3DEF, 0x2D4A, 0x316C, 0x20E7, 0x0C42, 0x0C42, 0x0842, 0x8000, 0x1800, 0x4000,
    0x1000, 0x18E7, 0x4210, 0x1CE7, 0x1484, 0x1CC6, 0x1CC6, 0x0C63, 0x0400, 0x2800, 0x2000, 0x1000, 0x1400, 0x0C00, 0x0800, 0x0400,
    0x0842, 0x1CC6, 0x18C6, 0x1063, 0x1484, 0x18A5, 0x14A5, 0x1484, 0x1CC6, 0x2D2A, 0x1484, 0x0C63, 0x0400, 0x8000, 0x8000, 0x8000,
    0x8000, 0x0800, 0x0C00, 0x0C00, 0x1800, 0x2000, 0x2C00, 0x3800, 0x4000, 0x4800, 0x4C00, 0x5462, 0x598A, 0x4D07, 0x2820, 0x1C00,
    0x1400, 0x1400, 0x1800, 0x1C00, 0x3400, 0x3000, 0x1800, 0x0C00, 0x0C00, 0x8000, 0x8000, 0x8000, 0x8000, 0x8000, 0x8000, 0x8000,
    0x8000, 0x8000, 0x8000, 0x8000, 0x8000, 0x8000, 0x8000, 0x8000, 0x8000, 0x8000, 0x8000, 0x8000, 0x8000, 0x8000, 0x20C7, 0x20C6,
    0x1063, 0x1484, 0x18A5, 0x1CC6, 0x20E7, 0x2508, 0x2D4B, 0x358C, 0x5AD6, 0x41F0, 0x1CC6, 0x18C5, 0x18A5, 0x18C5, 0x1CC6, 0x1CC7,
    0x20E7, 0x20E7, 0x24E8, 0x2508, 0x2D2A, 0x2929, 0x2929, 0x2D4B, 0x39AD, 0x4E74, 0x6B7B, 0x6F5B, 0x5273, 0x3108, 0x3841, 0x3400,
    0x1C00, 0x0C00, 0x0421, 0x0842, 0x18A5, 0x358C, 0x5295, 0x4210, 0x18A5, 0x0C42, 0x0C63, 0x0421, 0x0400, 0x1400, 0x3800, 0x1C00,
    0x14A6, 0x3DF0, 0x1063, 0x2108, 0x39CF, 0x1CC7, 0x1064, 0x1484, 0x0C63, 0x1000, 0x2800, 0x1800, 0x1000, 0x1000, 0x0C00, 0x0800,
    0x8000, 0x0C42, 0x20E7, 0x1CC6, 0x1484, 0x14A5, 0x18A5, 0x14A4, 0x20E7, 0x2508, 0x1063, 0x0C42, 0x8000, 0x8000, 0x8000, 0x8000,
    0x8000, 0x0800, 0x0C00, 0x1000, 0x1C00, 0x2400, 0x3000, 0x3C00, 0x4400, 0x4400, 0x5062, 0x5948, 0x3C83, 0x1C00, 0x1800, 0x1C00,
    0x2000, 0x2400, 0x1C00, 0x1400, 0x1C00, 0x3400, 0x2400, 0x0C00, 0x0C00, 0x0800, 0x8000, 0x8000, 0x8000, 0x8000, 0x8000, 0x8000,
    0x8000, 0x8000, 0x8000, 0x8000, 0x8000, 0x8000, 0x8000, 0x8000, 0x8000, 0x8000, 0x8000, 0x8000, 0x8000, 0x1CC6, 0x20E7, 0x0C63,
    0x1484, 0x18C6, 0x1CE7, 0x20E7, 0x2508, 0x2D4A, 0x316B, 0x4A53, 0x5AD7, 0x2909, 0x1CC6, 0x18C6, 0x1CC6, 0x1CC6, 0x20E7, 0x2508,
    0x2508, 0x2508, 0x2929, 0x2D4A, 0x316B, 0x358C, 0x39AE, 0x3DEF, 0x3DCF, 0x4A53, 0x5695, 0x316C, 0x3DCF, 0x4A53, 0x4210, 0x3529,
    0x3463, 0x2C00, 0x2000, 0x0C00, 0x0421, 0x0842, 0x20E7, 0x1CC6, 0x0C62, 0x0C63, 0x0400, 0x0400, 0x1400, 0x3400, 0x2C00, 0x0421,
    0x39CE, 0x1084, 0x1CE7, 0x4A52, 0x18A5, 0x0400, 0x0C63, 0x0C63, 0x1063, 0x0421, 0x2400, 0x2000, 0x1800, 0x1000, 0x1000, 0x1000,
    0x0800, 0x8000, 0x1084, 0x2508, 0x18A5, 0x1484, 0x18A5, 0x1484, 0x2108, 0x20E7, 0x1063, 0x0842, 0x8000, 0x8000, 0x8000, 0x8000,
    0x0400, 0x0800, 0x0C00, 0x1000, 0x1C00, 0x2400, 0x3000, 0x3800, 0x4000, 0x5062, 0x54E5, 0x3021, 0x1C00, 0x1C00, 0x2000, 0x1800,
    0x0C00, 0x1000, 0x1800, 0x1C00, 0x1800, 0x1C00, 0x2C00, 0x1400, 0x0C00, 0x0C00, 0x8000, 0x8000, 0x8000, 0x8000, 0x8000, 0x8000,
    0x8000, 0x8000, 0x8000, 0x8000, 0x8000, 0x8000, 0x8000, 0x8000, 0x8000, 0x8000, 0x8000, 0x8000, 0x1063, 0x2508, 0x1084, 0x1084,
    0x18A5, 0x1CC7, 0x24E8, 0x2509, 0x2929, 0x316B, 0x3DEF, 0x5EF8, 0x358D, 0x20C7, 0x1CC6, 0x18C6, 0x20E7, 0x24E8, 0x2508, 0x2908,
    0x2D2A, 0x2D4B, 0x316B, 0x358C, 0x39AE, 0x3DCF, 0x41F0, 0x4211, 0x5F18, 0x5EF8, 0x35AD, 0x292A, 0x20C7, 0x20E7, 0x2529, 0x316C,
    0x318C, 0x2D08, 0x3063, 0x2800, 0x2000, 0x0400, 0x0421, 0x0C42, 0x0C63, 0x0400, 0x0400, 0x1400, 0x2400, 0x4000, 0x1400, 0x1085,
    0x2D4B, 0x0C42, 0x4611, 0x1484, 0x0821, 0x18C6, 0x0C63, 0x0842, 0x0C42, 0x0442, 0x1C00, 0x3000, 0x1C00, 0x1C00, 0x1000, 0x1000,
    0x1000, 0x0400, 0x0420, 0x18A5, 0x2508, 0x1484, 0x18A5, 0x14A4, 0x2508, 0x1CC6, 0x0C63, 0x0821, 0x8000, 0x8000, 0x8000, 0x0400,
    0x0800, 0x0800, 0x0C00, 0x1400, 0x1C00, 0x2400, 0x3000, 0x3800, 0x4420, 0x5083, 0x2C00, 0x1400, 0x1C00, 0x1800, 0x0800, 0x8000,
    0x8000, 0x8000, 0x8000, 0x1800, 0x1C00, 0x1400, 0x2400, 0x2000, 0x1000, 0x1000, 0x0400, 0x8000, 0x8000, 0x8000, 0x8000, 0x8000,
    0x8000, 0x8000, 0x8000, 0x8000, 0x8000, 0x8000, 0x8000, 0x8000, 0x8000, 0x8000, 0x8000, 0x0421, 0x2508, 0x14A5, 0x1084, 0x14A5,
    0x18C6, 0x20E7, 0x2909, 0x2D2A, 0x316B, 0x358D, 0x5AD6, 0x4E53, 0x20E7, 0x1CC7, 0x1CC6, 0x20C7, 0x24E8, 0x2508, 0x2929, 0x2D4A,
    0x2D4A, 0x358C, 0x358C, 0x39AE, 0x3DCF, 0x4211, 0x4A32, 0x5EF8, 0x5AD6, 0x39AD, 0x316C, 0x2D2A, 0x2909, 0x20E7, 0x18A5, 0x1484,
    0x1CC6, 0x2529, 0x2D6C, 0x3129, 0x3442, 0x2C00, 0x0C00, 0x8000, 0x0400, 0x1000, 0x2800, 0x2400, 0x2000, 0x3C00, 0x1000, 0x1CE7,
    0x14A5, 0x1064, 0x316B, 0x8000, 0x1CC6, 0x20E7, 0x1484, 0x0C63, 0x0C42, 0x0842, 0x0C00, 0x3800, 0x2800, 0x2000, 0x1C00, 0x1000,
    0x1000, 0x0C00, 0x8000, 0x0841, 0x20E7, 0x20E7, 0x1484, 0x18A5, 0x2508, 0x18A5, 0x0C63, 0x0421, 0x8000, 0x8000, 0x8000, 0x0C00,
    0x0C00, 0x0800, 0x0C00, 0x1400, 0x1C00, 0x2400, 0x2C00, 0x3C00, 0x5062, 0x2C00, 0x1400, 0x1C00, 0x1000, 0x8000, 0x8000, 0x8000,
    0x0022, 0x0001, 0x8000, 0x0400, 0x1C00, 0x1800, 0x1400, 0x2800, 0x1400, 0x1000, 0x0800, 0x8000, 0x8000, 0x8000, 0x8000, 0x8000,
    0x8000, 0x8000, 0x8000, 0x8000, 0x8000, 0x8000, 0x8000, 0x8000, 0x8000, 0x8000, 0x8000, 0x20E7, 0x1CC6, 0x1063, 0x14A5, 0x18C6,
    0x20E7, 0x2508, 0x2D2A, 0x316C, 0x358D, 0x4A53, 0x5AD7, 0x2D4B, 0x20E7, 0x2508, 0x20E7, 0x24E8, 0x2909, 0x2D29, 0x314B, 0x316B,
    0x316C, 0x39AD, 0x39AE, 0x41F0, 0x4210, 0x4A52, 0x6339, 0x56B6, 0x358D, 0x316B, 0x314B, 0x2909, 0x20E7, 0x20E7, 0x20E7, 0x1CE7,
    0x18A5, 0x1083, 0x14A5, 0x292A, 0x318C, 0x3063, 0x2400, 0x8000, 0x8000, 0x0C00, 0x2800, 0x4020, 0x3420, 0x3400, 0x1000, 0x14A5,
    0x18A5, 0x0C63, 0x2509, 0x0421, 0x1063, 0x18A5, 0x1083, 0x1084, 0x0C42, 0x0C63, 0x0800, 0x3800, 0x3000, 0x2800, 0x2400, 0x1800,
    0x1000, 0x1000, 0x0800, 0x8000, 0x0C42, 0x20E7, 0x1CC6, 0x1484, 0x20E7, 0x18A5, 0x0C63, 0x0421, 0x8000, 0x8000, 0x8000, 0x0800,
    0x1800, 0x0C00, 0x1000, 0x1400, 0x1800, 0x2000, 0x2C00, 0x4C41, 0x3821, 0x1800, 0x1C00, 0x0C00, 0x8000, 0x8000, 0x8000, 0x0023,
    0x04A8, 0x04A8, 0x0001, 0x8000, 0x0800, 0x1C00, 0x1000, 0x2000, 0x1C00, 0x1000, 0x0C00, 0x8000, 0x8000, 0x8000, 0x8000, 0x8000,
    0x8000, 0x8000, 0x8000, 0x8000, 0x8000, 0x8000, 0x8000, 0x8000, 0x8000, 0x8000, 0x18A5, 0x2508, 0x1063, 0x1484, 0x18A5, 0x1CC6,
    0x2508, 0x2929, 0x316B, 0x358C, 0x3DF0, 0x5EF7, 0x3DCF, 0x20E7, 0x20E7, 0x2508, 0x2508, 0x2909, 0x2929, 0x2D4B, 0x316B, 0x358C,
    0x358D, 0x39AE, 0x4210, 0x4611, 0x4E74, 0x6339, 0x56B5, 0x358D, 0x316C, 0x2D4A, 0x2929, 0x20E7, 0x20E7, 0x20E7, 0x1CE7, 0x1CC6,
    0x18A5, 0x14A5, 0x1484, 0x2509, 0x1CC7, 0x1800, 0x1400, 0x0421, 0x0821, 0x8000, 0x0800, 0x2000, 0x4841, 0x4420, 0x1000, 0x0C63,
    0x2508, 0x0421, 0x18C6, 0x1063, 0x0421, 0x0C42, 0x0C62, 0x1485, 0x0C42, 0x0C63, 0x0800, 0x3800, 0x3800, 0x2C00, 0x2C00, 0x2000,
    0x1800, 0x1000, 0x1000, 0x0400, 0x0400, 0x1484, 0x2508, 0x1484, 0x20E7, 0x18A5, 0x0C63, 0x0421, 0x8000, 0x8000, 0x8000, 0x8000,
    0x1400, 0x1C00, 0x0C00, 0x1400, 0x1C00, 0x2000, 0x3C20, 0x4041, 0x1800, 0x1C00, 0x0C00, 0x8000, 0x8000, 0x8000, 0x0022, 0x0065,
    0x0087, 0x0488, 0x0065, 0x8000, 0x8000, 0x1000, 0x1800, 0x1400, 0x2400, 0x1000, 0x0C00, 0x8000, 0x8000, 0x8000, 0x8000, 0x8000,
    0x8000, 0x8000, 0x8000, 0x8000, 0x8000, 0x8000, 0x8000, 0x8000, 0x8000, 0x0C63, 0x2929, 0x1484, 0x1063, 0x14A4, 0x18C6, 0x24E8,
    0x2909, 0x316B, 0x358D, 0x39CF, 0x5295, 0x5295, 0x2909, 0x20E7, 0x20E7, 0x2508, 0x2929, 0x2929, 0x2D4B, 0x356C, 0x358C, 0x39AD,
    0x3DCF, 0x3DF0, 0x4632, 0x5294, 0x6B5B, 0x5295, 0x316C, 0x316B, 0x314B, 0x2909, 0x24E8, 0x20E7, 0x20E7, 0x1CC6, 0x18C6, 0x18A5,
    0x18A5, 0x1484, 0x2508, 0x20E8, 0x1821, 0x1800, 0x8000, 0x18C6, 0x2D6B, 0x0C42, 0x8000, 0x0800, 0x2400, 0x4041, 0x2800, 0x0400,
    0x20E7, 0x1063, 0x0421, 0x1CE7, 0x18A5, 0x1084, 0x18A5, 0x0842, 0x1084, 0x0421, 0x0800, 0x3400, 0x3800, 0x3000, 0x2C00, 0x2400,
    0x2000, 0x1800, 0x1000, 0x0800, 0x8000, 0x0841, 0x1CC6, 0x1CC6, 0x1CE7, 0x18A5, 0x0C63, 0x0421, 0x8000, 0x8000, 0x8000, 0x8000,
    0x0C00, 0x2400, 0x1400, 0x1000, 0x1800, 0x2800, 0x4C41, 0x2000, 0x1800, 0x0C00, 0x8000, 0x8000, 0x8000, 0x0001, 0x0065, 0x0044,
    0x154F, 0x0D2C, 0x0023, 0x0045, 0x8000, 0x8000, 0x1800, 0x0C00, 0x1C00, 0x1C00, 0x0C00, 0x8000, 0x8000, 0x8000, 0x8000, 0x8000,
    0x8000, 0x8000, 0x8000, 0x8000, 0x8000, 0x8000, 0x8000, 0x8000, 0x8000, 0x1484, 0x2508, 0x20E7, 0x1CC6, 0x18A5, 0x1CC6, 0x20E7,
    0x2909, 0x316B, 0x39AE, 0x4E74, 0x6318, 0x2D4A, 0x20E7, 0x2508, 0x2508, 0x2929, 0x2D2A, 0x2D4B, 0x316C, 0x358D, 0x39AE, 0x3DCF,
    0x4211, 0x4632, 0x5295, 0x6F7B, 0x5295, 0x358D, 0x314B, 0x2D4A, 0x2909, 0x20E8, 0x20E7, 0x1CC6, 0x1CC6, 0x18A5, 0x18A5, 0x14A5,
    0x1484, 0x2508, 0x2108, 0x1021, 0x2000, 0x0400, 0x0421, 0x18A5, 0x4A32, 0x4A52, 0x1CC6, 0x0421, 0x0400, 0x1800, 0x4020, 0x1400,
    0x0442, 0x2508, 0x1084, 0x0400, 0x0C42, 0x1063, 0x0842, 0x0C63, 0x0C63, 0x0400, 0x1400, 0x2400, 0x3C00, 0x4841, 0x3C20, 0x3000,
    0x2400, 0x2000, 0x1400, 0x0C00, 0x0800, 0x8000, 0x0C42, 0x2108, 0x2929, 0x1484, 0x0C63, 0x0421, 0x8000, 0x8000, 0x8000, 0x8000,
    0x0400, 0x1C00, 0x2400, 0x1400, 0x1400, 0x3C20, 0x3400, 0x1800, 0x1400, 0x8000, 0x8000, 0x8000, 0x0001, 0x0045, 0x0022, 0x0066,
    0x2637, 0x2A57, 0x0044, 0x0465, 0x0044, 0x8000, 0x0800, 0x1400, 0x1400, 0x2400, 0x1000, 0x8000, 0x8000, 0x8000, 0x8000, 0x8000,
    0x8000, 0x8000, 0x8000, 0x8000, 0x8000, 0x8000, 0x8000, 0x8000, 0x8000, 0x1800, 0x1442, 0x18A5, 0x2508, 0x2D4A, 0x316C, 0x358D,
    0x39AE, 0x3DEF, 0x4E73, 0x6B5B, 0x4631, 0x20C6, 0x1CC6, 0x24E8, 0x2909, 0x2D2A, 0x2D4A, 0x358C, 0x35AD, 0x39AE, 0x4211, 0x4631,
    0x4632, 0x56B6, 0x6B7B, 0x5294, 0x358D, 0x316C, 0x2D2A, 0x2909, 0x2508, 0x20E7, 0x1CC7, 0x1CC6, 0x18A5, 0x18A5, 0x1484, 0x1484,
    0x20E7, 0x2529, 0x1042, 0x2400, 0x0C00, 0x8000, 0x0C42, 0x1484, 0x20C6, 0x4A52, 0x56B5, 0x18C6, 0x0821, 0x0400, 0x1800, 0x3000,
    0x0C00, 0x0C63, 0x1CE7, 0x18A5, 0x1063, 0x0C63, 0x1063, 0x1063, 0x8000, 0x0800, 0x1000, 0x2800, 0x4020, 0x3841, 0x4441, 0x4C21,
    0x3400, 0x2000, 0x1800, 0x1000, 0x0C00, 0x0400, 0x8000, 0x1484, 0x2D2A, 0x18A5, 0x0C63, 0x0421, 0x8000, 0x0400, 0x0400, 0x8000,
    0x8000, 0x1000, 0x3000, 0x1800, 0x2400, 0x4020, 0x1800, 0x1400, 0x0400, 0x8000, 0x8000, 0x8000, 0x0044, 0x0043, 0x0022, 0x04A8,
    0x1192, 0x4B1C, 0x0CC9, 0x0023, 0x0486, 0x0001, 0x8000, 0x1000, 0x1000, 0x1C00, 0x1800, 0x8000, 0x8000, 0x8000, 0x8000, 0x8000,
    0x8000, 0x8000, 0x8000, 0x8000, 0x8000, 0x8000, 0x8000, 0x8000, 0x2000, 0x1000, 0x0800, 0x1400, 0x0C41, 0x1484, 0x1CC6, 0x292A,
    0x39AD, 0x4A53, 0x6739, 0x6739, 0x3DF0, 0x3DEF, 0x39AE, 0x318C, 0x316B, 0x2D4B, 0x316C, 0x316C, 0x39AD, 0x3DEF, 0x41F0, 0x4E74,
    0x56D6, 0x675A, 0x4E73, 0x316C, 0x314B, 0x2929, 0x2909, 0x2508, 0x20E7, 0x1CC6, 0x18A5, 0x18A5, 0x18A5, 0x14A4, 0x1084, 0x20E7,
    0x292A, 0x1063, 0x2000, 0x1000, 0x8000, 0x0841, 0x1084, 0x18A5, 0x20E7, 0x24E8, 0x35AD, 0x4A53, 0x2508, 0x0842, 0x8000, 0x1400,
    0x3400, 0x1000, 0x8000, 0x0C63, 0x1484, 0x0C63, 0x0421, 0x8000, 0x0800, 0x1000, 0x1800, 0x2400, 0x1400, 0x0C00, 0x1400, 0x2800,
    0x4821, 0x3400, 0x1C00, 0x1800, 0x1000, 0x0800, 0x8000, 0x0420, 0x18A5, 0x1CC6, 0x0C63, 0x0421, 0x8000, 0x0420, 0x0421, 0x0400,
    0x8000, 0x0400, 0x2400, 0x2400, 0x3800, 0x2400, 0x1000, 0x0C00, 0x8000, 0x8000, 0x8000, 0x0044, 0x0044, 0x0065, 0x0465, 0x0486,
    0x052F, 0x3698, 0x1DB1, 0x0022, 0x0465, 0x0065, 0x8000, 0x0400, 0x1400, 0x1400, 0x1C00, 0x8000, 0x8000, 0x8000, 0x8000, 0x8000,
    0x8000, 0x8000, 0x8000, 0x8000, 0x8000, 0x8000, 0x8000, 0x1C00, 0x3020, 0x0800, 0x0400, 0x0C00, 0x8000, 0x8000, 0x0400, 0x0421,
    0x0841, 0x1063, 0x18A5, 0x1CC6, 0x2508, 0x2D4B, 0x318C, 0x39AE, 0x3DF0, 0x4631, 0x4A53, 0x4E74, 0x56B6, 0x5EF8, 0x673A, 0x6F9C,
    0x7FFF, 0x6339, 0x4211, 0x39AE, 0x314B, 0x2929, 0x2929, 0x24E8, 0x1CC7, 0x1CC6, 0x1CC6, 0x18A5, 0x14A4, 0x1484, 0x1CC6, 0x2D4B,
    0x1484, 0x1800, 0x1800, 0x8000, 0x0821, 0x1063, 0x1484, 0x1CC6, 0x1CC7, 0x1CC6, 0x1CC6, 0x2D6B, 0x4611, 0x2509, 0x0842, 0x8000,
    0x1000, 0x2800, 0x2000, 0x0800, 0x8000, 0x8000, 0x0800, 0x0C00, 0x1000, 0x2000, 0x1C00, 0x0800, 0x0400, 0x8000, 0x8000, 0x0800,
    0x2000, 0x4420, 0x3000, 0x1C00, 0x1400, 0x0C00, 0x0800, 0x8000, 0x0C42, 0x1484, 0x1484, 0x0421, 0x8000, 0x0421, 0x0841, 0x0821,
    0x8000, 0x8000, 0x1800, 0x3000, 0x3800, 0x1800, 0x1000, 0x0400, 0x8000, 0x8000, 0x0022, 0x0066, 0x0487, 0x04A9, 0x04C9, 0x0487,
    0x0088, 0x2615, 0x2E79, 0x0044, 0x0044, 0x0487, 0x0022, 0x8000, 0x1000, 0x1800, 0x1400, 0x8000, 0x8000, 0x8000, 0x8000, 0x8000,
    0x8000, 0x8000, 0x8000, 0x8000, 0x8000, 0x8000, 0x8000, 0x1C21, 0x1CA5, 0x1CC6, 0x0C00, 0x1400, 0x1400, 0x0C41, 0x0421, 0x0421,
    0x0021, 0x8000, 0x8000, 0x0421, 0x0400, 0x0821, 0x0842, 0x1063, 0x1484, 0x18A5, 0x1CC6, 0x2508, 0x2D4A, 0x35AD, 0x4611, 0x4A52,
    0x4611, 0x41EF, 0x3DEF, 0x3DEF, 0x39AE, 0x39AE, 0x316C, 0x2D4A, 0x2D4A, 0x2929, 0x2508, 0x2508, 0x2108, 0x2508, 0x316B, 0x18C6,
    0x1000, 0x1800, 0x8000, 0x0421, 0x0C63, 0x1484, 0x18A5, 0x1CC6, 0x1CC6, 0x1CC6, 0x20E7, 0x1CC6, 0x1CC7, 0x39AE, 0x2D4A, 0x0C62,
    0x8000, 0x1000, 0x3000, 0x2C00, 0x1800, 0x1400, 0x1400, 0x1400, 0x1C00, 0x1C00, 0x0400, 0x8000, 0x8000, 0x8000, 0x8000, 0x8000,
    0x0400, 0x1C00, 0x4420, 0x2C00, 0x1800, 0x1400, 0x0C00, 0x0400, 0x8000, 0x0C63, 0x18A5, 0x0842, 0x8000, 0x0421, 0x0C42, 0x0842,
    0x0821, 0x8000, 0x0800, 0x3800, 0x2C00, 0x1000, 0x0800, 0x8000, 0x0800, 0x0400, 0x0001, 0x0066, 0x090D, 0x090D, 0x090C, 0x04C9,
    0x0066, 0x0D50, 0x3EBA, 0x0CC9, 0x0023, 0x0487, 0x0065, 0x8000, 0x0400, 0x1800, 0x1000, 0x8000, 0x8000, 0x8000, 0x8000, 0x8000,
    0x8000, 0x8000, 0x8000, 0x8000, 0x8000, 0x8000, 0x2020, 0x2084, 0x0C84, 0x20E7, 0x2108, 0x1042, 0x2400, 0x2800, 0x2C20, 0x1C42,
    0x1862, 0x1442, 0x1041, 0x0821, 0x0421, 0x0401, 0x0400, 0x0400, 0x0400, 0x8000, 0x0400, 0x0821, 0x0821, 0x0C42, 0x0C42, 0x0C42,
    0x0C42, 0x0C42, 0x1063, 0x1063, 0x1463, 0x1463, 0x1463, 0x1463, 0x1463, 0x1484, 0x1484, 0x1884, 0x1CA6, 0x2508, 0x18A5, 0x1420,
    0x2400, 0x0400, 0x0421, 0x1063, 0x1484, 0x18A5, 0x18C6, 0x1CC6, 0x1CC6, 0x1CC6, 0x1CC6, 0x1CC6, 0x18A5, 0x18C6, 0x316B, 0x2929,
    0x1084, 0x0421, 0x0800, 0x2400, 0x3000, 0x2400, 0x1800, 0x1C00, 0x2800, 0x0800, 0x8000, 0x8000, 0x8000, 0x0821, 0x0842, 0x0821,
    0x8000, 0x8000, 0x2800, 0x4420, 0x2400, 0x1800, 0x1400, 0x1000, 0x0400, 0x8000, 0x1063, 0x0421, 0x8000, 0x0821, 0x0C63, 0x1484,
    0x1063, 0x0400, 0x8000, 0x2C00, 0x1C00, 0x1000, 0x8000, 0x0400, 0x0C00, 0x0C00, 0x0400, 0x0023, 0x04CA, 0x0D92, 0x0950, 0x090D,
    0x04A8, 0x04CA, 0x2659, 0x19D4, 0x0022, 0x0487, 0x04A9, 0x0023, 0x8000, 0x1400, 0x1400, 0x8000, 0x8000, 0x8000, 0x8000, 0x8000,
    0x8000, 0x8000, 0x8000, 0x8000, 0x8000, 0x0C00, 0x1C63, 0x1084, 0x0C63, 0x0C63, 0x2509, 0x2529, 0x0C42, 0x1000, 0x2000, 0x2C00,
    0x3420, 0x3020, 0x2C20, 0x1821, 0x0842, 0x0842, 0x0821, 0x0821, 0x0421, 0x0400, 0x0400, 0x8000, 0x8000, 0x8000, 0x8000, 0x8000,
    0x8000, 0x8000, 0x0400, 0x0400, 0x0800, 0x1000, 0x1000, 0x1400, 0x1400, 0x0C00, 0x1000, 0x1400, 0x0C00, 0x0C00, 0x1400, 0x1C00,
    0x0C00, 0x8000, 0x0842, 0x0C63, 0x1063, 0x1084, 0x1484, 0x1484, 0x1484, 0x1484, 0x1084, 0x1084, 0x1084, 0x1084, 0x1063, 0x1CC7,
    0x20E8, 0x0C63, 0x8000, 0x0800, 0x2000, 0x2000, 0x1000, 0x1C00, 0x1400, 0x8000, 0x8000, 0x8000, 0x8000, 0x0421, 0x0C63, 0x0C63,
    0x0421, 0x8000, 0x0800, 0x2C00, 0x2800, 0x1000, 0x1000, 0x1000, 0x0800, 0x8000, 0x8000, 0x8000, 0x8000, 0x0821, 0x0C63, 0x1485,
    0x1063, 0x0400, 0x8000, 0x1400, 0x1000, 0x0800, 0x8000, 0x0800, 0x0C00, 0x0C00, 0x0800, 0x8000, 0x0044, 0x092D, 0x092E, 0x04EB,
    0x0487, 0x0065, 0x1170, 0x1DD2, 0x0022, 0x0065, 0x04A8, 0x0044, 0x8000, 0x0400, 0x0C00, 0x8000, 0x8000, 0x8000, 0x8000, 0x8000,
    0x8000, 0x8000, 0x8000, 0x8000, 0x8000, 0x8000, 0x8000, 0x8000, 0x8000, 0x8000, 0x8000, 0x8000, 0x8000, 0x8000, 0x8000, 0x8000,
    0x8000, 0x8000, 0x8000, 0x8000, 0x8000, 0x8000, 0x8000, 0x8000, 0x8000, 0x8000, 0x8000, 0x8000, 0x8000, 0x8000, 0x8000, 0x8000,
    0x8000, 0x8000, 0x8000, 0x8000, 0x8000, 0x8000, 0x8000, 0x8000, 0x8000, 0x8000, 0x8000, 0x8000, 0x8000, 0x8000, 0x8000, 0x8000,
    0x8000, 0x8000, 0x8000, 0x8000, 0x8000, 0x8000, 0x8000, 0x8000, 0x8000, 0x8000, 0x8000, 0x8000, 0x8000, 0x8000, 0x8000, 0x8000,
    0x8000, 0x8000, 0x8000, 0x8000, 0x8000, 0x8000, 0x8000, 0x8000, 0x8000, 0x8000, 0x8000, 0x8000, 0x8000, 0x8000, 0x8000, 0x8000,
    0x8000, 0x8000, 0x8000, 0x8000, 0x8000, 0x8000, 0x8000, 0x8000, 0x8000, 0x8000, 0x8000, 0x8000, 0x8000, 0x8000, 0x8000, 0x8000,
    0x8000, 0x8000, 0x8000, 0x8000, 0x8000, 0x8000, 0x8000, 0x8000, 0x8000, 0x8000, 0x8000, 0x8000, 0x8000, 0x8000, 0x8000, 0x8000,
    0x8000, 0x8000, 0x8000, 0x8000, 0x8000, 0x8000, 0x8000, 0x8000, 0x8000, 0x8000, 0x8000, 0x8000, 0x8000, 0x8000, 0x8000, 0x8000,
    0x8000, 0x8000, 0x8000, 0x8000, 0x8000, 0x8000, 0x8000, 0x8000, 0x8000, 0x8000, 0x8000, 0x8000, 0x8000, 0x8000, 0x8000, 0x8000,
    0x8000, 0x8000, 0x8000, 0x8000, 0x8000, 0x8000, 0x8000, 0x8000, 0x8000, 0x8000, 0x8000, 0x8000, 0x8000, 0x8000, 0x8000, 0x8000,
    0x8000, 0x8000, 0x8000, 0x8000, 0x8000, 0x8000, 0x8000, 0x8000, 0x8000, 0x8000, 0x8000, 0x8000, 0x8000, 0x8000, 0x8000, 0x8000,
    0x8000, 0x8000, 0x8000, 0x8000, 0x8000, 0x8000, 0x8000, 0x8000, 0x8000, 0x8000, 0x8000, 0x8000, 0x8000, 0x8000, 0x8000, 0x8000,
    0x8000, 0x8000, 0x8000, 0x8000, 0x8000, 0x8000, 0x8000, 0x8000, 0x8000, 0x8000, 0x8000, 0x8000, 0x8000, 0x8000, 0x8000, 0x8000,
    0x8000, 0x8000, 0x8000, 0x8000, 0x8000, 0x8000, 0x8000, 0x8000, 0x8000, 0x8000, 0x8000, 0x8000, 0x8000, 0x8000, 0x8000, 0x8000,
    0x8000, 0x8000, 0x8000, 0x8000, 0x8000, 0x8000, 0x8000, 0x8000, 0x8000, 0x8000, 0x8000, 0x8000, 0x8000, 0x8000, 0x8000, 0x8000,
    0x8000, 0x8000, 0x8000, 0x8000, 0x8000, 0x8000, 0x8000, 0x8000, 0x8000, 0x8000, 0x8000, 0x8000, 0x8000, 0x8000, 0x8000, 0x8000,
    0x8000, 0x8000, 0x8000, 0x8000, 0x8000, 0x8000, 0x8000, 0x8000, 0x8000, 0x8000, 0x8000, 0x8000, 0x8000, 0x8000, 0x8000, 0x8000,
    0x8000, 0x8000, 0x8000, 0x8000, 0x8000, 0x8000, 0x8000, 0x8000, 0x8000, 0x8000, 0x8000, 0x8000, 0x8000, 0x8000, 0x8000, 0x8000,
    0x8000, 0x8000, 0x8000, 0x8000, 0x8000, 0x8000, 0x8000, 0x8000, 0x8000, 0x8000, 0x8000, 0x8000, 0x8000, 0x8000, 0x8000, 0x8000,
    0x8000, 0x8000, 0x8000, 0x8000, 0x8000, 0x8000, 0x8000, 0x8000, 0x8000, 0x8000, 0x8000, 0x8000, 0x8000, 0x8000, 0x8000, 0x8000,
    0x8000, 0x8000, 0x8000, 0x8000, 0x8000, 0x8000, 0x8000, 0x8000, 0x8000, 0x8000, 0x8000, 0x8000, 0x8000, 0x8000, 0x8000, 0x8000,
    0x8000, 0x8000, 0x8000, 0x8000, 0x8000, 0x8000, 0x8000, 0x8000, 0x8000, 0x8000, 0x8000, 0x8000, 0x8000, 0x8000, 0x8000, 0x8000,
    0x8000, 0x8000, 0x8000, 0x8000, 0x8000, 0x8000, 0x8000, 0x8000, 0x8000, 0x8000, 0x8000, 0x8000, 0x8000, 0x8000, 0x8000, 0x8000,
    0x8000, 0x8000, 0x8000, 0x8000, 0x8000, 0x8000, 0x8000, 0x8000, 0x8000, 0x8000, 0x8000, 0x8000, 0x8000, 0x8000, 0x8000, 0x8000,
};

static const uint16_t toshinden_sho_alt_portrait[16384] = {
    0x8000, 0x8000, 0x8000, 0x8000, 0x8000, 0x8000, 0x8000, 0x8000, 0x8000, 0x8000, 0x8000, 0x8000, 0x8000, 0x8000, 0x8000, 0x8000,
    0x8000, 0x8000, 0x8000, 0x8000, 0x8000, 0x8000, 0x8000, 0x8000, 0x8000, 0x8000, 0x8000, 0x8000, 0x8000, 0x8000, 0x8000, 0x8000,
    0x0001, 0x0023, 0x0001, 0x8000, 0x8000, 0x8000, 0x8000, 0x8000, 0x8000, 0x8000, 0x8000, 0x8000, 0x8000, 0x8000, 0x8000, 0x8000,
    0x8000, 0x8000, 0x8000, 0x8000, 0x8000, 0x8000, 0x8000, 0x8000, 0x8000, 0x8000, 0x8000, 0x8000, 0x8000, 0x8000, 0x8000, 0x8000,
    0x8000, 0x8000, 0x8000, 0x8000, 0x8000, 0x8000, 0x8000, 0x8000, 0x8000, 0x8000, 0x8000, 0x8000, 0x8000, 0x8000, 0x8000, 0x8000,
    0x8000, 0x8000, 0x8000, 0x8000, 0x8000, 0x8000, 0x8000, 0x8000, 0x8000, 0x8000, 0x8000, 0x8000, 0x8000, 0x8000, 0x8000, 0x8000,
    0x8000, 0x8000, 0x8000, 0x8000, 0x8000, 0x8000, 0x8000, 0x8000, 0x8000, 0x8000, 0x8000, 0x8000, 0x8000, 0x8000, 0x8000, 0x8000,
    0x8000, 0x8000, 0x8000, 0x8000, 0x8000, 0x8000, 0x8000, 0x8000, 0x8000, 0x8000, 0x8000, 0x8000, 0x8000, 0x8000, 0x8000, 0x8000,
    0x8000, 0x8000, 0x8000, 0x8000, 0x8000, 0x8000, 0x8000, 0x8000, 0x8000, 0x8000, 0x8000, 0x8000, 0x8000, 0x8000, 0x8000, 0x8000,
    0x8000, 0x8000, 0x8000, 0x8000, 0x8000, 0x8000, 0x8000, 0x8000, 0x8000, 0x8000, 0x8000, 0x8000, 0x8000, 0x8000, 0x8000, 0x8000,
    0x0001, 0x0023, 0x0446, 0x0447, 0x0446, 0x0023, 0x0001, 0x8000, 0x8000, 0x8000, 0x8000, 0x8000, 0x8000, 0x8000, 0x8000, 0x8000,
    0x0001, 0x8000, 0x8000, 0x8000, 0x8000, 0x8000, 0x8000, 0x8000, 0x8000, 0x8000, 0x8000, 0x8000, 0x8000, 0x8000, 0x8000, 0x8000,
    0x8000, 0x8000, 0x8000, 0x8000, 0x8000, 0x8000, 0x8000, 0x8000, 0x8000, 0x8000, 0x8000, 0x8000, 0x8000, 0x8000, 0x8000, 0x8000,
    0x8000, 0x8000, 0x8000, 0x8000, 0x8000, 0x8000, 0x8000, 0x8000, 0x8000, 0x8000, 0x8000, 0x8000, 0x8000, 0x8000, 0x8000, 0x8000,
    0x8000, 0x8000, 0x8000, 0x8000, 0x8000, 0x8000, 0x8000, 0x8000, 0x8000, 0x8000, 0x8000, 0x8000, 0x8000, 0x8000, 0x8000, 0x8000,
    0x8000, 0x8000, 0x8000, 0x8000, 0x8000, 0x8000, 0x8000, 0x8000, 0x8000, 0x8000, 0x8000, 0x8000, 0x8000, 0x8000, 0x8000, 0x8000,
    0x8000, 0x8000, 0x8000, 0x8000, 0x8000, 0x8000, 0x8000, 0x8000, 0x8000, 0x8000, 0x8000, 0x8000, 0x8000, 0x8000, 0x8000, 0x8000,
    0x8000, 0x8000, 0x8000, 0x8000, 0x8000, 0x8000, 0x8000, 0x8000, 0x8000, 0x8000, 0x8000, 0x8000, 0x8000, 0x8000, 0x8000, 0x8000,
    0x8000, 0x8000, 0x0022, 0x0446, 0x0468, 0x0469, 0x086A, 0x0468, 0x0024, 0x0001, 0x8000, 0x8000, 0x8000, 0x8000, 0x8000, 0x8000,
    0x0023, 0x0022, 0x8000, 0x8000, 0x8000, 0x8000, 0x8000, 0x8000, 0x8000, 0x8000, 0x8000, 0x8000, 0x8000, 0x8000, 0x8000, 0x8000,
    0x8000, 0x8000, 0x8000, 0x8000, 0x8000, 0x8000, 0x8000, 0x8000, 0x8000, 0x8000, 0x8000, 0x8000, 0x8000, 0x8000, 0x8000, 0x8000,
    0x8000, 0x8000, 0x8000, 0x8000, 0x8000, 0x8000, 0x8000, 0x8000, 0x8000, 0x8000, 0x8000, 0x8000, 0x8000, 0x8000, 0x8000, 0x8000,
    0x8000, 0x8000, 0x8000, 0x8000, 0x8000, 0x8000, 0x8000, 0x8000, 0x8000, 0x8000, 0x8000, 0x8000, 0x8000, 0x8000, 0x8000, 0x8000,
    0x8000, 0x8000, 0x8000, 0x8000, 0x8000, 0x8000, 0x8000, 0x8000, 0x8000, 0x8000, 0x8000, 0x8000, 0x8000, 0x8000, 0x8000, 0x8000,
    0x8000, 0x8000, 0x8000, 0x8000, 0x8000, 0x8000, 0x8000, 0x8000, 0x8000, 0x8000, 0x8000, 0x8000, 0x8000, 0x8000, 0x8000, 0x8000,
    0x8000, 0x8000, 0x8000, 0x8000, 0x8000, 0x8000, 0x8000, 0x8000, 0x8000, 0x0001, 0x0023, 0x0023, 0x0002, 0x0001, 0x8000, 0x8000,
    0x8000, 0x8000, 0x8000, 0x8000, 0x0024, 0x0447, 0x0469, 0x0C8D, 0x0CAD, 0x086A, 0x0424, 0x8000, 0x8000, 0x8000, 0x8000, 0x8000,
    0x0022, 0x0447, 0x0001, 0x8000, 0x8000, 0x8000, 0x8000, 0x8000, 0x8000, 0x8000, 0x8000, 0x8000, 0x8000, 0x8000, 0x8000, 0x8000,
    0x8000, 0x8000, 0x8000, 0x8000, 0x8000, 0x8000, 0x8000, 0x8000, 0x8000, 0x8000, 0x8000, 0x8000, 0x8000, 0x8000, 0x8000, 0x8000,
    0x8000, 0x8000, 0x8000, 0x8000, 0x8000, 0x8000, 0x8000, 0x8000, 0x8000, 0x8000, 0x8000, 0x8000, 0x8000, 0x8000, 0x8000, 0x8000,
    0x8000, 0x8000, 0x8000, 0x8000, 0x8000, 0x8000, 0x8000, 0x8000, 0x8000, 0x8000, 0x8000, 0x8000, 0x8000, 0x8000, 0x8000, 0x8000,
    0x8000, 0x8000, 0x8000, 0x8000, 0x8000, 0x8000, 0x8000, 0x8000, 0x8000, 0x8000, 0x8000, 0x8000, 0x8000, 0x8000, 0x8000, 0x8000,
    0x8000, 0x8000, 0x8000, 0x8000, 0x8000, 0x8000, 0x8000, 0x8000, 0x8000, 0x8000, 0x8000, 0x8000, 0x8000, 0x8000, 0x8000, 0x8000,
    0x8000, 0x8000, 0x8000, 0x8000, 0x8000, 0x0001, 0x0024, 0x0447, 0x0C8B, 0x10AE, 0x10D1, 0x10D1, 0x10D0, 0x0CAD, 0x088A, 0x0467,
    0x0445, 0x0023, 0x0022, 0x8000, 0x8000, 0x0023, 0x0446, 0x0448, 0x0C8C, 0x10D1, 0x0CAE, 0x0868, 0x0001, 0x8000, 0x8000, 0x8000,
    0x0001, 0x0469, 0x0024, 0x8000, 0x8000, 0x8000, 0x8000, 0x8000, 0x8000, 0x8000, 0x8000, 0x8000, 0x8000, 0x8000, 0x8000, 0x8000,
    0x8000, 0x8000, 0x8000, 0x8000, 0x8000, 0x8000, 0x8000, 0x8000, 0x8000, 0x8000, 0x8000, 0x8000, 0x8000, 0x8000, 0x8000, 0x8000,
    0x8000, 0x8000, 0x8000, 0x8000, 0x8000, 0x8000, 0x8000, 0x8000, 0x8000, 0x8000, 0x8000, 0x8000, 0x8000, 0x8000, 0x8000, 0x8000,
    0x8000, 0x8000, 0x8000, 0x8000, 0x8000, 0x8000, 0x8000, 0x8000, 0x8000, 0x8000, 0x8000, 0x8000, 0x8000, 0x8000, 0x8000, 0x8000,
    0x8000, 0x8000, 0x8000, 0x8000, 0x8000, 0x8000, 0x8000, 0x8000, 0x8000, 0x8000, 0x8000, 0x8000, 0x8000, 0x8000, 0x8000, 0x8000,
    0x8000, 0x8000, 0x8000, 0x8000, 0x8000, 0x8000, 0x8000, 0x8000, 0x8000, 0x8000, 0x8000, 0x8000, 0x8000, 0x8000, 0x8000, 0x8000,
    0x8000, 0x8000, 0x8000, 0x0022, 0x0467, 0x086A, 0x0C8D, 0x0CAE, 0x0CAE, 0x0CAD, 0x0CAE, 0x10AF, 0x10D1, 0x14F3, 0x14F4, 0x14F3,
    0x14F2, 0x10D0, 0x0C8D, 0x0869, 0x0446, 0x0023, 0x0024, 0x0446, 0x0447, 0x0C8D, 0x14F2, 0x10D1, 0x0869, 0x0001, 0x8000, 0x8000,
    0x0022, 0x0869, 0x086A, 0x0001, 0x8000, 0x8000, 0x8000, 0x8000, 0x8000, 0x8000, 0x8000, 0x8000, 0x8000, 0x8000, 0x8000, 0x8000,
    0x8000, 0x8000, 0x8000, 0x8000, 0x8000, 0x8000, 0x8000, 0x8000, 0x8000, 0x8000, 0x8000, 0x8000, 0x8000, 0x8000, 0x8000, 0x8000,
    0x8000, 0x8000, 0x8000, 0x8000, 0x8000, 0x8000, 0x8000, 0x8000, 0x8000, 0x8000, 0x8000, 0x8000, 0x8000, 0x8000, 0x8000, 0x8000,
    0x8000, 0x8000, 0x8000, 0x8000, 0x8000, 0x8000, 0x8000, 0x8000, 0x8000, 0x8000, 0x8000, 0x8000, 0x8000, 0x8000, 0x8000, 0x8000,
    0x8000, 0x8000, 0x8000, 0x8000, 0x8000, 0x8000, 0x8000, 0x8000, 0x8000, 0x8000, 0x8000, 0x8000, 0x8000, 0x8000, 0x8000, 0x8000,
    0x8000, 0x8000, 0x8000, 0x8000, 0x8000, 0x8000, 0x8000, 0x8000, 0x8000, 0x8000, 0x8000, 0x8000, 0x8000, 0x8000, 0x8000, 0x8000,
    0x8000, 0x8000, 0x8000, 0x8000, 0x0001, 0x0001, 0x0002, 0x0023, 0x0445, 0x0447, 0x0468, 0x086A, 0x088B, 0x0C8C, 0x10AF, 0x10D1,
    0x14F2, 0x1514, 0x1514, 0x14F2, 0x0CAE, 0x088A, 0x0447, 0x0024, 0x0445, 0x0869, 0x0C8C, 0x10D1, 0x10D0, 0x0869, 0x0001, 0x8000,
    0x0445, 0x0468, 0x0C8C, 0x0024, 0x8000, 0x8000, 0x8000, 0x8000, 0x8000, 0x8000, 0x8000, 0x8000, 0x8000, 0x8000, 0x8000, 0x8000,
    0x8000, 0x8000, 0x8000, 0x8000, 0x8000, 0x8000, 0x8000, 0x8000, 0x8000, 0x8000, 0x8000, 0x8000, 0x8000, 0x8000, 0x8000, 0x8000,
    0x0022, 0x0022, 0x8000, 0x8000, 0x8000, 0x8000, 0x8000, 0x8000, 0x8000, 0x8000, 0x8000, 0x8000, 0x8000, 0x8000, 0x8000, 0x8000,
    0x8000, 0x8000, 0x8000, 0x8000, 0x8000, 0x8000, 0x8000, 0x8000, 0x8000, 0x8000, 0x8000, 0x8000, 0x8000, 0x8000, 0x8000, 0x8000,
    0x8000, 0x8000, 0x8000, 0x8000, 0x8000, 0x8000, 0x8000, 0x8000, 0x8000, 0x8000, 0x8000, 0x8000, 0x8000, 0x8000, 0x8000, 0x8000,
    0x8000, 0x8000, 0x8000, 0x8000, 0x8000, 0x8000, 0x8000, 0x8000, 0x8000, 0x8000, 0x8000, 0x8000, 0x8000, 0x8000, 0x8000, 0x8000,
    0x8000, 0x8000, 0x8000, 0x8000, 0x8000, 0x8000, 0x8000, 0x8000, 0x8000, 0x0021, 0x0445, 0x0447, 0x0869, 0x088B, 0x088C, 0x0CAE,
    0x10D1, 0x10D0, 0x10F2, 0x1914, 0x1914, 0x10D1, 0x0C8C, 0x0468, 0x0445, 0x0445, 0x0468, 0x0CAF, 0x14F3, 0x0CAE, 0x0445, 0x0001,
    0x0446, 0x0869, 0x0CAF, 0x0446, 0x8000, 0x8000, 0x8000, 0x8000, 0x8000, 0x8000, 0x8000, 0x8000, 0x8000, 0x8000, 0x8000, 0x8000,
    0x8000, 0x8000, 0x8000, 0x8000, 0x8000, 0x8000, 0x8000, 0x8000, 0x8000, 0x8000, 0x8000, 0x8000, 0x8000, 0x8000, 0x8000, 0x8000,
    0x0001, 0x0446, 0x0001, 0x8000, 0x8000, 0x8000, 0x8000, 0x8000, 0x8000, 0x8000, 0x8000, 0x8000, 0x8000, 0x8000, 0x8000, 0x8000,
    0x8000, 0x8000, 0x8000, 0x8000, 0x8000, 0x8000, 0x8000, 0x8000, 0x8000, 0x8000, 0x8000, 0x8000, 0x8000, 0x8000, 0x8000, 0x8000,
    0x8000, 0x8000, 0x8000, 0x8000, 0x8000, 0x8000, 0x8000, 0x8000, 0x8000, 0x8000, 0x8000, 0x8000, 0x8000, 0x8000, 0x8000, 0x8000,
    0x8000, 0x8000, 0x8000, 0x8000, 0x8000, 0x8000, 0x8000, 0x8000, 0x8000, 0x8000, 0x8000, 0x8000, 0x8000, 0x8000, 0x8000, 0x8000,
    0x8000, 0x8000, 0x8000, 0x8000, 0x8000, 0x8000, 0x0022, 0x0446, 0x086A, 0x088B, 0x0C8D, 0x0CAD, 0x10AF, 0x10AE, 0x10AF, 0x10AF,
    0x0CAE, 0x0C8C, 0x0C8C, 0x0CAE, 0x14F2, 0x14F3, 0x14D2, 0x0C8D, 0x0468, 0x0445, 0x0446, 0x086A, 0x14F3, 0x10D0, 0x0869, 0x0023,
    0x0446, 0x088B, 0x10AF, 0x0868, 0x8000, 0x8000, 0x8000, 0x8000, 0x8000, 0x8000, 0x8000, 0x8000, 0x8000, 0x8000, 0x8000, 0x8000,
    0x8000, 0x8000, 0x0001, 0x8000, 0x8000, 0x8000, 0x8000, 0x8000, 0x8000, 0x8000, 0x8000, 0x8000, 0x8000, 0x8000, 0x8000, 0x8000,
    0x8000, 0x0868, 0x0868, 0x8000, 0x8000, 0x8000, 0x8000, 0x8000, 0x8000, 0x8000, 0x8000, 0x8000, 0x8000, 0x8000, 0x8000, 0x8000,
    0x8000, 0x8000, 0x8000, 0x8000, 0x8000, 0x8000, 0x8000, 0x8000, 0x8000, 0x8000, 0x8000, 0x8000, 0x8000, 0x8000, 0x8000, 0x8000,
    0x8000, 0x8000, 0x8000, 0x8000, 0x8000, 0x8000, 0x8000, 0x8000, 0x8000, 0x8000, 0x8000, 0x8000, 0x8000, 0x8000, 0x8000, 0x8000,
    0x8000, 0x8000, 0x8000, 0x8000, 0x8000, 0x8000, 0x8000, 0x8000, 0x8000, 0x8000, 0x8000, 0x8000, 0x8000, 0x8000, 0x8000, 0x8000,
    0x8000, 0x8000, 0x8000, 0x8000, 0x0023, 0x0468, 0x0CAD, 0x10AF, 0x10D1, 0x14F3, 0x1514, 0x14F3, 0x14F3, 0x14F3, 0x14F3, 0x10D1,
    0x10D0, 0x0CAE, 0x086A, 0x0447, 0x086A, 0x10AF, 0x14F2, 0x14F2, 0x0CAE, 0x0869, 0x0445, 0x0468, 0x0C8D, 0x14F2, 0x088C, 0x0445,
    0x0446, 0x0C8D, 0x0CAE, 0x0869, 0x0001, 0x8000, 0x8000, 0x8000, 0x8000, 0x8000, 0x8000, 0x8000, 0x8000, 0x8000, 0x8000, 0x8000,
    0x8000, 0x8000, 0x0024, 0x0023, 0x8000, 0x8000, 0x8000, 0x8000, 0x8000, 0x8000, 0x8000, 0x8000, 0x8000, 0x8000, 0x8000, 0x8000,
    0x8000, 0x0467, 0x10D0, 0x0023, 0x8000, 0x8000, 0x8000, 0x8000, 0x8000, 0x8000, 0x8000, 0x8000, 0x8000, 0x8000, 0x8000, 0x8000,
    0x8000, 0x8000, 0x8000, 0x8000, 0x8000, 0x8000, 0x8000, 0x8000, 0x8000, 0x8000, 0x8000, 0x8000, 0x8000, 0x8000, 0x8000, 0x8000,
    0x8000, 0x8000, 0x8000, 0x8000, 0x8000, 0x8000, 0x8000, 0x8000, 0x8000, 0x8000, 0x8000, 0x8000, 0x8000, 0x8000, 0x8000, 0x8000,
    0x8000, 0x8000, 0x8000, 0x8000, 0x8000, 0x8000, 0x8000, 0x8000, 0x8000, 0x8000, 0x8000, 0x8000, 0x8000, 0x8000, 0x8000, 0x8000,
    0x8000, 0x8000, 0x0023, 0x0869, 0x0CAE, 0x10D0, 0x14F3, 0x14F2, 0x10D1, 0x14D2, 0x14F2, 0x14F2, 0x14F3, 0x1914, 0x1914, 0x1514,
    0x1914, 0x1513, 0x10D0, 0x0CAD, 0x0448, 0x0447, 0x088C, 0x10D1, 0x14F2, 0x0C8C, 0x0447, 0x0445, 0x0869, 0x10D0, 0x088C, 0x0447,
    0x0446, 0x0C8D, 0x088B, 0x0447, 0x8000, 0x8000, 0x8000, 0x8000, 0x8000, 0x8000, 0x8000, 0x8000, 0x8000, 0x8000, 0x8000, 0x8000,
    0x8000, 0x8000, 0x0022, 0x0447, 0x0445, 0x8000, 0x8000, 0x8000, 0x8000, 0x8000, 0x8000, 0x8000, 0x8000, 0x8000, 0x8000, 0x8000,
    0x8000, 0x0445, 0x10D1, 0x0CAD, 0x8000, 0x8000, 0x8000, 0x8000, 0x8000, 0x8000, 0x8000, 0x8000, 0x8000, 0x8000, 0x8000, 0x8000,
    0x8000, 0x8000, 0x8000, 0x8000, 0x8000, 0x8000, 0x8000, 0x8000, 0x8000, 0x8000, 0x8000, 0x8000, 0x8000, 0x8000, 0x8000, 0x8000,
    0x8000, 0x8000, 0x8000, 0x8000, 0x8000, 0x8000, 0x8000, 0x8000, 0x8000, 0x8000, 0x8000, 0x8000, 0x8000, 0x8000, 0x8000, 0x8000,
    0x8000, 0x8000, 0x8000, 0x8000, 0x8000, 0x8000, 0x8000, 0x8000, 0x8000, 0x8000, 0x8000, 0x8000, 0x8000, 0x8000, 0x8000, 0x8000,
    0x0001, 0x0447, 0x088C, 0x0CAE, 0x0CAE, 0x0C8D, 0x088C, 0x086A, 0x086A, 0x086A, 0x088C, 0x0C8C, 0x0CAE, 0x10D0, 0x14F3, 0x1915,
    0x1915, 0x1915, 0x1513, 0x14F3, 0x0CAE, 0x0468, 0x0446, 0x0869, 0x0CAE, 0x10AF, 0x0869, 0x0445, 0x0446, 0x088D, 0x088C, 0x0446,
    0x0446, 0x088B, 0x0468, 0x0024, 0x8000, 0x8000, 0x8000, 0x8000, 0x8000, 0x8000, 0x8000, 0x8000, 0x8000, 0x8000, 0x8000, 0x8000,
    0x8000, 0x8000, 0x8000, 0x0445, 0x0468, 0x0447, 0x0022, 0x8000, 0x8000, 0x8000, 0x8000, 0x8000, 0x8000, 0x8000, 0x8000, 0x8000,
    0x8000, 0x0868, 0x10D1, 0x1914, 0x0446, 0x8000, 0x8000, 0x8000, 0x8000, 0x8000, 0x8000, 0x8000, 0x8000, 0x8000, 0x8000, 0x8000,
    0x8000, 0x8000, 0x8000, 0x8000, 0x8000, 0x8000, 0x8000, 0x8000, 0x8000, 0x8000, 0x8000, 0x8000, 0x8000, 0x8000, 0x8000, 0x8000,
    0x8000, 0x8000, 0x8000, 0x8000, 0x8000, 0x8000, 0x8000, 0x8000, 0x8000, 0x8000, 0x8000, 0x8000, 0x8000, 0x8000, 0x8000, 0x8000,
    0x8000, 0x8000, 0x8000, 0x8000, 0x8000, 0x8000, 0x8000, 0x8000, 0x8000, 0x8000, 0x8000, 0x8000, 0x8000, 0x8000, 0x8000, 0x0002,
    0x0468, 0x088B, 0x086A, 0x0869, 0x0468, 0x0447, 0x0446, 0x0446, 0x0447, 0x0446, 0x0447, 0x0447, 0x0869, 0x086A, 0x0C8D, 0x10D0,
    0x14F2, 0x1914, 0x1915, 0x1513, 0x14F3, 0x0CAE, 0x0447, 0x0045, 0x0447, 0x0C8D, 0x088B, 0x0446, 0x0044, 0x0869, 0x046A, 0x0045,
    0x0045, 0x0468, 0x0447, 0x0022, 0x8000, 0x8000, 0x8000, 0x8000, 0x8000, 0x8000, 0x0001, 0x0022, 0x0022, 0x0001, 0x0001, 0x8000,
    0x8000, 0x8000, 0x8000, 0x0423, 0x0446, 0x0469, 0x086A, 0x0447, 0x0023, 0x8000, 0x8000, 0x8000, 0x8000, 0x8000, 0x8000, 0x8000,
    0x0022, 0x0CAD, 0x10D1, 0x1936, 0x0CAD, 0x8000, 0x8000, 0x8000, 0x8000, 0x8000, 0x8000, 0x8000, 0x8000, 0x8000, 0x8000, 0x8000,
    0x8000, 0x8000, 0x8000, 0x8000, 0x8000, 0x8000, 0x8000, 0x8000, 0x8000, 0x8000, 0x8000, 0x8000, 0x8000, 0x8000, 0x8000, 0x8000,
    0x8000, 0x8000, 0x8000, 0x8000, 0x8000, 0x8000, 0x8000, 0x8000, 0x8000, 0x8000, 0x8000, 0x8000, 0x8000, 0x8000, 0x8000, 0x8000,
    0x8000, 0x8000, 0x8000, 0x8000, 0x8000, 0x8000, 0x8000, 0x8000, 0x8000, 0x8000, 0x8000, 0x8000, 0x8000, 0x8000, 0x0022, 0x0469,
    0x0469, 0x0446, 0x0024, 0x0023, 0x0022, 0x0023, 0x0023, 0x0023, 0x0024, 0x0024, 0x0445, 0x0447, 0x0468, 0x0469, 0x086A, 0x088B,
    0x0C8D, 0x10D0, 0x10F2, 0x14F3, 0x14F3, 0x10D0, 0x088B, 0x0446, 0x0024, 0x0447, 0x086A, 0x0468, 0x0024, 0x0024, 0x0845, 0x1043,
    0x1043, 0x0823, 0x0423, 0x8000, 0x8000, 0x0001, 0x0022, 0x0445, 0x0446, 0x0468, 0x0469, 0x0468, 0x0468, 0x0468, 0x0447, 0x0445,
    0x0024, 0x0023, 0x0023, 0x0423, 0x0024, 0x0447, 0x086A, 0x088C, 0x088B, 0x0468, 0x0022, 0x8000, 0x8000, 0x8000, 0x8000, 0x0001,
    0x088A, 0x10D0, 0x14F2, 0x1914, 0x14F2, 0x0023, 0x8000, 0x8000, 0x8000, 0x8000, 0x8000, 0x8000, 0x8000, 0x8000, 0x8000, 0x8000,
    0x8000, 0x8000, 0x8000, 0x8000, 0x8000, 0x8000, 0x8000, 0x8000, 0x8000, 0x8000, 0x8000, 0x8000, 0x8000, 0x8000, 0x8000, 0x8000,
    0x8000, 0x8000, 0x8000, 0x8000, 0x8000, 0x8000, 0x8000, 0x8000, 0x8000, 0x8000, 0x8000, 0x8000, 0x8000, 0x8000, 0x8000, 0x8000,
    0x8000, 0x8000, 0x8000, 0x8000, 0x8000, 0x8000, 0x8000, 0x8000, 0x8000, 0x8000, 0x8000, 0x8000, 0x8000, 0x8000, 0x0445, 0x0023,
    0x8000, 0x8000, 0x8000, 0x8000, 0x8000, 0x8000, 0x0001, 0x0023, 0x0445, 0x0447, 0x0468, 0x0469, 0x086A, 0x088B, 0x086B, 0x086A,
    0x088B, 0x088B, 0x088B, 0x0C8C, 0x10AF, 0x10D0, 0x0CAF, 0x086A, 0x0445, 0x0024, 0x0447, 0x0468, 0x0022, 0x1443, 0x2865, 0x3487,
    0x2C66, 0x1C43, 0x0821, 0x0023, 0x0446, 0x0468, 0x0869, 0x086A, 0x088B, 0x0C8C, 0x088B, 0x088B, 0x088B, 0x088C, 0x088B, 0x0869,
    0x0468, 0x0447, 0x0447, 0x0446, 0x0024, 0x0445, 0x0447, 0x088B, 0x0CAE, 0x0CAE, 0x086A, 0x0445, 0x0022, 0x8000, 0x0021, 0x088A,
    0x0CAE, 0x0CAF, 0x14F3, 0x14F2, 0x1915, 0x0C8B, 0x8000, 0x8000, 0x8000, 0x8000, 0x8000, 0x8000, 0x0869, 0x0022, 0x8000, 0x8000,
    0x8000, 0x8000, 0x8000, 0x8000, 0x8000, 0x8000, 0x8000, 0x8000, 0x8000, 0x8000, 0x8000, 0x8000, 0x8000, 0x8000, 0x8000, 0x8000,
    0x8000, 0x8000, 0x8000, 0x8000, 0x8000, 0x8000, 0x8000, 0x8000, 0x8000, 0x8000, 0x8000, 0x8000, 0x8000, 0x8000, 0x8000, 0x8000,
    0x8000, 0x8000, 0x8000, 0x8000, 0x8000, 0x8000, 0x8000, 0x8000, 0x8000, 0x8000, 0x8000, 0x8000, 0x8000, 0x8000, 0x8000, 0x8000,
    0x8000, 0x8000, 0x8000, 0x8000, 0x8000, 0x0024, 0x0447, 0x0469, 0x086A, 0x088C, 0x0CAE, 0x10AF, 0x10AF, 0x0CAD, 0x0C8C, 0x088B,
    0x086A, 0x0869, 0x0447, 0x0446, 0x0469, 0x086A, 0x0C8C, 0x0C8D, 0x0468, 0x0024, 0x0045, 0x0823, 0x2465, 0x38A8, 0x38A8, 0x2064,
    0x0822, 0x0423, 0x0044, 0x0446, 0x0446, 0x0447, 0x0447, 0x0468, 0x086A, 0x086B, 0x0C8C, 0x0CAE, 0x0CAE, 0x0CAE, 0x10D0, 0x10F2,
    0x14D2, 0x0CAE, 0x088B, 0x086A, 0x0448, 0x0445, 0x0445, 0x0447, 0x086A, 0x088B, 0x086A, 0x0468, 0x0445, 0x0023, 0x086A, 0x0CAE,
    0x0CAE, 0x0CAF, 0x1914, 0x14F1, 0x14F3, 0x14D0, 0x0002, 0x8000, 0x8000, 0x8000, 0x0001, 0x0CAC, 0x1914, 0x0023, 0x8000, 0x8000,
    0x8000, 0x8000, 0x8000, 0x8000, 0x8000, 0x8000, 0x8000, 0x8000, 0x8000, 0x8000, 0x8000, 0x8000, 0x8000, 0x8000, 0x8000, 0x8000,
    0x8000, 0x8000, 0x8000, 0x8000, 0x8000, 0x8000, 0x8000, 0x8000, 0x8000, 0x8000, 0x8000, 0x8000, 0x8000, 0x8000, 0x8000, 0x8000,
    0x8000, 0x8000, 0x8000, 0x8000, 0x8000, 0x8000, 0x8000, 0x8000, 0x8000, 0x8000, 0x8000, 0x8000, 0x8000, 0x8000, 0x8000, 0x8000,
    0x8000, 0x8000, 0x8000, 0x0001, 0x0445, 0x0469, 0x088C, 0x0CAE, 0x10D1, 0x14F3, 0x10D1, 0x0CAE, 0x0C8C, 0x0869, 0x0447, 0x0468,
    0x0447, 0x0446, 0x0446, 0x0446, 0x0444, 0x0445, 0x0447, 0x0469, 0x0869, 0x0446, 0x0422, 0x2465, 0x38A8, 0x3087, 0x1843, 0x0422,
    0x0044, 0x0446, 0x0448, 0x0869, 0x088B, 0x0C8D, 0x0CAE, 0x10D0, 0x10D0, 0x10D1, 0x14F2, 0x14F2, 0x14F2, 0x14F2, 0x10D1, 0x10CF,
    0x10D0, 0x10D1, 0x10D1, 0x0CAF, 0x0C8C, 0x088B, 0x0869, 0x0446, 0x0445, 0x0468, 0x0468, 0x0444, 0x0424, 0x086A, 0x0CAD, 0x0C8D,
    0x0C8D, 0x10AF, 0x1915, 0x10D0, 0x0CAD, 0x1914, 0x0447, 0x8000, 0x8000, 0x0445, 0x0C8B, 0x14F3, 0x1915, 0x088A, 0x8000, 0x8000,
    0x8000, 0x8000, 0x8000, 0x8000, 0x8000, 0x8000, 0x8000, 0x8000, 0x8000, 0x8000, 0x8000, 0x8000, 0x8000, 0x8000, 0x8000, 0x8000,
    0x8000, 0x8000, 0x8000, 0x8000, 0x8000, 0x8000, 0x8000, 0x8000, 0x8000, 0x8000, 0x8000, 0x8000, 0x8000, 0x8000, 0x8000, 0x8000,
    0x8000, 0x8000, 0x8000, 0x8000, 0x8000, 0x8000, 0x8000, 0x8000, 0x8000, 0x8000, 0x8000, 0x8000, 0x8000, 0x8000, 0x8000, 0x8000,
    0x8000, 0x8000, 0x0001, 0x0447, 0x086B, 0x0CAE, 0x10D1, 0x10D1, 0x10D1, 0x10D1, 0x0CAE, 0x0C8C, 0x088B, 0x0C8C, 0x0CAE, 0x0CAD,
    0x088B, 0x086A, 0x0869, 0x0447, 0x0446, 0x0044, 0x0023, 0x0024, 0x0446, 0x0423, 0x1C44, 0x3087, 0x2865, 0x1022, 0x0023, 0x0446,
    0x0447, 0x0447, 0x0869, 0x088B, 0x0C8C, 0x0C8D, 0x0CAF, 0x10D0, 0x10D0, 0x14F3, 0x14F3, 0x14F2, 0x14F2, 0x14F3, 0x1915, 0x14F2,
    0x10D0, 0x10D0, 0x10D0, 0x0CAF, 0x0CAE, 0x088C, 0x0468, 0x0445, 0x0424, 0x0023, 0x0023, 0x0445, 0x088A, 0x0CAD, 0x10AF, 0x0CAE,
    0x0C8D, 0x10D0, 0x1915, 0x0CAD, 0x0447, 0x1914, 0x0CAD, 0x0422, 0x0868, 0x0C8C, 0x0CAE, 0x1914, 0x14F3, 0x14F3, 0x0023, 0x8000,
    0x8000, 0x8000, 0x8000, 0x8000, 0x8000, 0x8000, 0x8000, 0x8000, 0x8000, 0x8000, 0x8000, 0x8000, 0x8000, 0x8000, 0x8000, 0x8000,
    0x8000, 0x8000, 0x8000, 0x8000, 0x8000, 0x8000, 0x8000, 0x8000, 0x8000, 0x8000, 0x8000, 0x8000, 0x8000, 0x8000, 0x8000, 0x8000,
    0x8000, 0x8000, 0x8000, 0x8000, 0x8000, 0x8000, 0x8000, 0x8000, 0x8000, 0x8000, 0x8000, 0x8000, 0x8000, 0x8000, 0x8000, 0x8000,
    0x8000, 0x0001, 0x0447, 0x088B, 0x10D1, 0x14F3, 0x10D1, 0x10D1, 0x0CAE, 0x0C8D, 0x0CAD, 0x10D0, 0x14F2, 0x14F2, 0x14F2, 0x10D0,
    0x0CAE, 0x0C8D, 0x088B, 0x0869, 0x0468, 0x0447, 0x0445, 0x0024, 0x0023, 0x1022, 0x2465, 0x2465, 0x0821, 0x0023, 0x0447, 0x0448,
    0x0869, 0x0869, 0x088B, 0x0C8D, 0x0C8C, 0x0C8D, 0x0CAD, 0x088C, 0x088C, 0x0C8C, 0x0C8C, 0x0CAE, 0x10B0, 0x10AF, 0x10D0, 0x14F1,
    0x10AE, 0x0C8D, 0x0C8C, 0x088B, 0x0869, 0x0447, 0x0447, 0x0467, 0x0448, 0x0447, 0x0467, 0x0C8C, 0x0CAE, 0x10AF, 0x14F2, 0x0CAE,
    0x0C8D, 0x14F2, 0x1915, 0x0869, 0x0445, 0x10D0, 0x10D0, 0x0468, 0x088B, 0x086A, 0x10AF, 0x14F2, 0x10CF, 0x1914, 0x0C8B, 0x8000,
    0x8000, 0x8000, 0x8000, 0x8000, 0x8000, 0x8000, 0x8000, 0x8000, 0x8000, 0x8000, 0x8000, 0x8000, 0x8000, 0x8000, 0x8000, 0x8000,
    0x8000, 0x8000, 0x8000, 0x8000, 0x8000, 0x8000, 0x8000, 0x8000, 0x8000, 0x8000, 0x8000, 0x8000, 0x8000, 0x8000, 0x8000, 0x8000,
    0x8000, 0x8000, 0x8000, 0x8000, 0x8000, 0x8000, 0x8000, 0x8000, 0x8000, 0x8000, 0x8000, 0x8000, 0x8000, 0x8000, 0x8000, 0x8000,
    0x8000, 0x0447, 0x088C, 0x10D2, 0x14F3, 0x10D1, 0x10B0, 0x0C8D, 0x088C, 0x10AF, 0x14F2, 0x14F4, 0x1914, 0x14F3, 0x0CAF, 0x0C8C,
    0x088B, 0x086A, 0x0448, 0x0447, 0x0447, 0x0446, 0x0446, 0x0024, 0x0421, 0x1C43, 0x1C43, 0x0821, 0x0023, 0x0424, 0x0447, 0x0469,
    0x086A, 0x088C, 0x0C8D, 0x0CAE, 0x10D0, 0x14D2, 0x14D2, 0x14F3, 0x0CB0, 0x088B, 0x0869, 0x0869, 0x086A, 0x088B, 0x0868, 0x0447,
    0x0869, 0x0869, 0x0446, 0x0446, 0x0869, 0x088B, 0x0CAE, 0x0CAD, 0x0869, 0x0469, 0x0C8D, 0x0CAE, 0x0CAE, 0x10D1, 0x14F2, 0x0C8D,
    0x10D0, 0x1914, 0x14F3, 0x0869, 0x0023, 0x0C8C, 0x1914, 0x0467, 0x0869, 0x088B, 0x14F3, 0x0C8C, 0x086A, 0x1513, 0x1914, 0x0446,
    0x8000, 0x8000, 0x8000, 0x8000, 0x8000, 0x8000, 0x8000, 0x8000, 0x8000, 0x8000, 0x8000, 0x8000, 0x8000, 0x8000, 0x8000, 0x8000,
    0x8000, 0x8000, 0x8000, 0x8000, 0x8000, 0x8000, 0x8000, 0x8000, 0x8000, 0x8000, 0x8000, 0x8000, 0x8000, 0x8000, 0x8000, 0x8000,
    0x8000, 0x8000, 0x8000, 0x8000, 0x8000, 0x8000, 0x8000, 0x8000, 0x8000, 0x8000, 0x8000, 0x8000, 0x8000, 0x8000, 0x8000, 0x8000,
    0x0446, 0x088C, 0x10D1, 0x14F4, 0x10D1, 0x0CAF, 0x0C8C, 0x088B, 0x0CAF, 0x14F3, 0x1514, 0x14F3, 0x10D0, 0x0C8D, 0x0468, 0x0446,
    0x0445, 0x0024, 0x0024, 0x0023, 0x0023, 0x0023, 0x0023, 0x0022, 0x1022, 0x1843, 0x0C22, 0x0022, 0x0445, 0x0447, 0x0468, 0x0469,
    0x086A, 0x088B, 0x0C8C, 0x0C8D, 0x0C8D, 0x0CAE, 0x10D0, 0x10D1, 0x14F3, 0x14F3, 0x10D0, 0x0C8D, 0x0446, 0x0446, 0x088B, 0x0CAE,
    0x10AF, 0x0C8C, 0x086A, 0x0C8C, 0x0CAE, 0x0CAF, 0x0CAE, 0x0C8C, 0x088B, 0x0C8D, 0x10D0, 0x0CAE, 0x10D0, 0x14F2, 0x10D1, 0x0CAD,
    0x10D0, 0x1914, 0x14F3, 0x0446, 0x0023, 0x0869, 0x1513, 0x088A, 0x0447, 0x0CAD, 0x14F2, 0x0446, 0x0447, 0x14D1, 0x1936, 0x14F0,
    0x0001, 0x8000, 0x8000, 0x8000, 0x8000, 0x8000, 0x8000, 0x8000, 0x8000, 0x8000, 0x8000, 0x8000, 0x8000, 0x8000, 0x8000, 0x8000,
    0x8000, 0x8000, 0x8000, 0x8000, 0x8000, 0x8000, 0x8000, 0x8000, 0x8000, 0x8000, 0x8000, 0x8000, 0x8000, 0x8000, 0x8000, 0x8000,
    0x8000, 0x8000, 0x8000, 0x8000, 0x8000, 0x8000, 0x8000, 0x8000, 0x8000, 0x8000, 0x8000, 0x8000, 0x8000, 0x8000, 0x8000, 0x0423,
    0x088A, 0x10D0, 0x14F3, 0x10D0, 0x0CAD, 0x088B, 0x086A, 0x0CAE, 0x14F4, 0x1915, 0x14F3, 0x0CAF, 0x086A, 0x0446, 0x0444, 0x0024,
    0x0024, 0x0445, 0x0044, 0x0024, 0x0023, 0x0022, 0x0021, 0x0421, 0x1422, 0x1022, 0x0021, 0x0024, 0x0446, 0x0468, 0x086B, 0x088C,
    0x0C8D, 0x0CAD, 0x0CAF, 0x10D2, 0x14D1, 0x10D0, 0x10D1, 0x10AF, 0x0C8D, 0x10AF, 0x0CAE, 0x0868, 0x088B, 0x0CAE, 0x10D1, 0x10D1,
    0x088C, 0x088B, 0x0CAE, 0x0CAF, 0x10D0, 0x10D1, 0x0CAD, 0x0C8C, 0x0CAE, 0x14F2, 0x10D0, 0x10D0, 0x1915, 0x1513, 0x10AF, 0x0CAD,
    0x14F1, 0x1915, 0x10D1, 0x0424, 0x0045, 0x0445, 0x14F2, 0x10CF, 0x0445, 0x10D0, 0x10CF, 0x0024, 0x0446, 0x0C8C, 0x14F2, 0x1915,
    0x0CAD, 0x8000, 0x8000, 0x8000, 0x8000, 0x8000, 0x8000, 0x8000, 0x8000, 0x8000, 0x8000, 0x8000, 0x8000, 0x8000, 0x8000, 0x8000,
    0x8000, 0x8000, 0x8000, 0x8000, 0x8000, 0x8000, 0x8000, 0x8000, 0x8000, 0x8000, 0x8000, 0x8000, 0x8000, 0x8000, 0x8000, 0x8000,
    0x8000, 0x8000, 0x8000, 0x8000, 0x8000, 0x8000, 0x8000, 0x8000, 0x8000, 0x8000, 0x8000, 0x8000, 0x8000, 0x8000, 0x8000, 0x0868,
    0x0CAE, 0x10D1, 0x0CAF, 0x088B, 0x0469, 0x0469, 0x0CAE, 0x14F2, 0x1514, 0x14F2, 0x0CAE, 0x0469, 0x0445, 0x0024, 0x0445, 0x0447,
    0x0446, 0x0024, 0x0023, 0x0023, 0x0023, 0x0023, 0x0022, 0x0821, 0x1422, 0x0421, 0x0022, 0x0024, 0x0447, 0x086B, 0x088B, 0x0CAD,
    0x10D0, 0x0CAF, 0x0CAF, 0x10CF, 0x1514, 0x1915, 0x14F3, 0x14F2, 0x14F2, 0x0C8C, 0x0467, 0x0C8C, 0x10D0, 0x10D1, 0x10AF, 0x0C8C,
    0x0CAF, 0x0CAE, 0x0CAE, 0x10D1, 0x14F3, 0x10AF, 0x0CAD, 0x10AF, 0x14F2, 0x14F2, 0x10D1, 0x1914, 0x1915, 0x1513, 0x0CAE, 0x10D0,
    0x14F3, 0x1514, 0x0C8B, 0x0023, 0x0445, 0x0024, 0x10CF, 0x14F2, 0x0446, 0x10D0, 0x0C8C, 0x0045, 0x0446, 0x0447, 0x10AF, 0x1914,
    0x1935, 0x0889, 0x8000, 0x8000, 0x8000, 0x8000, 0x8000, 0x8000, 0x8000, 0x8000, 0x8000, 0x8000, 0x8000, 0x8000, 0x8000, 0x8000,
    0x8000, 0x8000, 0x8000, 0x8000, 0x8000, 0x8000, 0x8000, 0x8000, 0x8000, 0x8000, 0x8000, 0x8000, 0x8000, 0x8000, 0x8000, 0x8000,
    0x8000, 0x8000, 0x8000, 0x8000, 0x8000, 0x8000, 0x8000, 0x8000, 0x8000, 0x8000, 0x8000, 0x8000, 0x8000, 0x8000, 0x0024, 0x088B,
    0x10AF, 0x0CAE, 0x088B, 0x0448, 0x0447, 0x088C, 0x10D1, 0x14F3, 0x10D1, 0x088C, 0x0468, 0x0445, 0x0446, 0x0448, 0x0447, 0x0445,
    0x0022, 0x0023, 0x0024, 0x0024, 0x0023, 0x0023, 0x0022, 0x0C21, 0x0C22, 0x0023, 0x0424, 0x0024, 0x0447, 0x088C, 0x0C8D, 0x0CAE,
    0x10D0, 0x10D1, 0x10D1, 0x10AF, 0x0CAE, 0x10D1, 0x14F2, 0x10D1, 0x10AF, 0x088B, 0x0C8C, 0x10D0, 0x14F3, 0x0CAE, 0x0CAD, 0x10AF,
    0x0CAE, 0x0C8D, 0x14F1, 0x1513, 0x10D0, 0x0CAD, 0x0C8D, 0x14F2, 0x1914, 0x0CAE, 0x1513, 0x1915, 0x1914, 0x14F2, 0x0CAD, 0x1912,
    0x1914, 0x14F3, 0x0446, 0x0023, 0x0445, 0x0024, 0x0C8C, 0x1913, 0x0467, 0x0CAE, 0x0447, 0x0445, 0x0446, 0x0446, 0x0C8C, 0x14F3,
    0x1915, 0x1913, 0x0445, 0x8000, 0x8000, 0x8000, 0x8000, 0x8000, 0x8000, 0x8000, 0x8000, 0x8000, 0x8000, 0x8000, 0x8000, 0x8000,
    0x8000, 0x8000, 0x8000, 0x8000, 0x8000, 0x8000, 0x8000, 0x8000, 0x8000, 0x8000, 0x8000, 0x8000, 0x8000, 0x8000, 0x8000, 0x8000,
    0x8000, 0x8000, 0x8000, 0x8000, 0x8000, 0x8000, 0x8000, 0x8000, 0x8000, 0x8000, 0x8000, 0x8000, 0x8000, 0x0001, 0x0468, 0x0CAE,
    0x0CAF, 0x086A, 0x0447, 0x0446, 0x0468, 0x0CAF, 0x14F3, 0x14F2, 0x0C8D, 0x0447, 0x0045, 0x0447, 0x0469, 0x0448, 0x0023, 0x0022,
    0x0445, 0x0448, 0x0448, 0x0445, 0x0024, 0x0023, 0x0021, 0x0C21, 0x0422, 0x0025, 0x0445, 0x0024, 0x0446, 0x086B, 0x0CAF, 0x10D1,
    0x10D1, 0x14F2, 0x14F2, 0x10F2, 0x10D0, 0x0C8D, 0x0C8C, 0x0C8D, 0x0447, 0x086A, 0x10D1, 0x14F3, 0x0CAF, 0x0C8D, 0x10D1, 0x14F2,
    0x0CAD, 0x10D1, 0x1915, 0x1514, 0x0CAE, 0x0CAD, 0x10D1, 0x1514, 0x10D1, 0x14F1, 0x1914, 0x1914, 0x1914, 0x10AF, 0x10CF, 0x1914,
    0x1915, 0x10D0, 0x0445, 0x0023, 0x0445, 0x0024, 0x0869, 0x1914, 0x0868, 0x088B, 0x0024, 0x0446, 0x0446, 0x0446, 0x0869, 0x10AF,
    0x1514, 0x1915, 0x10CF, 0x8000, 0x8000, 0x8000, 0x8000, 0x8000, 0x8000, 0x8000, 0x8000, 0x8000, 0x8000, 0x8000, 0x8000, 0x8000,
    0x8000, 0x8000, 0x8000, 0x8000, 0x8000, 0x8000, 0x8000, 0x8000, 0x8000, 0x8000, 0x8000, 0x8000, 0x8000, 0x8000, 0x8000, 0x8000,
    0x8000, 0x8000, 0x8000, 0x8000, 0x8000, 0x8000, 0x8000, 0x8000, 0x8000, 0x8000, 0x8000, 0x8000, 0x8000, 0x0023, 0x088C, 0x0CAE,
    0x086A, 0x0446, 0x0446, 0x0448, 0x0C8D, 0x10D1, 0x14F3, 0x0CAE, 0x0447, 0x0446, 0x0469, 0x086A, 0x0447, 0x0023, 0x0023, 0x0447,
    0x0469, 0x0447, 0x0024, 0x0023, 0x0023, 0x0022, 0x0022, 0x0421, 0x0022, 0x0446, 0x0447, 0x0444, 0x0424, 0x0468, 0x0C8D, 0x10F2,
    0x14F3, 0x1514, 0x14F4, 0x1514, 0x1914, 0x14F3, 0x10D0, 0x0468, 0x088B, 0x14D1, 0x1914, 0x0CAF, 0x10D0, 0x14F3, 0x10D1, 0x10D0,
    0x14D0, 0x1914, 0x1915, 0x10D1, 0x0C8C, 0x10D0, 0x1915, 0x10D0, 0x10D1, 0x1936, 0x1914, 0x1915, 0x14F3, 0x10AE, 0x1513, 0x1914,
    0x1914, 0x0C8B, 0x0447, 0x0445, 0x0445, 0x0045, 0x0868, 0x1914, 0x088B, 0x0468, 0x0024, 0x0446, 0x0446, 0x0446, 0x0869, 0x088B,
    0x14F2, 0x1914, 0x1915, 0x0868, 0x8000, 0x8000, 0x8000, 0x8000, 0x8000, 0x8000, 0x8000, 0x8000, 0x8000, 0x8000, 0x8000, 0x8000,
    0x8000, 0x8000, 0x8000, 0x8000, 0x8000, 0x8000, 0x8000, 0x8000, 0x8000, 0x8000, 0x8000, 0x8000, 0x8000, 0x8000, 0x8000, 0x8000,
    0x8000, 0x8000, 0x8000, 0x8000, 0x8000, 0x8000, 0x8000, 0x8000, 0x8000, 0x8000, 0x8000, 0x8000, 0x8000, 0x0446, 0x0CAE, 0x086A,
    0x0446, 0x0447, 0x0448, 0x0469, 0x0CAF, 0x14F2, 0x10AF, 0x0869, 0x0446, 0x086A, 0x086B, 0x0447, 0x0023, 0x0445, 0x0468, 0x0448,
    0x0446, 0x0023, 0x0024, 0x0022, 0x0022, 0x0022, 0x0022, 0x0022, 0x0024, 0x0447, 0x0869, 0x0448, 0x0444, 0x0446, 0x088B, 0x0CAE,
    0x14F2, 0x1914, 0x1914, 0x1514, 0x14F2, 0x10D1, 0x0C8C, 0x0868, 0x14F3, 0x1915, 0x10AF, 0x10D1, 0x1936, 0x14F3, 0x14F3, 0x10D1,
    0x1914, 0x1935, 0x14F3, 0x0CAD, 0x10AF, 0x1915, 0x14F3, 0x10D0, 0x1935, 0x1915, 0x1914, 0x1914, 0x10CF, 0x10AF, 0x1914, 0x1914,
    0x10D1, 0x0447, 0x0448, 0x0468, 0x0444, 0x0445, 0x0446, 0x1913, 0x0C8B, 0x0445, 0x0045, 0x0446, 0x0446, 0x0446, 0x0447, 0x086A,
    0x0CAE, 0x1913, 0x1914, 0x14F1, 0x0002, 0x8000, 0x8000, 0x8000, 0x8000, 0x8000, 0x8000, 0x8000, 0x8000, 0x8000, 0x8000, 0x8000,
    0x8000, 0x8000, 0x8000, 0x8000, 0x8000, 0x8000, 0x8000, 0x8000, 0x8000, 0x8000, 0x8000, 0x8000, 0x8000, 0x8000, 0x8000, 0x8000,
    0x8000, 0x8000, 0x8000, 0x8000, 0x8000, 0x8000, 0x8000, 0x8000, 0x8000, 0x8000, 0x8000, 0x8000, 0x0001, 0x088B, 0x088C, 0x0447,
    0x0446, 0x0447, 0x0447, 0x088C, 0x14F2, 0x10D1, 0x088B, 0x0446, 0x086A, 0x088C, 0x0448, 0x0023, 0x0445, 0x0469, 0x0469, 0x0445,
    0x0024, 0x0446, 0x0023, 0x0022, 0x0023, 0x0024, 0x0022, 0x0424, 0x0024, 0x0447, 0x088B, 0x086A, 0x0447, 0x0446, 0x0447, 0x088B,
    0x0CAF, 0x10D2, 0x14F3, 0x14F2, 0x10D1, 0x0CAE, 0x0447, 0x10D0, 0x1916, 0x10D1, 0x10D0, 0x1D36, 0x14F3, 0x1514, 0x1513, 0x14F2,
    0x1D36, 0x1935, 0x10AF, 0x0CAE, 0x1914, 0x1915, 0x14F2, 0x1915, 0x1936, 0x1914, 0x1915, 0x14F2, 0x0CAD, 0x14F1, 0x1914, 0x1915,
    0x0CAD, 0x0023, 0x0446, 0x086A, 0x0446, 0x0444, 0x0446, 0x14F3, 0x088A, 0x0023, 0x0445, 0x0446, 0x0447, 0x0468, 0x0446, 0x0447,
    0x088B, 0x14D1, 0x1513, 0x1915, 0x0C8B, 0x8000, 0x8000, 0x8000, 0x8000, 0x8000, 0x8000, 0x8000, 0x8000, 0x8000, 0x8000, 0x8000,
    0x8000, 0x8000, 0x8000, 0x8000, 0x8000, 0x8000, 0x8000, 0x8000, 0x8000, 0x8000, 0x8000, 0x8000, 0x8000, 0x8000, 0x8000, 0x8000,
    0x8000, 0x8000, 0x8000, 0x8000, 0x8000, 0x8000, 0x8000, 0x8000, 0x8000, 0x8000, 0x8000, 0x8000, 0x0024, 0x0C8D, 0x0469, 0x0446,
    0x0447, 0x0045, 0x0447, 0x0CAE, 0x10D1, 0x0CAE, 0x0446, 0x086A, 0x0C8D, 0x0869, 0x0024, 0x0024, 0x0448, 0x086B, 0x0447, 0x0023,
    0x0446, 0x0445, 0x0022, 0x0023, 0x0445, 0x0023, 0x0022, 0x0446, 0x0424, 0x0447, 0x088B, 0x0CAD, 0x086A, 0x0448, 0x0445, 0x0468,
    0x088C, 0x0CAE, 0x10D0, 0x10D0, 0x0CAF, 0x0869, 0x088B, 0x1915, 0x14F2, 0x10D1, 0x1915, 0x1915, 0x10D0, 0x1913, 0x14F3, 0x1915,
    0x1D36, 0x14F3, 0x10AE, 0x14F2, 0x1935, 0x14F3, 0x1915, 0x1D36, 0x1D35, 0x1914, 0x1914, 0x10CF, 0x0CAE, 0x14F3, 0x1915, 0x1915,
    0x0869, 0x0022, 0x0444, 0x086A, 0x0448, 0x0023, 0x0446, 0x10D1, 0x0868, 0x0023, 0x0445, 0x0446, 0x0446, 0x086A, 0x0469, 0x0446,
    0x0869, 0x0CAE, 0x14F2, 0x1914, 0x14F3, 0x0023, 0x8000, 0x8000, 0x8000, 0x8000, 0x8000, 0x8000, 0x8000, 0x8000, 0x8000, 0x8000,
    0x8000, 0x8000, 0x8000, 0x8000, 0x8000, 0x8000, 0x8000, 0x8000, 0x8000, 0x8000, 0x8000, 0x8000, 0x8000, 0x8000, 0x8000, 0x8000,
    0x8000, 0x8000, 0x8000, 0x8000, 0x8000, 0x8000, 0x8000, 0x8000, 0x8000, 0x8000, 0x8000, 0x8000, 0x0447, 0x088C, 0x0447, 0x0448,
    0x0446, 0x0045, 0x0869, 0x10D0, 0x0CB0, 0x086A, 0x0468, 0x0CAE, 0x088C, 0x0447, 0x0445, 0x0448, 0x086B, 0x0469, 0x0424, 0x0445,
    0x0446, 0x0022, 0x0023, 0x0445, 0x0444, 0x0022, 0x0023, 0x0447, 0x0024, 0x0445, 0x086A, 0x10AF, 0x0CAE, 0x086A, 0x0869, 0x0447,
    0x0468, 0x086B, 0x0C8D, 0x0CAE, 0x0C8C, 0x0467, 0x14F2, 0x1915, 0x10D0, 0x1914, 0x1D36, 0x10D1, 0x14F1, 0x1913, 0x1914, 0x1936,
    0x1935, 0x10AE, 0x14F1, 0x1D36, 0x1914, 0x14F3, 0x1935, 0x1D36, 0x14F3, 0x14F2, 0x14F2, 0x0C8D, 0x10CF, 0x1915, 0x1935, 0x14F1,
    0x0444, 0x0023, 0x0445, 0x0869, 0x0869, 0x0024, 0x0445, 0x10D0, 0x0868, 0x0023, 0x0445, 0x0445, 0x0445, 0x0468, 0x088C, 0x0869,
    0x0447, 0x0C8C, 0x10AF, 0x1513, 0x1915, 0x0C8C, 0x8000, 0x8000, 0x8000, 0x8000, 0x8000, 0x8000, 0x8000, 0x8000, 0x8000, 0x8000,
    0x8000, 0x8000, 0x8000, 0x8000, 0x8000, 0x8000, 0x8000, 0x8000, 0x8000, 0x8000, 0x8000, 0x8000, 0x8000, 0x8000, 0x8000, 0x8000,
    0x8000, 0x8000, 0x8000, 0x8000, 0x8000, 0x8000, 0x8000, 0x8000, 0x8000, 0x8000, 0x8000, 0x8000, 0x0869, 0x086A, 0x0446, 0x0447,
    0x0445, 0x0445, 0x088C, 0x10D0, 0x088B, 0x0468, 0x088B, 0x0CAE, 0x086A, 0x0445, 0x0448, 0x086A, 0x086B, 0x0446, 0x0024, 0x0447,
    0x0024, 0x0023, 0x0025, 0x0446, 0x0444, 0x0022, 0x0445, 0x0468, 0x0445, 0x0445, 0x086A, 0x0CAE, 0x10D0, 0x10D0, 0x088B, 0x0869,
    0x0468, 0x0447, 0x0469, 0x0C8C, 0x0868, 0x088B, 0x1915, 0x10F2, 0x14F3, 0x1935, 0x14F3, 0x10AF, 0x14F3, 0x1914, 0x1915, 0x1915,
    0x14F3, 0x10AF, 0x1513, 0x1D36, 0x1913, 0x1935, 0x1935, 0x1914, 0x10D1, 0x1D36, 0x10D0, 0x088B, 0x10D0, 0x1915, 0x1915, 0x088B,
    0x0024, 0x0444, 0x0445, 0x0468, 0x086A, 0x0445, 0x0445, 0x10AF, 0x0446, 0x0023, 0x0447, 0x0448, 0x0445, 0x0446, 0x088B, 0x0C8D,
    0x0447, 0x0468, 0x088C, 0x10D0, 0x1935, 0x1913, 0x0002, 0x8000, 0x8000, 0x8000, 0x8000, 0x8000, 0x8000, 0x8000, 0x8000, 0x8000,
    0x8000, 0x8000, 0x8000, 0x8000, 0x8000, 0x8000, 0x8000, 0x8000, 0x8000, 0x8000, 0x8000, 0x8000, 0x8000, 0x8000, 0x8000, 0x8000,
    0x8000, 0x8000, 0x8000, 0x8000, 0x8000, 0x8000, 0x8000, 0x8000, 0x8000, 0x8000, 0x8000, 0x0023, 0x088B, 0x0469, 0x0446, 0x0446,
    0x0023, 0x0446, 0x088C, 0x0C8E, 0x0469, 0x086A, 0x0CAF, 0x0CAE, 0x0447, 0x0446, 0x086A, 0x088C, 0x0869, 0x0025, 0x0446, 0x0446,
    0x0023, 0x0024, 0x0446, 0x0445, 0x0023, 0x0022, 0x0446, 0x0469, 0x0446, 0x0024, 0x0447, 0x0C8C, 0x10D0, 0x14F3, 0x0CAE, 0x086A,
    0x086A, 0x086A, 0x0447, 0x0468, 0x0446, 0x10AF, 0x14F4, 0x10D0, 0x1936, 0x1915, 0x10AF, 0x10AF, 0x14F4, 0x1915, 0x1915, 0x1914,
    0x10D1, 0x10F2, 0x1935, 0x14F2, 0x1914, 0x1D36, 0x1936, 0x10D0, 0x14F3, 0x1513, 0x086A, 0x088B, 0x14F2, 0x1915, 0x14F1, 0x0445,
    0x0445, 0x0447, 0x0445, 0x0445, 0x086A, 0x0446, 0x0445, 0x0CAE, 0x0445, 0x0024, 0x0445, 0x0469, 0x0468, 0x0445, 0x086A, 0x0CAF,
    0x086A, 0x0025, 0x088A, 0x0CAD, 0x14F3, 0x1935, 0x0C8A, 0x8000, 0x8000, 0x8000, 0x8000, 0x8000, 0x8000, 0x8000, 0x8000, 0x8000,
    0x8000, 0x8000, 0x8000, 0x8000, 0x8000, 0x8000, 0x8000, 0x8000, 0x8000, 0x8000, 0x8000, 0x8000, 0x8000, 0x8000, 0x8000, 0x8000,
    0x8000, 0x8000, 0x8000, 0x8000, 0x8000, 0x8000, 0x8000, 0x8000, 0x8000, 0x8000, 0x8000, 0x0446, 0x088B, 0x0447, 0x0447, 0x0024,
    0x0022, 0x0447, 0x088B, 0x086B, 0x0869, 0x088C, 0x0CB0, 0x0C8D, 0x0446, 0x0468, 0x088C, 0x088C, 0x0448, 0x0446, 0x0447, 0x0445,
    0x0023, 0x0446, 0x0447, 0x0024, 0x0022, 0x0023, 0x0468, 0x0469, 0x0447, 0x0445, 0x0445, 0x086A, 0x0C8C, 0x10D0, 0x14F3, 0x0CAE,
    0x086A, 0x086A, 0x086A, 0x0446, 0x0468, 0x14F2, 0x10D0, 0x14D2, 0x1915, 0x14F2, 0x0CAD, 0x10D0, 0x1915, 0x1915, 0x1915, 0x14F1,
    0x14F2, 0x1915, 0x14F2, 0x14F1, 0x1D35, 0x1914, 0x14F3, 0x10D0, 0x14F3, 0x0C8D, 0x0447, 0x0C8C, 0x14F3, 0x14F4, 0x0C8C, 0x0023,
    0x0445, 0x0447, 0x0446, 0x0444, 0x086A, 0x0447, 0x0445, 0x0C8C, 0x0445, 0x0424, 0x0445, 0x0448, 0x086B, 0x0446, 0x0868, 0x0CAE,
    0x0CAE, 0x0445, 0x0447, 0x088C, 0x10CF, 0x1936, 0x14F1, 0x0001, 0x8000, 0x8000, 0x8000, 0x8000, 0x8000, 0x8000, 0x8000, 0x8000,
    0x8000, 0x8000, 0x8000, 0x8000, 0x8000, 0x8000, 0x8000, 0x8000, 0x8000, 0x8000, 0x8000, 0x8000, 0x8000, 0x8000, 0x8000, 0x8000,
    0x8000, 0x8000, 0x8000, 0x8000, 0x8000, 0x8000, 0x8000, 0x8000, 0x8000, 0x8000, 0x8000, 0x0869, 0x0469, 0x0446, 0x0445, 0x8000,
    0x0022, 0x0468, 0x086B, 0x0869, 0x086A, 0x0CAE, 0x0CAF, 0x086B, 0x0447, 0x086A, 0x0C8C, 0x088B, 0x0469, 0x0446, 0x0447, 0x0024,
    0x0044, 0x0448, 0x0446, 0x0024, 0x0022, 0x0424, 0x0468, 0x0469, 0x0469, 0x0446, 0x0445, 0x0468, 0x086A, 0x0C8C, 0x10D0, 0x10D0,
    0x0C8D, 0x0469, 0x0869, 0x0446, 0x0869, 0x10D0, 0x0CAE, 0x1915, 0x14F3, 0x0CAE, 0x0CAE, 0x1513, 0x1914, 0x1935, 0x14F3, 0x0CAE,
    0x1935, 0x1915, 0x10D0, 0x1935, 0x1935, 0x14F2, 0x0CAD, 0x14F2, 0x10D2, 0x0468, 0x0024, 0x0CAE, 0x1914, 0x14F2, 0x0446, 0x0022,
    0x0024, 0x0424, 0x0447, 0x0445, 0x0468, 0x0448, 0x0445, 0x086A, 0x0445, 0x0445, 0x0023, 0x0446, 0x088C, 0x0448, 0x0446, 0x088C,
    0x0CAF, 0x0869, 0x0024, 0x086A, 0x0CAD, 0x1914, 0x1935, 0x0446, 0x8000, 0x8000, 0x8000, 0x8000, 0x8000, 0x8000, 0x8000, 0x8000,
    0x8000, 0x8000, 0x8000, 0x8000, 0x8000, 0x8000, 0x8000, 0x8000, 0x8000, 0x8000, 0x8000, 0x8000, 0x8000, 0x8000, 0x8000, 0x8000,
    0x8000, 0x8000, 0x8000, 0x8000, 0x8000, 0x8000, 0x8000, 0x8000, 0x8000, 0x8000, 0x0023, 0x086B, 0x0448, 0x0446, 0x0001, 0x8000,
    0x0023, 0x0468, 0x086A, 0x0869, 0x088C, 0x10AF, 0x0CAE, 0x0469, 0x0469, 0x0C8D, 0x0C8D, 0x0CAE, 0x086A, 0x0447, 0x0468, 0x0024,
    0x0446, 0x0447, 0x0445, 0x0023, 0x0021, 0x0445, 0x0469, 0x0468, 0x0447, 0x0469, 0x0446, 0x0447, 0x0469, 0x086B, 0x088C, 0x0CAE,
    0x0CAE, 0x088B, 0x0468, 0x0424, 0x088B, 0x0CAF, 0x10D0, 0x1915, 0x10D1, 0x0C8C, 0x0CAE, 0x1914, 0x1915, 0x1914, 0x10AF, 0x10D0,
    0x1936, 0x14F1, 0x14F3, 0x1D36, 0x1513, 0x0CAE, 0x10D0, 0x14F1, 0x088C, 0x0445, 0x0446, 0x10D0, 0x14F4, 0x0C8C, 0x0066, 0x04AB,
    0x0044, 0x0445, 0x0024, 0x0445, 0x0445, 0x0448, 0x0446, 0x0447, 0x0024, 0x0023, 0x0022, 0x0445, 0x0C8C, 0x0C8C, 0x0447, 0x0869,
    0x10D1, 0x0CAD, 0x0024, 0x0446, 0x0C8C, 0x10CF, 0x1935, 0x0CAC, 0x8000, 0x8000, 0x8000, 0x8000, 0x8000, 0x8000, 0x8000, 0x8000,
    0x8000, 0x8000, 0x8000, 0x8000, 0x8000, 0x8000, 0x8000, 0x8000, 0x8000, 0x8000, 0x8000, 0x8000, 0x8000, 0x8000, 0x8000, 0x8000,
    0x8000, 0x8000, 0x8000, 0x8000, 0x8000, 0x8000, 0x8000, 0x8000, 0x8000, 0x8000, 0x0446, 0x086A, 0x0447, 0x0023, 0x8000, 0x8000,
    0x0023, 0x0468, 0x0469, 0x086A, 0x0CAD, 0x10B0, 0x0C8D, 0x0469, 0x086A, 0x0C8D, 0x0CAF, 0x0CAE, 0x0448, 0x0468, 0x0468, 0x0445,
    0x0447, 0x0447, 0x0445, 0x0023, 0x0021, 0x0445, 0x0469, 0x0869, 0x0445, 0x0869, 0x0468, 0x0445, 0x0447, 0x086A, 0x0468, 0x0869,
    0x0CAD, 0x0C8D, 0x0869, 0x0445, 0x088B, 0x0CAD, 0x10D1, 0x14F3, 0x0CAE, 0x088B, 0x10D1, 0x14F3, 0x1915, 0x10D1, 0x0CAD, 0x1514,
    0x1914, 0x10D0, 0x1914, 0x1915, 0x10AF, 0x0CAD, 0x14F3, 0x0CAE, 0x0447, 0x0023, 0x0467, 0x10D1, 0x14F2, 0x0468, 0x0930, 0x1195,
    0x0D52, 0x090F, 0x08CC, 0x0024, 0x0466, 0x0445, 0x0446, 0x0446, 0x0023, 0x0023, 0x0022, 0x0445, 0x088C, 0x0CAE, 0x086A, 0x0447,
    0x10AF, 0x10D1, 0x0447, 0x0022, 0x0869, 0x0CAD, 0x1514, 0x14F2, 0x0002, 0x8000, 0x8000, 0x8000, 0x8000, 0x8000, 0x8000, 0x8000,
    0x8000, 0x8000, 0x8000, 0x8000, 0x8000, 0x8000, 0x8000, 0x8000, 0x8000, 0x8000, 0x8000, 0x8000, 0x8000, 0x8000, 0x8000, 0x8000,
    0x8000, 0x8000, 0x8000, 0x8000, 0x8000, 0x8000, 0x8000, 0x8000, 0x8000, 0x8000, 0x0468, 0x0468, 0x0024, 0x8000, 0x8000, 0x8000,
    0x0023, 0x0448, 0x0447, 0x086A, 0x10D0, 0x10B0, 0x088B, 0x0468, 0x088C, 0x10B0, 0x10D1, 0x088C, 0x0447, 0x088B, 0x0868, 0x0446,
    0x0469, 0x0447, 0x0445, 0x0022, 0x0021, 0x0445, 0x0447, 0x086A, 0x0445, 0x0447, 0x0469, 0x0446, 0x0445, 0x0448, 0x0469, 0x0447,
    0x0469, 0x088B, 0x0468, 0x0445, 0x086A, 0x0CAE, 0x14F4, 0x0CAF, 0x086A, 0x0C8D, 0x10D1, 0x1914, 0x1914, 0x10AF, 0x10AF, 0x1915,
    0x10D0, 0x14F1, 0x1915, 0x10D1, 0x086B, 0x10AF, 0x0CAE, 0x0448, 0x0045, 0x0088, 0x0869, 0x10D1, 0x0C8C, 0x0489, 0x11B7, 0x19F8,
    0x2239, 0x223A, 0x19D7, 0x090F, 0x0931, 0x0488, 0x0424, 0x0023, 0x0022, 0x0022, 0x0021, 0x0023, 0x086A, 0x10D0, 0x0C8C, 0x0447,
    0x088C, 0x14F2, 0x088A, 0x0022, 0x0445, 0x088B, 0x10D1, 0x1914, 0x0447, 0x8000, 0x8000, 0x8000, 0x8000, 0x8000, 0x8000, 0x8000,
    0x8000, 0x8000, 0x8000, 0x8000, 0x8000, 0x8000, 0x8000, 0x8000, 0x8000, 0x8000, 0x8000, 0x8000, 0x8000, 0x8000, 0x8000, 0x8000,
    0x8000, 0x8000, 0x8000, 0x8000, 0x8000, 0x8000, 0x8000, 0x8000, 0x8000, 0x8000, 0x0869, 0x0447, 0x0001, 0x8000, 0x8000, 0x8000,
    0x0023, 0x0447, 0x0447, 0x088C, 0x10D1, 0x0CAE, 0x086A, 0x0469, 0x0CAE, 0x10D1, 0x10D0, 0x088B, 0x0469, 0x0C8D, 0x0468, 0x0468,
    0x086A, 0x0447, 0x0045, 0x0022, 0x0021, 0x0445, 0x0447, 0x0869, 0x0446, 0x0445, 0x0448, 0x0468, 0x0445, 0x0424, 0x0468, 0x0468,
    0x0447, 0x0469, 0x0446, 0x0446, 0x086B, 0x10D0, 0x14D2, 0x088B, 0x086A, 0x0CAE, 0x14F2, 0x1914, 0x10D1, 0x0C8C, 0x10D0, 0x1914,
    0x10AF, 0x14F3, 0x14F2, 0x0C8C, 0x088B, 0x0CAF, 0x0469, 0x0445, 0x04AB, 0x0488, 0x088A, 0x10AF, 0x0868, 0x0D73, 0x223A, 0x2A7B,
    0x2E9B, 0x2E7B, 0x2A5B, 0x223A, 0x19F8, 0x15B6, 0x0489, 0x08EE, 0x0489, 0x0001, 0x0022, 0x0022, 0x0468, 0x10D0, 0x10D0, 0x0869,
    0x0869, 0x14F1, 0x0CAE, 0x0023, 0x0001, 0x0468, 0x10AF, 0x1915, 0x0C8B, 0x8000, 0x8000, 0x8000, 0x8000, 0x8000, 0x8000, 0x8000,
    0x8000, 0x8000, 0x8000, 0x8000, 0x8000, 0x8000, 0x8000, 0x8000, 0x8000, 0x8000, 0x8000, 0x8000, 0x8000, 0x8000, 0x8000, 0x8000,
    0x8000, 0x8000, 0x8000, 0x8000, 0x8000, 0x8000, 0x8000, 0x8000, 0x8000, 0x0001, 0x0869, 0x0024, 0x8000, 0x8000, 0x8000, 0x8000,
    0x0022, 0x0446, 0x0869, 0x0CAE, 0x10AF, 0x0CAD, 0x0468, 0x0869, 0x0CAE, 0x10D1, 0x10CF, 0x0869, 0x088B, 0x0CAE, 0x0469, 0x0869,
    0x086A, 0x0447, 0x0024, 0x0022, 0x0022, 0x0445, 0x0446, 0x0447, 0x0448, 0x0444, 0x0446, 0x0447, 0x0445, 0x0424, 0x0446, 0x0447,
    0x0446, 0x0446, 0x0444, 0x0446, 0x088C, 0x14F1, 0x0CAF, 0x0869, 0x086A, 0x10AE, 0x14F3, 0x10D2, 0x0C8D, 0x088B, 0x14F2, 0x14F3,
    0x10CF, 0x14F3, 0x0CAE, 0x0869, 0x0CAD, 0x088B, 0x0425, 0x04A9, 0x0953, 0x0467, 0x0C8C, 0x086B, 0x08CB, 0x1A19, 0x2A7B, 0x2E7B,
    0x2E7B, 0x2E7B, 0x2E7B, 0x2E7B, 0x2A7B, 0x265B, 0x19B6, 0x11B6, 0x0930, 0x0023, 0x0022, 0x0022, 0x0446, 0x0CAF, 0x14F2, 0x0C8C,
    0x0448, 0x10AF, 0x10D0, 0x0446, 0x8000, 0x0445, 0x086B, 0x14F2, 0x10AE, 0x8000, 0x8000, 0x8000, 0x8000, 0x8000, 0x8000, 0x8000,
    0x8000, 0x8000, 0x8000, 0x8000, 0x8000, 0x8000, 0x8000, 0x8000, 0x8000, 0x8000, 0x8000, 0x8000, 0x8000, 0x8000, 0x8000, 0x8000,
    0x8000, 0x8000, 0x8000, 0x8000, 0x8000, 0x8000, 0x8000, 0x8000, 0x8000, 0x0023, 0x0469, 0x0002, 0x8000, 0x8000, 0x8000, 0x8000,
    0x0001, 0x0446, 0x086B, 0x0CAF, 0x0CAE, 0x086B, 0x0447, 0x086A, 0x10D0, 0x10D1, 0x0CAE, 0x086A, 0x10AF, 0x0CAE, 0x0468, 0x086A,
    0x086A, 0x0447, 0x0424, 0x0022, 0x0022, 0x0024, 0x0446, 0x0446, 0x0468, 0x0445, 0x0024, 0x0445, 0x0024, 0x0023, 0x0002, 0x0424,
    0x0446, 0x0445, 0x0023, 0x0447, 0x088C, 0x10D1, 0x0C8D, 0x0447, 0x088B, 0x10CF, 0x14F3, 0x10D0, 0x086A, 0x0C8D, 0x14F3, 0x10D0,
    0x10D1, 0x10D0, 0x0468, 0x086A, 0x0C8D, 0x0446, 0x0489, 0x0D53, 0x0D52, 0x0467, 0x0C8D, 0x0446, 0x1172, 0x2A7C, 0x2E7B, 0x2E7B,
    0x2E7B, 0x2A7B, 0x2E7B, 0x2E7B, 0x2E7B, 0x2E7B, 0x2A7B, 0x19F8, 0x0D74, 0x0466, 0x0001, 0x0022, 0x0024, 0x0C8C, 0x14F3, 0x10D0,
    0x0469, 0x0CAE, 0x10D1, 0x0868, 0x8000, 0x0001, 0x0468, 0x10D0, 0x10D1, 0x0002, 0x8000, 0x8000, 0x8000, 0x8000, 0x8000, 0x8000,
    0x8000, 0x8000, 0x8000, 0x8000, 0x8000, 0x8000, 0x8000, 0x8000, 0x8000, 0x8000, 0x8000, 0x8000, 0x8000, 0x8000, 0x8000, 0x8000,
    0x8000, 0x8000, 0x8000, 0x8000, 0x8000, 0x8000, 0x8000, 0x8000, 0x8000, 0x0424, 0x0447, 0x8000, 0x8000, 0x8000, 0x8000, 0x8000,
    0x8000, 0x0446, 0x0C8D, 0x10D0, 0x0C8D, 0x0468, 0x0447, 0x088C, 0x10D0, 0x10D0, 0x0CAD, 0x0C8D, 0x10D0, 0x0CAD, 0x0468, 0x086A,
    0x086B, 0x0447, 0x0023, 0x0022, 0x0023, 0x0024, 0x0445, 0x0445, 0x0447, 0x0447, 0x0444, 0x0023, 0x08AA, 0x19B5, 0x0D0E, 0x0024,
    0x0024, 0x0445, 0x0022, 0x0468, 0x0C8D, 0x10D0, 0x088B, 0x0446, 0x088C, 0x10D1, 0x10D1, 0x10AE, 0x0869, 0x10B0, 0x14F2, 0x10CF,
    0x14D2, 0x0C8C, 0x0447, 0x088B, 0x0868, 0x0046, 0x0D52, 0x15D8, 0x0D53, 0x0468, 0x086A, 0x04AA, 0x1E19, 0x2E7B, 0x2A7B, 0x2E7B,
    0x2E7B, 0x2A7B, 0x2A7B, 0x2E7B, 0x2E7B, 0x2E7B, 0x2E7B, 0x2239, 0x1195, 0x0488, 0x0001, 0x0023, 0x0023, 0x086A, 0x14D1, 0x14F3,
    0x088B, 0x0C8C, 0x10D1, 0x088B, 0x8000, 0x8000, 0x0445, 0x0CAD, 0x14F2, 0x0424, 0x8000, 0x8000, 0x8000, 0x8000, 0x8000, 0x8000,
    0x8000, 0x8000, 0x8000, 0x8000, 0x8000, 0x8000, 0x8000, 0x8000, 0x8000, 0x8000, 0x8000, 0x8000, 0x8000, 0x8000, 0x8000, 0x8000,
    0x8000, 0x8000, 0x8000, 0x8000, 0x8000, 0x8000, 0x8000, 0x8000, 0x8000, 0x0023, 0x0425, 0x8000, 0x8000, 0x8000, 0x8000, 0x8000,
    0x0001, 0x0869, 0x0CB0, 0x0CAD, 0x086A, 0x0446, 0x0468, 0x0CAD, 0x10D1, 0x10D1, 0x0CAE, 0x10AF, 0x10D0, 0x0C8C, 0x0447, 0x086A,
    0x086A, 0x0446, 0x0023, 0x0022, 0x0022, 0x0024, 0x0024, 0x0446, 0x0446, 0x0447, 0x0003, 0x0CEC, 0x265C, 0x2A7C, 0x2E9C, 0x19B5,
    0x0466, 0x0023, 0x0022, 0x0468, 0x0CAD, 0x0CAF, 0x0468, 0x0448, 0x0CAD, 0x10D0, 0x10D0, 0x088C, 0x086A, 0x10AF, 0x10D1, 0x10D1,
    0x10B0, 0x0448, 0x0869, 0x0869, 0x0445, 0x0910, 0x15D7, 0x1DF8, 0x0D52, 0x0468, 0x0447, 0x0D30, 0x265B, 0x2E7B, 0x2A7B, 0x2A7B,
    0x2E7B, 0x2E7B, 0x2E7B, 0x2E7B, 0x2E7B, 0x2E7B, 0x2E7B, 0x2A5A, 0x15B7, 0x04A9, 0x0001, 0x0023, 0x0022, 0x0868, 0x10D0, 0x1914,
    0x10AF, 0x0C8B, 0x14D1, 0x0CAD, 0x8000, 0x8000, 0x0023, 0x088B, 0x10D1, 0x0446, 0x8000, 0x8000, 0x8000, 0x8000, 0x8000, 0x8000,
    0x8000, 0x8000, 0x8000, 0x8000, 0x8000, 0x8000, 0x8000, 0x8000, 0x8000, 0x8000, 0x8000, 0x8000, 0x8000, 0x8000, 0x8000, 0x8000,
    0x8000, 0x8000, 0x8000, 0x8000, 0x8000, 0x8000, 0x8000, 0x8000, 0x8000, 0x0002, 0x0023, 0x8000, 0x8000, 0x8000, 0x8000, 0x8000,
    0x0024, 0x088C, 0x0CAE, 0x086B, 0x0446, 0x0445, 0x0468, 0x0CAE, 0x10D0, 0x10D0, 0x10AF, 0x10D1, 0x10D0, 0x088B, 0x0446, 0x0869,
    0x0869, 0x0445, 0x0024, 0x0022, 0x0022, 0x0444, 0x0024, 0x0445, 0x0445, 0x0424, 0x0466, 0x2219, 0x1DF7, 0x090E, 0x21F7, 0x32BE,
    0x1571, 0x0022, 0x0022, 0x0468, 0x0C8D, 0x0C8D, 0x0447, 0x0469, 0x0CAD, 0x10D0, 0x10AF, 0x0869, 0x086A, 0x10D1, 0x10D1, 0x10D1,
    0x0C8D, 0x0446, 0x0869, 0x0446, 0x04CB, 0x11B7, 0x265B, 0x2239, 0x0D30, 0x0447, 0x0489, 0x19F7, 0x2E7C, 0x2E7B, 0x2E7B, 0x2A7B,
    0x2A7B, 0x2A7B, 0x2E7B, 0x2E7B, 0x2E7B, 0x2E7B, 0x2E7B, 0x2A5A, 0x15D8, 0x08CB, 0x0001, 0x0023, 0x0022, 0x0447, 0x0CAE, 0x1915,
    0x10D0, 0x088B, 0x10D0, 0x10AF, 0x0022, 0x8000, 0x8000, 0x0868, 0x10D0, 0x0869, 0x8000, 0x8000, 0x8000, 0x8000, 0x8000, 0x8000,
    0x8000, 0x8000, 0x8000, 0x8000, 0x8000, 0x8000, 0x8000, 0x8000, 0x8000, 0x8000, 0x8000, 0x8000, 0x8000, 0x8000, 0x8000, 0x8000,
    0x8000, 0x8000, 0x8000, 0x8000, 0x8000, 0x8000, 0x8000, 0x8000, 0x8000, 0x8000, 0x0022, 0x8000, 0x8000, 0x8000, 0x8000, 0x8000,
    0x0868, 0x0CAE, 0x086B, 0x0447, 0x0024, 0x0445, 0x0869, 0x0CAD, 0x0CAF, 0x10D0, 0x10CF, 0x10D1, 0x0CAD, 0x0469, 0x0446, 0x0469,
    0x0468, 0x0445, 0x0445, 0x0023, 0x0022, 0x0444, 0x0424, 0x0024, 0x0445, 0x0002, 0x112E, 0x2239, 0x04AB, 0x04CC, 0x04AB, 0x21F7,
    0x2A7C, 0x08CA, 0x0001, 0x0869, 0x0C8C, 0x088B, 0x0445, 0x0469, 0x0CAF, 0x10D0, 0x0C8D, 0x0448, 0x0C8C, 0x10D1, 0x10D2, 0x10D0,
    0x086A, 0x0447, 0x0425, 0x0023, 0x048A, 0x08CD, 0x1994, 0x223A, 0x0D0F, 0x0004, 0x08ED, 0x265B, 0x2E7B, 0x2A7B, 0x2E7B, 0x2E7B,
    0x2A7B, 0x2A7B, 0x2E7B, 0x2E7B, 0x2E7B, 0x2E7B, 0x2E7B, 0x2A7B, 0x1E1A, 0x08ED, 0x0001, 0x0023, 0x0022, 0x0446, 0x0C8D, 0x14F3,
    0x14F3, 0x0C8D, 0x10AF, 0x10AF, 0x0023, 0x8000, 0x8000, 0x0445, 0x0CAF, 0x088B, 0x8000, 0x8000, 0x8000, 0x8000, 0x8000, 0x8000,
    0x8000, 0x8000, 0x8000, 0x8000, 0x8000, 0x8000, 0x8000, 0x8000, 0x8000, 0x8000, 0x8000, 0x8000, 0x8000, 0x8000, 0x8000, 0x8000,
    0x8000, 0x8000, 0x8000, 0x8000, 0x8000, 0x8000, 0x8000, 0x8000, 0x8000, 0x8000, 0x0001, 0x8000, 0x8000, 0x8000, 0x8000, 0x0023,
    0x088C, 0x088C, 0x0448, 0x0024, 0x0023, 0x0446, 0x0869, 0x0C8D, 0x10D1, 0x0CAE, 0x10D0, 0x10D0, 0x088B, 0x0446, 0x0448, 0x0469,
    0x0446, 0x0445, 0x0446, 0x0024, 0x0021, 0x0024, 0x0445, 0x0023, 0x0444, 0x0024, 0x1DD6, 0x1594, 0x04EE, 0x0D53, 0x04CD, 0x08EE,
    0x223A, 0x1172, 0x0024, 0x086A, 0x088B, 0x0869, 0x0445, 0x086A, 0x10AF, 0x10D0, 0x088C, 0x0447, 0x0CAE, 0x10D1, 0x10D1, 0x0CAF,
    0x0446, 0x0445, 0x0446, 0x0489, 0x0446, 0x0024, 0x0427, 0x08AB, 0x0487, 0x0025, 0x1DD6, 0x2A7C, 0x2A7B, 0x2E7B, 0x2E7B, 0x2E7B,
    0x2A7B, 0x2A7B, 0x2A7B, 0x2E7B, 0x2E7B, 0x2E7B, 0x2E7B, 0x2E7B, 0x223A, 0x0D51, 0x0002, 0x0023, 0x0023, 0x0025, 0x088B, 0x10D1,
    0x1915, 0x10D0, 0x0CAE, 0x10AF, 0x0445, 0x8000, 0x8000, 0x0023, 0x0C8C, 0x0C8C, 0x8000, 0x8000, 0x8000, 0x8000, 0x8000, 0x8000,
    0x8000, 0x8000, 0x8000, 0x8000, 0x8000, 0x8000, 0x8000, 0x8000, 0x8000, 0x8000, 0x8000, 0x8000, 0x8000, 0x8000, 0x8000, 0x8000,
    0x8000, 0x8000, 0x8000, 0x8000, 0x8000, 0x8000, 0x8000, 0x8000, 0x8000, 0x8000, 0x8000, 0x8000, 0x8000, 0x8000, 0x8000, 0x0447,
    0x0C8D, 0x0468, 0x0446, 0x0022, 0x0023, 0x0447, 0x086A, 0x088C, 0x10D0, 0x0CAE, 0x10D0, 0x10AF, 0x0869, 0x0445, 0x0468, 0x0869,
    0x0446, 0x0445, 0x0446, 0x0023, 0x0021, 0x0023, 0x0446, 0x0024, 0x0023, 0x0487, 0x1E19, 0x0930, 0x0D53, 0x0D52, 0x04EF, 0x00AA,
    0x1152, 0x15D7, 0x0045, 0x0469, 0x088B, 0x0448, 0x0445, 0x086B, 0x0CAF, 0x10B0, 0x088B, 0x0468, 0x10AF, 0x14F2, 0x10D0, 0x088B,
    0x0446, 0x0024, 0x04CC, 0x0D75, 0x15B6, 0x1195, 0x08CB, 0x0424, 0x0024, 0x0447, 0x1993, 0x2E9C, 0x2E7B, 0x2A7B, 0x2E7B, 0x2E7B,
    0x2E7B, 0x2E7B, 0x2E7B, 0x2E7B, 0x2E7B, 0x2E7B, 0x2E7B, 0x2E7B, 0x265B, 0x1174, 0x0023, 0x0023, 0x0024, 0x0023, 0x086A, 0x10D0,
    0x1915, 0x14F2, 0x0C8C, 0x10D0, 0x0448, 0x8000, 0x8000, 0x0001, 0x088A, 0x0C8C, 0x8000, 0x8000, 0x8000, 0x8000, 0x8000, 0x8000,
    0x8000, 0x8000, 0x8000, 0x8000, 0x8000, 0x8000, 0x8000, 0x8000, 0x8000, 0x8000, 0x8000, 0x8000, 0x8000, 0x8000, 0x8000, 0x8000,
    0x0C63, 0x8000, 0x8000, 0x8000, 0x8000, 0x8000, 0x8000, 0x8000, 0x8000, 0x8000, 0x8000, 0x8000, 0x8000, 0x8000, 0x0023, 0x088C,
    0x086A, 0x0446, 0x0022, 0x8000, 0x0424, 0x0447, 0x0469, 0x0CAE, 0x10AF, 0x0CAE, 0x0CAF, 0x0C8D, 0x0448, 0x0446, 0x0869, 0x0447,
    0x0445, 0x0446, 0x0445, 0x0024, 0x0022, 0x0022, 0x0445, 0x0044, 0x0022, 0x0888, 0x1E19, 0x0D53, 0x15D8, 0x1195, 0x0D53, 0x0910,
    0x08CC, 0x1595, 0x0024, 0x086A, 0x088B, 0x0446, 0x0446, 0x0C8C, 0x10D0, 0x0CAE, 0x0869, 0x0869, 0x10D0, 0x10D0, 0x0CAF, 0x0469,
    0x0424, 0x0467, 0x0932, 0x15D8, 0x1E3B, 0x1E1A, 0x11B6, 0x090E, 0x0466, 0x0023, 0x0448, 0x1952, 0x2A7B, 0x2E9C, 0x2A7B, 0x2E7B,
    0x2E9B, 0x2E7B, 0x2A7B, 0x2E7B, 0x2E7B, 0x2E7B, 0x2A7B, 0x2E7B, 0x265A, 0x11B6, 0x0046, 0x0022, 0x0024, 0x0023, 0x0869, 0x10D0,
    0x1513, 0x14F3, 0x0CAE, 0x0CAF, 0x086A, 0x8000, 0x8000, 0x8000, 0x0468, 0x088B, 0x8000, 0x8000, 0x8000, 0x8000, 0x8000, 0x8000,
    0x8000, 0x8000, 0x8000, 0x8000, 0x8000, 0x8000, 0x8000, 0x8000, 0x8000, 0x8000, 0x8000, 0x8000, 0x8000, 0x8000, 0x8000, 0x8000,
    0x56B6, 0x0C63, 0x8000, 0x8000, 0x8000, 0x8000, 0x8000, 0x8000, 0x8000, 0x8000, 0x8000, 0x8000, 0x8000, 0x8000, 0x0869, 0x088B,
    0x0446, 0x0022, 0x8000, 0x8000, 0x0424, 0x0447, 0x0869, 0x0CAF, 0x0CAE, 0x0CAE, 0x0CAE, 0x086A, 0x0445, 0x0469, 0x0469, 0x0445,
    0x0023, 0x0447, 0x0445, 0x0024, 0x0023, 0x0022, 0x0444, 0x0044, 0x0002, 0x08A8, 0x1E1A, 0x15D7, 0x223A, 0x223A, 0x1595, 0x08EE,
    0x04CB, 0x1152, 0x0445, 0x0468, 0x0869, 0x0446, 0x0447, 0x0C8D, 0x0CAF, 0x0C8D, 0x0448, 0x086A, 0x10D0, 0x10D0, 0x0C8D, 0x0447,
    0x0424, 0x0489, 0x08ED, 0x0D30, 0x1151, 0x1594, 0x15D7, 0x1197, 0x0489, 0x0045, 0x0467, 0x0426, 0x0CCC, 0x2618, 0x2E9C, 0x2E7B,
    0x2E7B, 0x2E9C, 0x2A5B, 0x2A7B, 0x2E7B, 0x2A7B, 0x2A5B, 0x2A7B, 0x2E9D, 0x1173, 0x0023, 0x0022, 0x0024, 0x0023, 0x0869, 0x0CAE,
    0x14F2, 0x1513, 0x10D0, 0x10AF, 0x088A, 0x8000, 0x8000, 0x8000, 0x0446, 0x086A, 0x8000, 0x8000, 0x8000, 0x8000, 0x8000, 0x8000,
    0x8000, 0x8000, 0x8000, 0x8000, 0x8000, 0x8000, 0x8000, 0x8000, 0x8000, 0x8000, 0x8000, 0x8000, 0x8000, 0x8000, 0x8000, 0x8000,
    0x6B5B, 0x4632, 0x8000, 0x8000, 0x8000, 0x8000, 0x8000, 0x8000, 0x8000, 0x8000, 0x8000, 0x8000, 0x8000, 0x0446, 0x086A, 0x0446,
    0x0002, 0x8000, 0x8000, 0x8000, 0x0444, 0x0447, 0x088B, 0x10B0, 0x0CAD, 0x0CAD, 0x088C, 0x0447, 0x0447, 0x086A, 0x0447, 0x0024,
    0x0024, 0x0447, 0x0445, 0x0024, 0x0022, 0x0001, 0x0024, 0x0445, 0x0023, 0x0487, 0x1E19, 0x1DF8, 0x265B, 0x0D52, 0x04CC, 0x04CD,
    0x04CB, 0x0D52, 0x0445, 0x0447, 0x0469, 0x0446, 0x0447, 0x0C8D, 0x0CAE, 0x0C8D, 0x0447, 0x0869, 0x10D0, 0x10D0, 0x0C8C, 0x0424,
    0x0488, 0x0931, 0x04A9, 0x0021, 0x8000, 0x0001, 0x0044, 0x0487, 0x0066, 0x04CC, 0x08EE, 0x0466, 0x0425, 0x0448, 0x1DB4, 0x32BD,
    0x2E9B, 0x2E7B, 0x2A5B, 0x265A, 0x2E9C, 0x2A5B, 0x2A5A, 0x32BD, 0x1994, 0x0446, 0x0022, 0x0022, 0x0024, 0x0023, 0x0447, 0x088C,
    0x10D1, 0x1915, 0x10D0, 0x10AE, 0x0C8D, 0x0002, 0x8000, 0x8000, 0x0424, 0x0469, 0x8000, 0x8000, 0x8000, 0x8000, 0x8000, 0x8000,
    0x8000, 0x8000, 0x8000, 0x8000, 0x8000, 0x8000, 0x8000, 0x8000, 0x8000, 0x8000, 0x8000, 0x8000, 0x8000, 0x8000, 0x8000, 0x8000,
    0x6319, 0x6B5A, 0x3DF0, 0x8000, 0x8000, 0x8000, 0x8000, 0x8000, 0x8000, 0x8000, 0x8000, 0x8000, 0x0445, 0x046A, 0x0025, 0x0001,
    0x8000, 0x8000, 0x8000, 0x8000, 0x0024, 0x0447, 0x0C8D, 0x10B0, 0x0C8D, 0x088C, 0x0448, 0x0445, 0x0468, 0x0469, 0x0445, 0x0023,
    0x0445, 0x0447, 0x0024, 0x0023, 0x0002, 0x8000, 0x0022, 0x0024, 0x0024, 0x0023, 0x15B5, 0x221A, 0x1E19, 0x090F, 0x08EF, 0x04CD,
    0x090E, 0x19D7, 0x0466, 0x0447, 0x0468, 0x0445, 0x0447, 0x0C8D, 0x0CAF, 0x0C8C, 0x0446, 0x0869, 0x10AF, 0x0CAF, 0x088A, 0x0024,
    0x04EF, 0x15B7, 0x1196, 0x154E, 0x250A, 0x396D, 0x0842, 0x0800, 0x0401, 0x0022, 0x0044, 0x04AB, 0x0489, 0x0424, 0x0446, 0x1550,
    0x2A7B, 0x329C, 0x2A7B, 0x223A, 0x2E9B, 0x265A, 0x265B, 0x1971, 0x0424, 0x0489, 0x0023, 0x0023, 0x0023, 0x0024, 0x0445, 0x088C,
    0x10AF, 0x1514, 0x14F2, 0x10AE, 0x0C8D, 0x0022, 0x8000, 0x8000, 0x0023, 0x0448, 0x8000, 0x8000, 0x8000, 0x8000, 0x8000, 0x8000,
    0x8000, 0x8000, 0x8000, 0x8000, 0x8000, 0x8000, 0x8000, 0x8000, 0x8000, 0x8000, 0x8000, 0x8000, 0x8000, 0x8000, 0x8000, 0x8000,
    0x673A, 0x6739, 0x675A, 0x318D, 0x8000, 0x8000, 0x8000, 0x8000, 0x8000, 0x8000, 0x8000, 0x0446, 0x0469, 0x0023, 0x8000, 0x8000,
    0x8000, 0x8000, 0x8000, 0x8000, 0x0024, 0x0469, 0x0CAF, 0x0C8D, 0x086A, 0x0468, 0x0445, 0x0446, 0x0448, 0x0446, 0x0024, 0x0022,
    0x0446, 0x0447, 0x0024, 0x0022, 0x0001, 0x8000, 0x0001, 0x0024, 0x0044, 0x0002, 0x0CEC, 0x223B, 0x19D7, 0x0910, 0x0910, 0x04AC,
    0x19D6, 0x225B, 0x0466, 0x0447, 0x0447, 0x0424, 0x0468, 0x0C8D, 0x0CAE, 0x088A, 0x0445, 0x086A, 0x10AF, 0x0CAD, 0x0869, 0x0467,
    0x0D75, 0x1DF8, 0x263A, 0x19F7, 0x252C, 0x38AA, 0x1886, 0x38EB, 0x1023, 0x194C, 0x1D2C, 0x0022, 0x04CB, 0x04CB, 0x0445, 0x0003,
    0x0CCB, 0x2A59, 0x2A7B, 0x1DF7, 0x2E9B, 0x265B, 0x1572, 0x0024, 0x08ED, 0x08CA, 0x0001, 0x0024, 0x0022, 0x0024, 0x0445, 0x086B,
    0x0CAE, 0x14F2, 0x14F3, 0x0CAE, 0x0CAD, 0x0424, 0x8000, 0x8000, 0x0001, 0x0446, 0x8000, 0x8000, 0x8000, 0x8000, 0x8000, 0x8000,
    0x8000, 0x8000, 0x8000, 0x8000, 0x8000, 0x8000, 0x8000, 0x8000, 0x8000, 0x8000, 0x8000, 0x8000, 0x8000, 0x8000, 0x8000, 0x8000,
    0x5AB6, 0x6739, 0x6739, 0x6319, 0x1CE8, 0x8000, 0x8000, 0x8000, 0x8000, 0x0022, 0x0446, 0x0445, 0x0001, 0x8000, 0x8000, 0x8000,
    0x8000, 0x8000, 0x8000, 0x8000, 0x0045, 0x088C, 0x0CAE, 0x086A, 0x0448, 0x0424, 0x0024, 0x0447, 0x0447, 0x0045, 0x0022, 0x0022,
    0x0446, 0x0446, 0x0023, 0x0001, 0x8000, 0x8000, 0x8000, 0x0024, 0x0024, 0x0023, 0x0044, 0x19D7, 0x1E19, 0x0931, 0x090F, 0x04AB,
    0x1151, 0x223B, 0x0488, 0x0446, 0x0446, 0x0024, 0x0448, 0x088C, 0x0CAE, 0x086A, 0x0024, 0x086A, 0x0CAE, 0x0C8D, 0x0446, 0x04AA,
    0x19F8, 0x2A7B, 0x2E7B, 0x2A5B, 0x1172, 0x2489, 0x44CC, 0x40CB, 0x39D1, 0x3E76, 0x531C, 0x1D6F, 0x04AA, 0x0D73, 0x0910, 0x08CB,
    0x0046, 0x0D0E, 0x19F7, 0x2218, 0x2E9C, 0x1DD6, 0x0024, 0x0487, 0x0488, 0x0021, 0x0023, 0x0024, 0x0023, 0x0024, 0x0445, 0x086A,
    0x088B, 0x14D1, 0x1514, 0x10D0, 0x0CAE, 0x0424, 0x8000, 0x8000, 0x0001, 0x0445, 0x8000, 0x8000, 0x8000, 0x8000, 0x8000, 0x8000,
    0x8000, 0x8000, 0x8000, 0x8000, 0x8000, 0x8000, 0x8000, 0x8000, 0x8000, 0x8000, 0x8000, 0x8000, 0x8000, 0x8000, 0x8000, 0x8000,
    0x2529, 0x5AD7, 0x673A, 0x6B5A, 0x6319, 0x1084, 0x8000, 0x8000, 0x8000, 0x0001, 0x8000, 0x8000, 0x8000, 0x8000, 0x8000, 0x8000,
    0x8000, 0x8000, 0x8000, 0x0021, 0x0468, 0x0C8D, 0x088C, 0x0448, 0x0445, 0x0023, 0x0445, 0x0447, 0x0445, 0x0024, 0x8000, 0x0022,
    0x0446, 0x0446, 0x0022, 0x8000, 0x8000, 0x8000, 0x8000, 0x0023, 0x0024, 0x0024, 0x0001, 0x08CB, 0x265C, 0x15B6, 0x04EE, 0x04CD,
    0x04AB, 0x15B6, 0x04A9, 0x0425, 0x0445, 0x0024, 0x0448, 0x088B, 0x0C8D, 0x0869, 0x0024, 0x0869, 0x0C8D, 0x086B, 0x0445, 0x0D31,
    0x265B, 0x2E7B, 0x2E7B, 0x2E7B, 0x2A7C, 0x1DF7, 0x152D, 0x2190, 0x3E98, 0x4298, 0x573C, 0x46DA, 0x1993, 0x15B6, 0x1195, 0x0D74,
    0x0D73, 0x1194, 0x2239, 0x2E7B, 0x2A7C, 0x0CEA, 0x8000, 0x0CA7, 0x0001, 0x0022, 0x0023, 0x0024, 0x0023, 0x0023, 0x0446, 0x0869,
    0x088B, 0x10D0, 0x14F3, 0x10D1, 0x0CAD, 0x0024, 0x8000, 0x8000, 0x0001, 0x0024, 0x8000, 0x8000, 0x8000, 0x8000, 0x8000, 0x8000,
    0x8000, 0x8000, 0x8000, 0x8000, 0x8000, 0x8000, 0x8000, 0x8000, 0x8000, 0x8000, 0x8000, 0x8000, 0x8000, 0x8000, 0x8000, 0x8000,
    0x18A5, 0x2D6B, 0x673A, 0x673A, 0x673A, 0x5EF8, 0x0C63, 0x8000, 0x8000, 0x8000, 0x8000, 0x8000, 0x8000, 0x8000, 0x8000, 0x8000,
    0x8000, 0x8000, 0x8000, 0x0024, 0x088B, 0x0C8C, 0x0469, 0x0446, 0x0022, 0x0024, 0x0446, 0x0446, 0x0024, 0x0022, 0x8000, 0x0023,
    0x0446, 0x0424, 0x8000, 0x8000, 0x8000, 0x8000, 0x0023, 0x0023, 0x0024, 0x0023, 0x0023, 0x0022, 0x1594, 0x2A7C, 0x19B5, 0x0910,
    0x04AB, 0x0910, 0x08CB, 0x0024, 0x0445, 0x0024, 0x0468, 0x088B, 0x0C8D, 0x0869, 0x0024, 0x0869, 0x0C8D, 0x086A, 0x0446, 0x15B6,
    0x2A7B, 0x2E7B, 0x2E7B, 0x2E7B, 0x2E7B, 0x2E9C, 0x2E9D, 0x265B, 0x2239, 0x2639, 0x2E7A, 0x329B, 0x2E7B, 0x1E19, 0x1E19, 0x19D7,
    0x15D7, 0x223A, 0x2E7B, 0x2E9C, 0x2217, 0x0C43, 0x24E9, 0x25B1, 0x0021, 0x0022, 0x0023, 0x0024, 0x0023, 0x0023, 0x0446, 0x0468,
    0x088B, 0x0CAE, 0x10F2, 0x14F2, 0x088B, 0x0023, 0x8000, 0x8000, 0x0002, 0x0023, 0x8000, 0x8000, 0x8000, 0x8000, 0x8000, 0x8000,
    0x8000, 0x8000, 0x8000, 0x8000, 0x8000, 0x8000, 0x8000, 0x8000, 0x8000, 0x8000, 0x8000, 0x8000, 0x8000, 0x8000, 0x8000, 0x8000,
    0x1CE7, 0x1CC6, 0x318D, 0x673A, 0x6739, 0x6F7C, 0x5294, 0x0442, 0x8000, 0x8000, 0x8000, 0x8000, 0x8000, 0x8000, 0x8000, 0x8000,
    0x8000, 0x8000, 0x0001, 0x0447, 0x088C, 0x0869, 0x0446, 0x0023, 0x0022, 0x0445, 0x0447, 0x0025, 0x0023, 0x8000, 0x8000, 0x0023,
    0x0446, 0x0023, 0x8000, 0x8000, 0x8000, 0x0023, 0x0445, 0x0023, 0x0024, 0x0023, 0x0022, 0x0467, 0x04AA, 0x2219, 0x2E7B, 0x265B,
    0x19D6, 0x0D52, 0x08ED, 0x0024, 0x0445, 0x0023, 0x0448, 0x086A, 0x0C8D, 0x0869, 0x0024, 0x0468, 0x0C8D, 0x0868, 0x0488, 0x19F9,
    0x2E7B, 0x2E7B, 0x2E7B, 0x2E7B, 0x2E7B, 0x2E7B, 0x2E7B, 0x2E7B, 0x2E7C, 0x2A7B, 0x2A7B, 0x2A7B, 0x2A5B, 0x2A5B, 0x2A7B, 0x1E19,
    0x223A, 0x2A7B, 0x2A7B, 0x2E9D, 0x1992, 0x1843, 0x3A14, 0x0CC8, 0x8000, 0x0023, 0x0023, 0x0024, 0x0024, 0x0023, 0x0446, 0x0469,
    0x088B, 0x0C8D, 0x10D1, 0x14F2, 0x088B, 0x0022, 0x8000, 0x8000, 0x0001, 0x0002, 0x8000, 0x8000, 0x8000, 0x8000, 0x8000, 0x8000,
    0x8000, 0x8000, 0x8000, 0x8000, 0x8000, 0x8000, 0x8000, 0x8000, 0x8000, 0x8000, 0x8000, 0x8000, 0x8000, 0x8000, 0x8000, 0x8000,
    0x2508, 0x20E7, 0x18A5, 0x3DEF, 0x6F7B, 0x673A, 0x6F7C, 0x3E10, 0x8000, 0x8000, 0x8000, 0x8000, 0x8000, 0x8000, 0x8000, 0x8000,
    0x8000, 0x8000, 0x0022, 0x086A, 0x086A, 0x0446, 0x0023, 0x8000, 0x0023, 0x0446, 0x0446, 0x0024, 0x0001, 0x8000, 0x8000, 0x0024,
    0x0445, 0x0001, 0x8000, 0x8000, 0x0024, 0x0024, 0x0023, 0x0024, 0x0444, 0x0023, 0x0023, 0x04AB, 0x04AC, 0x0D0E, 0x265B, 0x2E7B,
    0x265A, 0x15D8, 0x090E, 0x0445, 0x0444, 0x0023, 0x0447, 0x086A, 0x088C, 0x0469, 0x0045, 0x0447, 0x0C8C, 0x0447, 0x08CA, 0x265B,
    0x2E7B, 0x2E7B, 0x2E7B, 0x2E7B, 0x2E7C, 0x2E7B, 0x2E7B, 0x2A7B, 0x2A7B, 0x2A7B, 0x2A7B, 0x2A7B, 0x2A5B, 0x2E7B, 0x2A5B, 0x265B,
    0x2A7B, 0x2E9B, 0x2A7B, 0x2E9D, 0x19B4, 0x08CB, 0x1572, 0x0045, 0x0001, 0x0023, 0x0024, 0x0024, 0x0024, 0x0023, 0x0445, 0x0469,
    0x0869, 0x0C8D, 0x10D0, 0x14F2, 0x086A, 0x8000, 0x8000, 0x8000, 0x8000, 0x8000, 0x8000, 0x8000, 0x8000, 0x8000, 0x8000, 0x8000,
    0x8000, 0x8000, 0x8000, 0x8000, 0x8000, 0x8000, 0x8000, 0x8000, 0x8000, 0x8000, 0x8000, 0x8000, 0x8000, 0x8000, 0x8000, 0x8000,
    0x292A, 0x2508, 0x20E7, 0x1CC6, 0x4A53, 0x673A, 0x6739, 0x739C, 0x35AD, 0x8000, 0x8000, 0x8000, 0x8000, 0x8000, 0x8000, 0x8000,
    0x8000, 0x8000, 0x0446, 0x086A, 0x0447, 0x0023, 0x8000, 0x8000, 0x0445, 0x0447, 0x0445, 0x0022, 0x8000, 0x8000, 0x8000, 0x0024,
    0x0024, 0x8000, 0x8000, 0x0022, 0x0001, 0x8000, 0x0022, 0x0023, 0x0023, 0x0044, 0x0489, 0x04CC, 0x0931, 0x04AA, 0x0D2F, 0x2A7C,
    0x2A5B, 0x19F9, 0x0D52, 0x0446, 0x0023, 0x0023, 0x0447, 0x0448, 0x088B, 0x0869, 0x0445, 0x0445, 0x088B, 0x0447, 0x08ED, 0x265B,
    0x2E7B, 0x2E7B, 0x2E7B, 0x2E7B, 0x2E7B, 0x2E7B, 0x2E7B, 0x2A7B, 0x2A7B, 0x2A7B, 0x2A7B, 0x2A7B, 0x2E7C, 0x2E7B, 0x2E7B, 0x2E9C,
    0x2E7B, 0x2E7B, 0x2E7B, 0x2E9C, 0x2217, 0x0930, 0x1196, 0x0466, 0x0001, 0x0023, 0x0024, 0x0024, 0x0024, 0x0023, 0x0024, 0x0469,
    0x0869, 0x088B, 0x10D0, 0x14F2, 0x086A, 0x8000, 0x8000, 0x8000, 0x8000, 0x8000, 0x8000, 0x8000, 0x8000, 0x8000, 0x8000, 0x8000,
    0x8000, 0x8000, 0x8000, 0x8000, 0x8000, 0x8000, 0x8000, 0x8000, 0x8000, 0x8000, 0x8000, 0x8000, 0x8000, 0x8000, 0x8000, 0x8000,
    0x2D4A, 0x2D4A, 0x2509, 0x1CC7, 0x18A5, 0x5295, 0x6F7B, 0x673A, 0x673A, 0x1CE7, 0x8000, 0x8000, 0x8000, 0x8000, 0x8000, 0x8000,
    0x8000, 0x0002, 0x0469, 0x0448, 0x0023, 0x8000, 0x8000, 0x0001, 0x0447, 0x0446, 0x0023, 0x8000, 0x8000, 0x8000, 0x0001, 0x0445,
    0x0022, 0x8000, 0x8000, 0x8000, 0x8000, 0x8000, 0x8000, 0x0023, 0x0023, 0x0044, 0x04CD, 0x08EF, 0x0D32, 0x0931, 0x04AA, 0x0D31,
    0x19D8, 0x1173, 0x0910, 0x0467, 0x0023, 0x0022, 0x0446, 0x0447, 0x086A, 0x086A, 0x0025, 0x0024, 0x088B, 0x0446, 0x0D0E, 0x2A7C,
    0x2A7B, 0x2A7B, 0x2E7B, 0x2E7B, 0x2E7B, 0x2A7B, 0x2A7B, 0x2A7B, 0x2E7B, 0x2E7B, 0x2A7B, 0x2A7B, 0x2A7B, 0x2E7B, 0x2E7B, 0x2E7B,
    0x2E7B, 0x2E7B, 0x2E7B, 0x2E7B, 0x2A7B, 0x0D30, 0x15B6, 0x0466, 0x0001, 0x0023, 0x0024, 0x0025, 0x0024, 0x0024, 0x0024, 0x0447,
    0x0869, 0x086B, 0x10CF, 0x14F3, 0x086A, 0x8000, 0x8000, 0x8000, 0x8000, 0x8000, 0x8000, 0x8000, 0x8000, 0x8000, 0x8000, 0x8000,
    0x8000, 0x8000, 0x8000, 0x8000, 0x8000, 0x8000, 0x8000, 0x8000, 0x8000, 0x8000, 0x8000, 0x8000, 0x8000, 0x8000, 0x8000, 0x8000,
    0x358C, 0x2D6B, 0x2929, 0x20E8, 0x1CC7, 0x2109, 0x5AD7, 0x6B5A, 0x6319, 0x6719, 0x14A5, 0x8000, 0x8000, 0x8000, 0x8000, 0x8000,
    0x8000, 0x0445, 0x0469, 0x0023, 0x8000, 0x8000, 0x8000, 0x0022, 0x0447, 0x0024, 0x8000, 0x8000, 0x8000, 0x8000, 0x0022, 0x0024,
    0x8000, 0x8000, 0x8000, 0x8000, 0x8000, 0x0001, 0x0023, 0x0022, 0x0023, 0x0489, 0x08EF, 0x0931, 0x1175, 0x1196, 0x0D53, 0x04CC,
    0x04A9, 0x0467, 0x0467, 0x0466, 0x0023, 0x0022, 0x0446, 0x0447, 0x0869, 0x0468, 0x0446, 0x0023, 0x086B, 0x0425, 0x0D0E, 0x2A7C,
    0x2A7B, 0x2A7B, 0x2A7B, 0x2E7B, 0x2A7B, 0x2A7B, 0x2A7B, 0x2A7B, 0x2E7B, 0x2E7B, 0x2A7B, 0x2A7B, 0x2A7B, 0x2A7B, 0x2A7B, 0x2E7B,
    0x2E7B, 0x2E7B, 0x2E7B, 0x2A7B, 0x2E9C, 0x1593, 0x0D32, 0x0445, 0x0022, 0x0023, 0x0024, 0x0445, 0x0024, 0x0024, 0x0023, 0x0447,
    0x0869, 0x086A, 0x0CAF, 0x14F2, 0x086A, 0x8000, 0x8000, 0x8000, 0x8000, 0x8000, 0x8000, 0x8000, 0x8000, 0x8000, 0x8000, 0x8000,
    0x8000, 0x8000, 0x8000, 0x8000, 0x8000, 0x8000, 0x8000, 0x8000, 0x8000, 0x8000, 0x8000, 0x8000, 0x8000, 0x8000, 0x8000, 0x8000,
    0x3DCF, 0x318C, 0x2929, 0x294A, 0x2108, 0x18A6, 0x2108, 0x62F8, 0x6B5A, 0x6739, 0x56B5, 0x0C63, 0x8000, 0x8000, 0x8000, 0x8000,
    0x0001, 0x0447, 0x0045, 0x8000, 0x8000, 0x8000, 0x8000, 0x0023, 0x0447, 0x0022, 0x8000, 0x8000, 0x8000, 0x8000, 0x0024, 0x0001,
    0x8000, 0x8000, 0x8000, 0x8000, 0x8000, 0x0001, 0x8000, 0x8000, 0x0066, 0x08EF, 0x0931, 0x0D53, 0x1196, 0x15D8, 0x15B7, 0x0D54,
    0x090F, 0x04EE, 0x0489, 0x0044, 0x0424, 0x0021, 0x0446, 0x0447, 0x0468, 0x0469, 0x0468, 0x0023, 0x0869, 0x0425, 0x0D0E, 0x2E9C,
    0x2A7B, 0x2A7B, 0x2A7B, 0x2A7B, 0x2A7B, 0x2E7B, 0x2A7B, 0x2A7B, 0x2E7B, 0x2E7B, 0x2A7B, 0x2A7B, 0x2A7B, 0x2A7B, 0x2A7B, 0x2A7B,
    0x2E7B, 0x2E7B, 0x2E7B, 0x2A7B, 0x2E9C, 0x21F7, 0x04CC, 0x0043, 0x0023, 0x0023, 0x0025, 0x0446, 0x0024, 0x0024, 0x0023, 0x0447,
    0x0469, 0x0869, 0x0CAD, 0x14F2, 0x086A, 0x8000, 0x8000, 0x8000, 0x8000, 0x8000, 0x8000, 0x8000, 0x8000, 0x8000, 0x8000, 0x8000,
    0x8000, 0x8000, 0x8000, 0x8000, 0x8000, 0x8000, 0x8000, 0x8000, 0x8000, 0x8000, 0x8000, 0x8000, 0x8000, 0x8000, 0x8000, 0x8000,
    0x20E8, 0x3DCF, 0x358C, 0x2D4B, 0x2929, 0x1CE7, 0x14A5, 0x2D6B, 0x6B5A, 0x5EF7, 0x6739, 0x4211, 0x0421, 0x8000, 0x8000, 0x8000,
    0x0024, 0x0446, 0x0001, 0x8000, 0x8000, 0x8000, 0x8000, 0x0024, 0x0446, 0x0001, 0x8000, 0x8000, 0x8000, 0x8000, 0x0022, 0x8000,
    0x8000, 0x8000, 0x8000, 0x8000, 0x8000, 0x8000, 0x8000, 0x0001, 0x08CD, 0x0931, 0x0D32, 0x1175, 0x15B7, 0x19F8, 0x1DF9, 0x19D8,
    0x1195, 0x0932, 0x04CC, 0x0466, 0x0023, 0x0043, 0x0445, 0x0447, 0x0447, 0x086A, 0x086A, 0x0023, 0x0447, 0x0426, 0x0D0E, 0x2A7C,
    0x2A7B, 0x2A7B, 0x2A7B, 0x2A7B, 0x2A7B, 0x2A7B, 0x2A7B, 0x2E7B, 0x2E7B, 0x2E7B, 0x2A7B, 0x2A7B, 0x2A7B, 0x2A7B, 0x2A7B, 0x2A7B,
    0x2A7B, 0x2E7B, 0x2E7B, 0x2E7B, 0x2E9B, 0x2A7C, 0x08CB, 0x0001, 0x0024, 0x0023, 0x0444, 0x0446, 0x0044, 0x0024, 0x0023, 0x0446,
    0x0468, 0x0448, 0x0CAD, 0x14F2, 0x086A, 0x8000, 0x8000, 0x8000, 0x8000, 0x8000, 0x8000, 0x8000, 0x8000, 0x8000, 0x8000, 0x8000,
    0x8000, 0x8000, 0x8000, 0x8000, 0x8000, 0x8000, 0x8000, 0x8000, 0x8000, 0x8000, 0x8000, 0x8000, 0x8000, 0x8000, 0x8000, 0x8000,
    0x8000, 0x294A, 0x4210, 0x316B, 0x2D4B, 0x2529, 0x20E8, 0x14A5, 0x3DEF, 0x673A, 0x56B5, 0x62F8, 0x35AD, 0x8000, 0x8000, 0x8000,
    0x0445, 0x0023, 0x8000, 0x8000, 0x8000, 0x8000, 0x8000, 0x0023, 0x0024, 0x8000, 0x8000, 0x8000, 0x8000, 0x8000, 0x8000, 0x8000,
    0x8000, 0x8000, 0x8000, 0x8000, 0x8000, 0x8000, 0x8000, 0x0045, 0x0911, 0x0931, 0x0D74, 0x1195, 0x15B7, 0x1E19, 0x265A, 0x263A,
    0x19F8, 0x1195, 0x090F, 0x0489, 0x0022, 0x0067, 0x0445, 0x0446, 0x0446, 0x086A, 0x086A, 0x0024, 0x0445, 0x0426, 0x0CEB, 0x2A7C,
    0x2A7B, 0x2A7B, 0x2A7B, 0x2A7B, 0x2A7B, 0x2A7B, 0x2A7B, 0x2E7B, 0x2A7B, 0x2A7B, 0x2A7B, 0x2E7B, 0x2E7B, 0x2E7B, 0x2E7B, 0x2A7B,
    0x2A7B, 0x2A7B, 0x2A7B, 0x2A7B, 0x2EBC, 0x2E9D, 0x1572, 0x0001, 0x0044, 0x0023, 0x0444, 0x0447, 0x0445, 0x0445, 0x0023, 0x0444,
    0x0469, 0x0447, 0x0C8D, 0x14F2, 0x0869, 0x8000, 0x8000, 0x8000, 0x8000, 0x8000, 0x8000, 0x8000, 0x8000, 0x8000, 0x8000, 0x8000,
    0x8000, 0x8000, 0x8000, 0x8000, 0x8000, 0x8000, 0x8000, 0x8000, 0x8000, 0x8000, 0x8000, 0x8000, 0x8000, 0x8000, 0x8000, 0x8000,
    0x8000, 0x8000, 0x358D, 0x3DEF, 0x2D6B, 0x2D6B, 0x2508, 0x1CC6, 0x14A5, 0x4A32, 0x5ED7, 0x5695, 0x5EF8, 0x1CE8, 0x8000, 0x0022,
    0x0024, 0x8000, 0x8000, 0x8000, 0x8000, 0x8000, 0x8000, 0x0022, 0x0002, 0x8000, 0x8000, 0x8000, 0x8000, 0x8000, 0x8000, 0x8000,
    0x8000, 0x8000, 0x8000, 0x8000, 0x8000, 0x8000, 0x8000, 0x04CC, 0x0932, 0x0953, 0x1175, 0x1195, 0x1DF8, 0x263A, 0x2A7B, 0x2A7B,
    0x223A, 0x19D7, 0x0932, 0x04CB, 0x0022, 0x0067, 0x0045, 0x0446, 0x0446, 0x086A, 0x088A, 0x0445, 0x0423, 0x0026, 0x08A9, 0x2A7C,
    0x2A7B, 0x2A7B, 0x2A7B, 0x2A7B, 0x2A7B, 0x2A7B, 0x2A7B, 0x2E7B, 0x2E7B, 0x2A7B, 0x2A7B, 0x2E7B, 0x2E7B, 0x2E7B, 0x2E7B, 0x2A7B,
    0x2A7B, 0x2A7B, 0x2A7B, 0x2A7B, 0x32BC, 0x2E9C, 0x2639, 0x0466, 0x0023, 0x0024, 0x0024, 0x0447, 0x0447, 0x0445, 0x0023, 0x0423,
    0x0469, 0x0447, 0x0C8C, 0x10D1, 0x0868, 0x8000, 0x8000, 0x8000, 0x8000, 0x8000, 0x8000, 0x8000, 0x8000, 0x8000, 0x8000, 0x8000,
    0x8000, 0x8000, 0x8000, 0x8000, 0x8000, 0x8000, 0x8000, 0x8000, 0x8000, 0x8000, 0x8000, 0x8000, 0x8000, 0x8000, 0x8000, 0x8000,
    0x8000, 0x8000, 0x0C63, 0x4210, 0x39AD, 0x2D4A, 0x294A, 0x20E8, 0x18C6, 0x1CE7, 0x5274, 0x5AD6, 0x5294, 0x56B6, 0x14A5, 0x0002,
    0x0022, 0x8000, 0x8000, 0x8000, 0x8000, 0x8000, 0x8000, 0x0001, 0x0001, 0x8000, 0x8000, 0x8000, 0x8000, 0x8000, 0x8000, 0x8000,
    0x8000, 0x8000, 0x8000, 0x8000, 0x8000, 0x8000, 0x0001, 0x04CC, 0x04CE, 0x08EF, 0x0D52, 0x15B6, 0x221A, 0x2A7B, 0x2A7B, 0x2A5B,
    0x265A, 0x1DF9, 0x0D53, 0x04EE, 0x0024, 0x0045, 0x0466, 0x0446, 0x0445, 0x0869, 0x088B, 0x0446, 0x0022, 0x0024, 0x0488, 0x265A,
    0x2E7B, 0x2A7B, 0x2A7B, 0x2A7B, 0x2A7B, 0x2A7B, 0x2A7B, 0x2A7B, 0x2E7B, 0x2A7B, 0x2E7B, 0x2E7B, 0x2E7B, 0x2A7B, 0x2E7B, 0x2E7B,
    0x2E9C, 0x2E9C, 0x2E9C, 0x2E7B, 0x2E9B, 0x2E9B, 0x32BD, 0x1550, 0x0002, 0x0044, 0x0023, 0x0447, 0x0447, 0x0445, 0x0022, 0x0023,
    0x0448, 0x0447, 0x0C8C, 0x10D2, 0x0446, 0x8000, 0x8000, 0x8000, 0x8000, 0x8000, 0x8000, 0x8000, 0x8000, 0x8000, 0x8000, 0x8000,
    0x8000, 0x8000, 0x8000, 0x8000, 0x8000, 0x8000, 0x8000, 0x8000, 0x8000, 0x8000, 0x8000, 0x8000, 0x8000, 0x8000, 0x8000, 0x8000,
    0x8000, 0x8000, 0x8000, 0x14A5, 0x3DCF, 0x358C, 0x2D6B, 0x2529, 0x20E7, 0x1CC6, 0x2509, 0x5294, 0x5274, 0x5695, 0x4211, 0x0422,
    0x8000, 0x8000, 0x8000, 0x8000, 0x8000, 0x8000, 0x8000, 0x8000, 0x8000, 0x8000, 0x8000, 0x8000, 0x8000, 0x8000, 0x0066, 0x04EB,
    0x092D, 0x094F, 0x094F, 0x0970, 0x0D71, 0x0D71, 0x0D91, 0x0D91, 0x0D91, 0x0D70, 0x094F, 0x0D51, 0x1172, 0x19B6, 0x263A, 0x2E7C,
    0x2E7C, 0x263A, 0x1174, 0x0911, 0x0066, 0x0044, 0x0489, 0x0425, 0x0045, 0x0468, 0x088C, 0x0468, 0x0023, 0x0023, 0x0466, 0x2639,
    0x2E9C, 0x2A7B, 0x2A7B, 0x2A7B, 0x2A7B, 0x2A7B, 0x2A7B, 0x2A7B, 0x2A7B, 0x2A7B, 0x2A7B, 0x2E7B, 0x2E7B, 0x2E7B, 0x2E7B, 0x2A7B,
    0x2218, 0x1DD5, 0x1DF7, 0x263A, 0x265B, 0x265B, 0x2218, 0x08C9, 0x0023, 0x0024, 0x0023, 0x0446, 0x0468, 0x0445, 0x0023, 0x0022,
    0x0447, 0x0447, 0x0CAD, 0x10D1, 0x0024, 0x8000, 0x8000, 0x8000, 0x8000, 0x8000, 0x8000, 0x8000, 0x8000, 0x8000, 0x8000, 0x8000,
    0x8000, 0x8000, 0x8000, 0x8000, 0x8000, 0x8000, 0x8000, 0x8000, 0x8000, 0x8000, 0x8000, 0x8000, 0x8000, 0x8000, 0x8000, 0x8000,
    0x8000, 0x8000, 0x8000, 0x8000, 0x2D6B, 0x3DEF, 0x318C, 0x2D4A, 0x2508, 0x20E8, 0x14A5, 0x294A, 0x56B6, 0x4E53, 0x4E73, 0x35AE,
    0x0001, 0x8000, 0x8000, 0x8000, 0x8000, 0x8000, 0x8000, 0x8000, 0x8000, 0x8000, 0x8000, 0x8000, 0x0022, 0x052D, 0x0992, 0x0DB4,
    0x09B3, 0x0DD4, 0x0DF6, 0x0E17, 0x0E18, 0x1259, 0x167A, 0x169A, 0x1ABB, 0x22DD, 0x26DC, 0x1E9A, 0x1637, 0x11B3, 0x11B4, 0x19B5,
    0x21F7, 0x263A, 0x15B7, 0x0D53, 0x0489, 0x0023, 0x04CB, 0x0424, 0x0044, 0x0447, 0x088D, 0x0469, 0x0445, 0x0045, 0x0445, 0x2219,
    0x2A7B, 0x2A7B, 0x2A7B, 0x2E7B, 0x2A7B, 0x2A7B, 0x2A7B, 0x2A7B, 0x2A7B, 0x2A7B, 0x2A7B, 0x2E7B, 0x2E7B, 0x2E7B, 0x2E7B, 0x2A7B,
    0x15B6, 0x0D52, 0x1195, 0x1194, 0x0D51, 0x08EC, 0x0023, 0x0002, 0x0444, 0x0023, 0x0023, 0x0446, 0x0869, 0x0446, 0x0023, 0x0001,
    0x0446, 0x0447, 0x0CAD, 0x10D0, 0x0022, 0x8000, 0x8000, 0x8000, 0x8000, 0x8000, 0x8000, 0x8000, 0x8000, 0x8000, 0x8000, 0x8000,
    0x8000, 0x8000, 0x8000, 0x8000, 0x8000, 0x8000, 0x8000, 0x8000, 0x8000, 0x8000, 0x8000, 0x8000, 0x8000, 0x8000, 0x8000, 0x8000,
    0x8000, 0x8000, 0x8000, 0x8000, 0x0421, 0x358D, 0x3DCE, 0x318C, 0x2D6B, 0x2529, 0x20E7, 0x1484, 0x318C, 0x4E53, 0x4631, 0x5695,
    0x252A, 0x8000, 0x8000, 0x8000, 0x8000, 0x8000, 0x8000, 0x8000, 0x8000, 0x8000, 0x8000, 0x8000, 0x0486, 0x09B4, 0x0950, 0x050D,
    0x050C, 0x04EB, 0x04EB, 0x04EA, 0x04EB, 0x090C, 0x0970, 0x0DB3, 0x11F5, 0x1217, 0x1A7A, 0x1EDD, 0x271F, 0x2F3E, 0x2AFD, 0x2299,
    0x11B3, 0x1171, 0x1152, 0x0D52, 0x04CC, 0x0023, 0x04CD, 0x0044, 0x0024, 0x0445, 0x088C, 0x088C, 0x0044, 0x04AA, 0x0445, 0x19B5,
    0x2A7C, 0x2A7B, 0x2A7B, 0x2A7B, 0x2A7B, 0x2A7B, 0x2A7B, 0x2A7B, 0x2A7B, 0x2A7B, 0x2A7B, 0x2A7B, 0x2E7B, 0x2E7B, 0x2E7B, 0x2E9C,
    0x2E9C, 0x223A, 0x1195, 0x090F, 0x0466, 0x8000, 0x8000, 0x0024, 0x0424, 0x0023, 0x0023, 0x0445, 0x0869, 0x0446, 0x0022, 0x8000,
    0x0445, 0x0468, 0x0CAE, 0x0CAE, 0x8000, 0x8000, 0x8000, 0x8000, 0x8000, 0x8000, 0x8000, 0x8000, 0x8000, 0x8000, 0x8000, 0x8000,
    0x8000, 0x8000, 0x8000, 0x8000, 0x8000, 0x8000, 0x8000, 0x8000, 0x8000, 0x8000, 0x8000, 0x8000, 0x8000, 0x8000, 0x8000, 0x8000,
    0x8000, 0x8000, 0x8000, 0x8000, 0x8000, 0x1084, 0x3DEF, 0x39CE, 0x318C, 0x292A, 0x2508, 0x20E7, 0x1084, 0x358D, 0x4E73, 0x4611,
    0x5274, 0x1CE7, 0x8000, 0x8000, 0x8000, 0x8000, 0x8000, 0x8000, 0x8000, 0x8000, 0x8000, 0x8000, 0x0486, 0x08EA, 0x0864, 0x0442,
    0x0421, 0x0821, 0x0820, 0x0820, 0x0821, 0x0821, 0x0841, 0x0842, 0x0C63, 0x0864, 0x08A7, 0x0D2C, 0x11D2, 0x1E79, 0x2AFD, 0x2F3F,
    0x2F3E, 0x26BA, 0x15F5, 0x092E, 0x04AA, 0x0044, 0x04CC, 0x0488, 0x0023, 0x0445, 0x086A, 0x088C, 0x0024, 0x090F, 0x0488, 0x112F,
    0x2E9C, 0x2A7B, 0x2A7B, 0x2A7B, 0x2A7B, 0x2A7B, 0x2A7B, 0x2A7B, 0x2A7B, 0x2A7B, 0x2A7B, 0x2A7B, 0x2E7B, 0x2E7B, 0x2E7B, 0x2E7B,
    0x2E9B, 0x263A, 0x1196, 0x0D52, 0x0043, 0x8000, 0x8000, 0x0023, 0x0024, 0x0022, 0x0024, 0x0446, 0x0869, 0x0446, 0x0001, 0x8000,
    0x0445, 0x0468, 0x10AF, 0x0C8C, 0x8000, 0x8000, 0x8000, 0x8000, 0x8000, 0x8000, 0x8000, 0x8000, 0x8000, 0x8000, 0x8000, 0x8000,
    0x8000, 0x8000, 0x8000, 0x8000, 0x8000, 0x8000, 0x8000, 0x8000, 0x8000, 0x8000, 0x8000, 0x8000, 0x8000, 0x8000, 0x8000, 0x8000,
    0x8000, 0x8000, 0x8000, 0x8000, 0x8000, 0x8000, 0x2108, 0x4631, 0x316B, 0x2D4A, 0x2929, 0x2108, 0x18C6, 0x14A5, 0x39CE, 0x4631,
    0x4A32, 0x4A32, 0x0C63, 0x8000, 0x8000, 0x8000, 0x8000, 0x8000, 0x8000, 0x8000, 0x8000, 0x8000, 0x0021, 0x0C41, 0x0821, 0x0821,
    0x0842, 0x0842, 0x0842, 0x0C42, 0x0C63, 0x0C63, 0x1063, 0x1063, 0x1063, 0x1063, 0x1463, 0x1062, 0x1062, 0x1085, 0x10E8, 0x1190,
    0x1E79, 0x2B1E, 0x2F3F, 0x1E9A, 0x0DB3, 0x0487, 0x0046, 0x04CD, 0x0023, 0x0445, 0x0468, 0x088C, 0x0445, 0x04CC, 0x0910, 0x0D0E,
    0x2A7C, 0x2E7B, 0x2A7B, 0x2A7B, 0x2A7B, 0x2A7B, 0x2A7B, 0x2A7B, 0x2A7B, 0x2A7B, 0x2E7C, 0x2E9C, 0x2E9C, 0x329C, 0x329C, 0x329C,
    0x32BD, 0x2A7B, 0x19D8, 0x04CC, 0x8000, 0x8000, 0x8000, 0x0023, 0x0024, 0x0022, 0x0024, 0x0446, 0x0869, 0x0446, 0x0002, 0x8000,
    0x0024, 0x0469, 0x10AF, 0x088A, 0x8000, 0x8000, 0x8000, 0x8000, 0x8000, 0x8000, 0x8000, 0x8000, 0x8000, 0x8000, 0x8000, 0x8000,
    0x8000, 0x8000, 0x8000, 0x8000, 0x8000, 0x8000, 0x8000, 0x8000, 0x8000, 0x8000, 0x8000, 0x8000, 0x8000, 0x8000, 0x8000, 0x8000,
    0x8000, 0x8000, 0x8000, 0x8000, 0x8000, 0x8000, 0x0421, 0x2D6B, 0x39AE, 0x2D4A, 0x2D6B, 0x2529, 0x20E8, 0x1484, 0x14A5, 0x3DEF,
    0x4611, 0x4631, 0x3DF0, 0x0842, 0x8000, 0x8000, 0x8000, 0x8000, 0x8000, 0x8000, 0x8000, 0x8000, 0x0421, 0x0C42, 0x0842, 0x0842,
    0x0821, 0x0841, 0x0842, 0x0842, 0x0C42, 0x0C63, 0x1063, 0x1063, 0x1083, 0x1083, 0x1484, 0x1484, 0x1484, 0x1483, 0x1463, 0x1042,
    0x0C85, 0x154D, 0x1A14, 0x1A9B, 0x169B, 0x0DD4, 0x00A8, 0x0488, 0x0445, 0x0024, 0x0447, 0x0C8D, 0x0447, 0x0488, 0x0D74, 0x0D52,
    0x2219, 0x2E7B, 0x2A7B, 0x2A7B, 0x2A7B, 0x2A7B, 0x2A7B, 0x2A7B, 0x2E7B, 0x2A7B, 0x265A, 0x2638, 0x21F7, 0x1DD6, 0x19B5, 0x1DF7,
    0x1DD5, 0x19D6, 0x1195, 0x0022, 0x8000, 0x8000, 0x8000, 0x0023, 0x0023, 0x0022, 0x0024, 0x0445, 0x0869, 0x0446, 0x0001, 0x8000,
    0x0023, 0x0468, 0x10AF, 0x0868, 0x8000, 0x8000, 0x8000, 0x8000, 0x8000, 0x8000, 0x8000, 0x8000, 0x8000, 0x8000, 0x8000, 0x8000,
    0x8000, 0x8000, 0x8000, 0x8000, 0x8000, 0x8000, 0x8000, 0x8000, 0x8000, 0x8000, 0x8000, 0x8000, 0x8000, 0x8000, 0x8000, 0x8000,
    0x8000, 0x8000, 0x8000, 0x8000, 0x8000, 0x8000, 0x8000, 0x0421, 0x39AD, 0x35AD, 0x294A, 0x294A, 0x2108, 0x18C6, 0x1083, 0x18C6,
    0x41EF, 0x41F0, 0x4611, 0x316C, 0x8000, 0x8000, 0x8000, 0x8000, 0x8000, 0x8000, 0x8000, 0x8000, 0x0421, 0x0C63, 0x0842, 0x0821,
    0x0821, 0x0821, 0x0842, 0x0842, 0x0C42, 0x0C63, 0x1063, 0x1063, 0x1063, 0x1083, 0x1484, 0x1484, 0x1083, 0x1484, 0x1484, 0x1484,
    0x1483, 0x1062, 0x0C42, 0x08C9, 0x0D6F, 0x0DD5, 0x0993, 0x04CA, 0x0043, 0x0023, 0x0446, 0x088C, 0x0869, 0x0466, 0x0D53, 0x1174,
    0x1DF8, 0x2A5B, 0x2A7B, 0x2A7B, 0x2A7B, 0x2A7B, 0x2A7B, 0x2E7B, 0x2639, 0x1594, 0x1594, 0x1594, 0x19B5, 0x19B5, 0x1994, 0x15B5,
    0x0D30, 0x1174, 0x08CB, 0x8000, 0x8000, 0x8000, 0x8000, 0x0023, 0x0023, 0x0022, 0x0024, 0x0445, 0x0468, 0x0446, 0x0001, 0x8000,
    0x0002, 0x0869, 0x0CAE, 0x0445, 0x8000, 0x8000, 0x8000, 0x8000, 0x8000, 0x8000, 0x8000, 0x8000, 0x8000, 0x8000, 0x8000, 0x8000,
    0x8000, 0x8000, 0x8000, 0x8000, 0x8000, 0x8000, 0x8000, 0x8000, 0x8000, 0x8000, 0x8000, 0x8000, 0x8000, 0x8000, 0x8000, 0x8000,
    0x8000, 0x8000, 0x8000, 0x8000, 0x8000, 0x8000, 0x8000, 0x8000, 0x1084, 0x41EF, 0x316B, 0x2D4A, 0x2509, 0x1CC6, 0x14A5, 0x0C63,
    0x20E8, 0x4210, 0x39AE, 0x39CE, 0x2108, 0x8000, 0x8000, 0x8000, 0x0001, 0x8000, 0x8000, 0x8000, 0x0421, 0x0C42, 0x0842, 0x0821,
    0x0841, 0x0842, 0x0821, 0x0842, 0x0842, 0x0C62, 0x1063, 0x1063, 0x1063, 0x1063, 0x1063, 0x1083, 0x1484, 0x1484, 0x1484, 0x1484,
    0x1484, 0x1485, 0x1484, 0x1062, 0x0821, 0x0465, 0x050C, 0x04EB, 0x00A9, 0x0023, 0x0445, 0x0869, 0x088B, 0x0445, 0x0910, 0x1175,
    0x19D8, 0x263A, 0x2A5B, 0x2E7B, 0x2E7B, 0x2A7B, 0x2A7B, 0x2E7B, 0x2A5A, 0x2A5A, 0x2E9C, 0x2E9C, 0x329D, 0x329D, 0x32BD, 0x2E9C,
    0x223A, 0x1194, 0x0001, 0x8000, 0x8000, 0x8000, 0x8000, 0x0023, 0x0022, 0x0022, 0x0424, 0x0445, 0x0469, 0x0446, 0x8000, 0x8000,
    0x0001, 0x088A, 0x088C, 0x0022, 0x8000, 0x8000, 0x8000, 0x8000, 0x8000, 0x8000, 0x8000, 0x8000, 0x8000, 0x8000, 0x8000, 0x8000,
    0x8000, 0x8000, 0x8000, 0x8000, 0x8000, 0x8000, 0x8000, 0x8000, 0x8000, 0x8000, 0x8000, 0x8000, 0x8000, 0x8000, 0x8000, 0x8000,
    0x8000, 0x8000, 0x8000, 0x8000, 0x8000, 0x8000, 0x8000, 0x8000, 0x8000, 0x18C6, 0x39AD, 0x294A, 0x2108, 0x1CE7, 0x14A5, 0x1084,
    0x0C63, 0x292A, 0x41EF, 0x2D4A, 0x316A, 0x0C85, 0x0046, 0x008B, 0x008C, 0x006A, 0x0446, 0x0444, 0x0821, 0x0C42, 0x0841, 0x0821,
    0x0821, 0x0821, 0x0842, 0x0821, 0x0821, 0x0842, 0x0842, 0x0C63, 0x0C63, 0x0C62, 0x1063, 0x1063, 0x1063, 0x1484, 0x1484, 0x1484,
    0x1484, 0x1484, 0x1484, 0x1484, 0x1063, 0x0C42, 0x0821, 0x0443, 0x04A8, 0x0044, 0x0023, 0x0447, 0x088C, 0x0445, 0x04AB, 0x1196,
    0x15B6, 0x1DF8, 0x2A5B, 0x2E7B, 0x2A7B, 0x2A7B, 0x2A7B, 0x2A7B, 0x2E7B, 0x2E7B, 0x2E7B, 0x2E7B, 0x2A5A, 0x2639, 0x2218, 0x1DF8,
    0x19D8, 0x08A9, 0x8000, 0x8000, 0x8000, 0x8000, 0x8000, 0x0022, 0x0001, 0x0001, 0x0445, 0x0445, 0x0469, 0x0446, 0x8000, 0x8000,
    0x0001, 0x088B, 0x086A, 0x8000, 0x8000, 0x8000, 0x8000, 0x8000, 0x8000, 0x8000, 0x8000, 0x8000, 0x8000, 0x8000, 0x8000, 0x8000,
    0x8000, 0x8000, 0x8000, 0x8000, 0x8000, 0x8000, 0x8000, 0x8000, 0x8000, 0x8000, 0x8000, 0x8000, 0x8000, 0x8000, 0x8000, 0x8000,
    0x8000, 0x8000, 0x8000, 0x8000, 0x8000, 0x8000, 0x8000, 0x8000, 0x8000, 0x8000, 0x2509, 0x316B, 0x1CE7, 0x1CC6, 0x14A5, 0x1084,
    0x0C63, 0x0C62, 0x1CE8, 0x0CAA, 0x008C, 0x00D1, 0x00D2, 0x00B0, 0x00AE, 0x006A, 0x0069, 0x0045, 0x0841, 0x0C42, 0x0821, 0x0841,
    0x0842, 0x0842, 0x0842, 0x0842, 0x0842, 0x0842, 0x0C42, 0x0C42, 0x0C42, 0x0C42, 0x0C42, 0x0C63, 0x1063, 0x1063, 0x1483, 0x1484,
    0x1484, 0x1484, 0x1484, 0x1484, 0x1083, 0x1063, 0x0C62, 0x0821, 0x0421, 0x0022, 0x0023, 0x0446, 0x088B, 0x0446, 0x0045, 0x0D53,
    0x11B6, 0x19D8, 0x2219, 0x2A5B, 0x2E7B, 0x2E7B, 0x2E7B, 0x2A7B, 0x2E7B, 0x2E7B, 0x2A7B, 0x2239, 0x1195, 0x0D53, 0x0D31, 0x1196,
    0x0D52, 0x0001, 0x8000, 0x8000, 0x8000, 0x8000, 0x8000, 0x0022, 0x8000, 0x0001, 0x0445, 0x0445, 0x086A, 0x0445, 0x8000, 0x8000,
    0x0021, 0x0C8C, 0x0447, 0x8000, 0x8000, 0x8000, 0x8000, 0x8000, 0x8000, 0x8000, 0x8000, 0x8000, 0x8000, 0x8000, 0x8000, 0x8000,
    0x8000, 0x8000, 0x8000, 0x8000, 0x8000, 0x8000, 0x8000, 0x8000, 0x8000, 0x8000, 0x8000, 0x8000, 0x8000, 0x8000, 0x8000, 0x8000,
    0x8000, 0x8000, 0x8000, 0x8000, 0x8000, 0x8000, 0x8000, 0x8000, 0x8000, 0x8000, 0x8000, 0x2529, 0x2509, 0x18A5, 0x1084, 0x1063,
    0x0842, 0x0466, 0x008D, 0x00F3, 0x00F4, 0x00B0, 0x006B, 0x0048, 0x0046, 0x0046, 0x0023, 0x0421, 0x0C42, 0x0842, 0x0842, 0x0842,
    0x0842, 0x0C42, 0x0C42, 0x0C63, 0x0C63, 0x1063, 0x1063, 0x1063, 0x0C63, 0x0C63, 0x0C63, 0x0C63, 0x0C63, 0x0C63, 0x0C42, 0x1063,
    0x1083, 0x1484, 0x1063, 0x1484, 0x1063, 0x1063, 0x0C63, 0x0842, 0x0421, 0x0421, 0x0021, 0x0024, 0x0869, 0x0869, 0x0044, 0x0466,
    0x090F, 0x15B7, 0x19F8, 0x223A, 0x2E7B, 0x2E7B, 0x2A7B, 0x2A7B, 0x2A7B, 0x2E7B, 0x2E7B, 0x265A, 0x1E19, 0x15B7, 0x15B6, 0x19D8,
    0x04A9, 0x8000, 0x8000, 0x8000, 0x8000, 0x8000, 0x8000, 0x0021, 0x8000, 0x0001, 0x0444, 0x0446, 0x086A, 0x0023, 0x8000, 0x8000,
    0x0022, 0x088B, 0x0023, 0x8000, 0x8000, 0x8000, 0x8000, 0x8000, 0x8000, 0x8000, 0x8000, 0x8000, 0x8000, 0x8000, 0x8000, 0x8000,
    0x8000, 0x8000, 0x8000, 0x8000, 0x8000, 0x8000, 0x8000, 0x8000, 0x8000, 0x8000, 0x8000, 0x8000, 0x8000, 0x8000, 0x8000, 0x8000,
    0x8000, 0x8000, 0x8000, 0x8000, 0x8000, 0x8000, 0x8000, 0x8000, 0x8000, 0x8000, 0x8000, 0x0842, 0x2529, 0x18C6, 0x1084, 0x0C63,
    0x0068, 0x00B0, 0x04F3, 0x00F3, 0x00B0, 0x006B, 0x0047, 0x0023, 0x0023, 0x0024, 0x0021, 0x0821, 0x0841, 0x0420, 0x0420, 0x0420,
    0x0821, 0x0821, 0x0841, 0x0841, 0x0C42, 0x1062, 0x1062, 0x1062, 0x1463, 0x1063, 0x1483, 0x1483, 0x1483, 0x1483, 0x1063, 0x0C63,
    0x0C42, 0x0C42, 0x0C63, 0x0C63, 0x0C63, 0x0C63, 0x0C63, 0x0C42, 0x0842, 0x0421, 0x0421, 0x0022, 0x0447, 0x0469, 0x0446, 0x0486,
    0x0023, 0x04CB, 0x15B7, 0x1E1A, 0x2A5A, 0x2E7B, 0x2E7B, 0x2E7B, 0x2E7B, 0x2A7B, 0x2E7B, 0x2E7B, 0x2E7B, 0x2219, 0x15D8, 0x1195,
    0x0022, 0x8000, 0x8000, 0x8000, 0x8000, 0x8000, 0x8000, 0x0001, 0x8000, 0x8000, 0x0024, 0x0446, 0x086A, 0x0002, 0x8000, 0x8000,
    0x0424, 0x086A, 0x0001, 0x8000, 0x8000, 0x8000, 0x8000, 0x8000, 0x8000, 0x8000, 0x8000, 0x8000, 0x8000, 0x8000, 0x8000, 0x8000,
    0x8000, 0x8000, 0x8000, 0x8000, 0x8000, 0x8000, 0x8000, 0x8000, 0x8000, 0x8000, 0x8000, 0x8000, 0x8000, 0x8000, 0x8000, 0x8000,
    0x8000, 0x8000, 0x8000, 0x8000, 0x8000, 0x8000, 0x8000, 0x8000, 0x8000, 0x8000, 0x8000, 0x8000, 0x1084, 0x1CC5, 0x0C62, 0x0445,
    0x008E, 0x00D1, 0x00F3, 0x00F4, 0x00F3, 0x00D2, 0x00D0, 0x008D, 0x006A, 0x006A, 0x0069, 0x0468, 0x0467, 0x0467, 0x0467, 0x0068,
    0x0467, 0x0446, 0x0067, 0x0446, 0x0446, 0x0466, 0x0466, 0x0466, 0x0466, 0x0465, 0x0465, 0x0865, 0x0843, 0x0842, 0x0C42, 0x0C41,
    0x0C41, 0x0C41, 0x0841, 0x0841, 0x0841, 0x0841, 0x0C42, 0x0842, 0x0842, 0x0421, 0x0421, 0x0001, 0x0044, 0x0468, 0x0446, 0x04CA,
    0x04EC, 0x0044, 0x0466, 0x0D52, 0x1E1A, 0x2A7B, 0x2E7B, 0x2E7B, 0x2E7B, 0x2A7B, 0x2E7B, 0x2E7B, 0x2E7B, 0x265A, 0x19D8, 0x08EE,
    0x8000, 0x8000, 0x8000, 0x8000, 0x8000, 0x8000, 0x8000, 0x8000, 0x8000, 0x8000, 0x0424, 0x0447, 0x0869, 0x0001, 0x8000, 0x8000,
    0x0445, 0x0447, 0x8000, 0x8000, 0x8000, 0x8000, 0x8000, 0x8000, 0x8000, 0x8000, 0x8000, 0x8000, 0x8000, 0x8000, 0x8000, 0x8000,
    0x8000, 0x8000, 0x8000, 0x8000, 0x8000, 0x8000, 0x8000, 0x8000, 0x8000, 0x8000, 0x8000, 0x8000, 0x8000, 0x8000, 0x8000, 0x8000,
    0x8000, 0x8000, 0x8000, 0x8000, 0x8000, 0x8000, 0x8000, 0x8000, 0x8000, 0x8000, 0x0422, 0x0443, 0x0466, 0x0467, 0x0445, 0x0047,
    0x008E, 0x00AF, 0x00F2, 0x00F3, 0x00F5, 0x0116, 0x0115, 0x0115, 0x0115, 0x0115, 0x00F4, 0x00F4, 0x00F4, 0x00F4, 0x00F4, 0x00F4,
    0x00F3, 0x00F3, 0x00F4, 0x00F3, 0x00F4, 0x00F4, 0x00F4, 0x00F4, 0x00F4, 0x00F5, 0x00F4, 0x00F3, 0x00D2, 0x00AF, 0x008D, 0x048B,
    0x048A, 0x0468, 0x0445, 0x0444, 0x0443, 0x0422, 0x0422, 0x0821, 0x0841, 0x0421, 0x0421, 0x0421, 0x0022, 0x0446, 0x0447, 0x0444,
    0x04CA, 0x04EB, 0x0086, 0x0023, 0x08CC, 0x1DF9, 0x2A7B, 0x2E7B, 0x2A7B, 0x2A7B, 0x2A7B, 0x2A7B, 0x2A7B, 0x2A5A, 0x15D7, 0x0466,
    0x8000, 0x8000, 0x8000, 0x8000, 0x8000, 0x8000, 0x8000, 0x8000, 0x8000, 0x8000, 0x0444, 0x0468, 0x0447, 0x8000, 0x8000, 0x8000,
    0x0446, 0x0023, 0x8000, 0x8000, 0x8000, 0x8000, 0x8000, 0x8000, 0x8000, 0x8000, 0x8000, 0x8000, 0x8000, 0x8000, 0x8000, 0x8000,
    0x8000, 0x8000, 0x8000, 0x8000, 0x8000, 0x8000, 0x8000, 0x8000, 0x8000, 0x8000, 0x8000, 0x8000, 0x8000, 0x8000, 0x8000, 0x8000,
    0x8000, 0x8000, 0x8000, 0x8000, 0x8000, 0x8000, 0x8000, 0x8000, 0x0021, 0x0867, 0x08CD, 0x04D0, 0x00D1, 0x008F, 0x006A, 0x0048,
    0x008C, 0x008C, 0x008E, 0x00D1, 0x00F3, 0x0115, 0x0116, 0x0116, 0x0116, 0x0116, 0x0136, 0x0136, 0x0116, 0x0116, 0x0115, 0x00F4,
    0x00F4, 0x00F4, 0x0115, 0x00F4, 0x00F4, 0x00F4, 0x0115, 0x0115, 0x0115, 0x0115, 0x0115, 0x0115, 0x0115, 0x0116, 0x0116, 0x0116,
    0x0115, 0x00F5, 0x00F3, 0x00F3, 0x00D1, 0x00AF, 0x008C, 0x0068, 0x0045, 0x0023, 0x0022, 0x0421, 0x8000, 0x0023, 0x0447, 0x0422,
    0x0421, 0x0487, 0x04EB, 0x04A8, 0x0022, 0x0088, 0x1594, 0x265B, 0x2A7C, 0x2A7B, 0x2A7B, 0x2E7B, 0x2A7B, 0x265B, 0x1173, 0x0001,
    0x8000, 0x8000, 0x8000, 0x8000, 0x8000, 0x8000, 0x8000, 0x8000, 0x8000, 0x8000, 0x0445, 0x0469, 0x0445, 0x8000, 0x8000, 0x0001,
    0x0447, 0x0001, 0x8000, 0x8000, 0x8000, 0x8000, 0x8000, 0x8000, 0x8000, 0x8000, 0x8000, 0x8000, 0x8000, 0x8000, 0x8000, 0x8000,
    0x8000, 0x8000, 0x8000, 0x8000, 0x8000, 0x8000, 0x8000, 0x8000, 0x8000, 0x8000, 0x8000, 0x8000, 0x8000, 0x8000, 0x8000, 0x8000,
    0x8000, 0x8000, 0x8000, 0x8000, 0x8000, 0x8000, 0x8000, 0x0C86, 0x150F, 0x08D1, 0x00AF, 0x00AF, 0x008C, 0x0048, 0x0046, 0x0047,
    0x008C, 0x006B, 0x006B, 0x008D, 0x00D1, 0x00D2, 0x00F4, 0x0115, 0x0116, 0x0116, 0x0116, 0x0116, 0x0116, 0x0116, 0x0116, 0x0115,
    0x00F5, 0x0115, 0x0115, 0x0115, 0x0115, 0x0116, 0x0116, 0x0116, 0x0116, 0x0115, 0x0115, 0x0516, 0x0115, 0x0116, 0x0116, 0x0115,
    0x00F5, 0x0115, 0x0115, 0x00F5, 0x00F4, 0x00F5, 0x00F3, 0x00D2, 0x00AF, 0x008D, 0x006B, 0x0048, 0x0047, 0x0045, 0x0446, 0x0445,
    0x0422, 0x0421, 0x0042, 0x04A8, 0x0043, 0x8000, 0x0021, 0x08ED, 0x19D6, 0x265B, 0x2A7C, 0x2A7C, 0x265B, 0x1E1A, 0x04AA, 0x8000,
    0x8000, 0x8000, 0x8000, 0x8000, 0x8000, 0x8000, 0x8000, 0x8000, 0x8000, 0x8000, 0x0445, 0x0468, 0x0023, 0x8000, 0x8000, 0x0022,
    0x0024, 0x8000, 0x8000, 0x8000, 0x8000, 0x8000, 0x8000, 0x8000, 0x8000, 0x8000, 0x8000, 0x8000, 0x8000, 0x8000, 0x8000, 0x8000,
    0x8000, 0x8000, 0x8000, 0x8000, 0x8000, 0x8000, 0x8000, 0x8000, 0x8000, 0x8000, 0x8000, 0x8000, 0x8000, 0x8000, 0x8000, 0x8000,
    0x8000, 0x8000, 0x8000, 0x8000, 0x8000, 0x8000, 0x0C87, 0x10CD, 0x04AE, 0x00AF, 0x00AE, 0x006A, 0x0047, 0x0046, 0x0045, 0x0045,
    0x006B, 0x006C, 0x006B, 0x006B, 0x008D, 0x00AF, 0x00D1, 0x00F2, 0x00F4, 0x0116, 0x0116, 0x0116, 0x0116, 0x0116, 0x0116, 0x0115,
    0x0115, 0x0115, 0x0115, 0x0115, 0x0115, 0x0115, 0x0115, 0x0115, 0x0116, 0x0116, 0x0115, 0x0115, 0x0115, 0x0115, 0x0115, 0x0114,
    0x00F4, 0x00F3, 0x00F4, 0x00F3, 0x00F4, 0x00F4, 0x00D1, 0x00D1, 0x00B0, 0x00AE, 0x008C, 0x006A, 0x0069, 0x0047, 0x0023, 0x0445,
    0x0047, 0x006B, 0x0069, 0x0069, 0x0069, 0x006A, 0x006A, 0x0025, 0x0045, 0x08EC, 0x1150, 0x1151, 0x1151, 0x08CB, 0x8000, 0x8000,
    0x8000, 0x8000, 0x8000, 0x8000, 0x8000, 0x8000, 0x8000, 0x8000, 0x8000, 0x0001, 0x0446, 0x0448, 0x0001, 0x8000, 0x8000, 0x0023,
    0x0001, 0x8000, 0x8000, 0x8000, 0x8000, 0x8000, 0x8000, 0x8000, 0x8000, 0x8000, 0x8000, 0x8000, 0x8000, 0x8000, 0x8000, 0x8000,
    0x8000, 0x8000, 0x8000, 0x8000, 0x8000, 0x8000, 0x8000, 0x8000, 0x8000, 0x8000, 0x8000, 0x8000, 0x8000, 0x8000, 0x8000, 0x8000,
    0x8000, 0x8000, 0x8000, 0x8000, 0x8000, 0x0422, 0x088B, 0x04AE, 0x00AF, 0x00AF, 0x006B, 0x0046, 0x0046, 0x0046, 0x0046, 0x0023,
    0x0069, 0x008C, 0x006B, 0x006B, 0x006B, 0x008C, 0x008E, 0x00D0, 0x00D1, 0x00F3, 0x0115, 0x0115, 0x0115, 0x0115, 0x0115, 0x0115,
    0x0115, 0x00F4, 0x00F4, 0x00F4, 0x00F4, 0x00F2, 0x00F2, 0x00F3, 0x00F3, 0x00F3, 0x00F3, 0x00F2, 0x00F3, 0x00F3, 0x00F3, 0x00F2,
    0x00F3, 0x00F3, 0x00F2, 0x00D2, 0x00D2, 0x00B0, 0x00AE, 0x008C, 0x006A, 0x0069, 0x006B, 0x008B, 0x0069, 0x0069, 0x0068, 0x0445,
    0x0445, 0x00AF, 0x00D3, 0x00D3, 0x00D3, 0x00F3, 0x00D1, 0x00AE, 0x008D, 0x0049, 0x0025, 0x0023, 0x8000, 0x8000, 0x8000, 0x8000,
    0x8000, 0x8000, 0x8000, 0x8000, 0x8000, 0x8000, 0x8000, 0x8000, 0x8000, 0x0001, 0x0447, 0x0446, 0x8000, 0x8000, 0x8000, 0x0001,
    0x8000, 0x8000, 0x8000, 0x8000, 0x8000, 0x8000, 0x8000, 0x8000, 0x8000, 0x8000, 0x8000, 0x8000, 0x8000, 0x8000, 0x8000, 0x8000,
    0x8000, 0x8000, 0x8000, 0x8000, 0x8000, 0x8000, 0x8000, 0x8000, 0x8000, 0x8000, 0x8000, 0x8000, 0x8000, 0x8000, 0x8000, 0x8000,
    0x8000, 0x8000, 0x8000, 0x8000, 0x0001, 0x0C8A, 0x048C, 0x008D, 0x00D1, 0x00AF, 0x0069, 0x0046, 0x0046, 0x0047, 0x0045, 0x0023,
    0x0047, 0x006C, 0x006B, 0x006B, 0x006B, 0x006B, 0x006C, 0x008E, 0x00AF, 0x00D1, 0x00F2, 0x00F4, 0x00F4, 0x00F3, 0x00F4, 0x00F4,
    0x00F3, 0x00D2, 0x00D2, 0x00D2, 0x00D2, 0x00D2, 0x00D2, 0x00D2, 0x00F2, 0x00D2, 0x00D2, 0x00F3, 0x00F3, 0x00F4, 0x00F4, 0x00F4,
    0x00F3, 0x00D2, 0x00D1, 0x00AF, 0x008C, 0x006A, 0x006A, 0x006A, 0x008B, 0x00AE, 0x00D0, 0x00D1, 0x00D1, 0x00AF, 0x00AF, 0x006A,
    0x0022, 0x008A, 0x00D2, 0x00D2, 0x00D2, 0x00D0, 0x00AF, 0x00AF, 0x008E, 0x008D, 0x008C, 0x0069, 0x0045, 0x0023, 0x0001, 0x0001,
    0x8000, 0x8000, 0x8000, 0x8000, 0x8000, 0x8000, 0x8000, 0x8000, 0x8000, 0x0022, 0x0447, 0x0023, 0x8000, 0x8000, 0x8000, 0x8000,
    0x8000, 0x8000, 0x8000, 0x8000, 0x8000, 0x8000, 0x8000, 0x8000, 0x8000, 0x8000, 0x8000, 0x8000, 0x8000, 0x8000, 0x8000, 0x8000,
    0x8000, 0x8000, 0x8000, 0x8000, 0x8000, 0x8000, 0x8000, 0x8000, 0x8000, 0x8000, 0x8000, 0x8000, 0x8000, 0x8000, 0x8000, 0x8000,
    0x8000, 0x8000, 0x0001, 0x0022, 0x0466, 0x048C, 0x008C, 0x00AF, 0x00D2, 0x00AE, 0x0068, 0x0045, 0x0046, 0x0044, 0x0045, 0x0046,
    0x0044, 0x006A, 0x006C, 0x006C, 0x006C, 0x006C, 0x008C, 0x008D, 0x00AF, 0x00D0, 0x00D1, 0x00D2, 0x00D2, 0x00D2, 0x00F2, 0x00F2,
    0x00D2, 0x00D2, 0x00F2, 0x00F3, 0x00F3, 0x00F4, 0x00F4, 0x0115, 0x0116, 0x0115, 0x0116, 0x0115, 0x0114, 0x00F3, 0x00D1, 0x00AF,
    0x008D, 0x006A, 0x006A, 0x006A, 0x008C, 0x00AF, 0x00D2, 0x0114, 0x0116, 0x0116, 0x0115, 0x0115, 0x00F4, 0x00F4, 0x00D1, 0x008D,
    0x0069, 0x0024, 0x008B, 0x008E, 0x008C, 0x006A, 0x0069, 0x0069, 0x0048, 0x0069, 0x0069, 0x0069, 0x006B, 0x008B, 0x008C, 0x008D,
    0x0069, 0x0044, 0x8000, 0x8000, 0x8000, 0x8000, 0x8000, 0x8000, 0x8000, 0x0023, 0x0446, 0x0001, 0x8000, 0x8000, 0x8000, 0x8000,
    0x8000, 0x8000, 0x8000, 0x8000, 0x8000, 0x8000, 0x8000, 0x8000, 0x8000, 0x8000, 0x8000, 0x8000, 0x8000, 0x8000, 0x8000, 0x8000,
    0x8000, 0x8000, 0x8000, 0x8000, 0x8000, 0x8000, 0x8000, 0x8000, 0x8000, 0x8000, 0x8000, 0x8000, 0x8000, 0x8000, 0x8000, 0x8000,
    0x0422, 0x088A, 0x048B, 0x0888, 0x0489, 0x006B, 0x008D, 0x00D1, 0x00D2, 0x00AF, 0x0069, 0x0044, 0x0045, 0x0046, 0x0047, 0x0046,
    0x0024, 0x0048, 0x006B, 0x006C, 0x006C, 0x006C, 0x008C, 0x008E, 0x00AF, 0x00D0, 0x00D2, 0x00D2, 0x00D2, 0x00F3, 0x00F3, 0x00F3,
    0x00F3, 0x00F4, 0x0115, 0x0115, 0x0115, 0x0115, 0x00F5, 0x0115, 0x00F4, 0x00F3, 0x00D2, 0x00B0, 0x00AE, 0x008B, 0x008B, 0x008C,
    0x00AF, 0x00F2, 0x00F3, 0x00F4, 0x0115, 0x0116, 0x0115, 0x0115, 0x0115, 0x0115, 0x00F4, 0x00F3, 0x00F3, 0x00D2, 0x00B0, 0x008C,
    0x006A, 0x0045, 0x0044, 0x0048, 0x0048, 0x006B, 0x008D, 0x00AE, 0x00D0, 0x00D2, 0x00D2, 0x00D2, 0x00D2, 0x00D1, 0x00D1, 0x00AF,
    0x008E, 0x008C, 0x0069, 0x0045, 0x8000, 0x8000, 0x8000, 0x8000, 0x8000, 0x0424, 0x0025, 0x8000, 0x8000, 0x8000, 0x8000, 0x8000,
    0x8000, 0x8000, 0x8000, 0x8000, 0x8000, 0x8000, 0x8000, 0x8000, 0x8000, 0x8000, 0x8000, 0x8000, 0x8000, 0x8000, 0x8000, 0x8000,
    0x8000, 0x8000, 0x8000, 0x8000, 0x8000, 0x8000, 0x8000, 0x8000, 0x8000, 0x8000, 0x8000, 0x8000, 0x8000, 0x8000, 0x8000, 0x8000,
    0x048B, 0x048D, 0x0469, 0x0468, 0x006B, 0x006B, 0x008C, 0x00D1, 0x00F4, 0x00B0, 0x006A, 0x0045, 0x0045, 0x0047, 0x0069, 0x0048,
    0x0045, 0x0046, 0x006A, 0x006B, 0x006C, 0x006C, 0x008C, 0x00AE, 0x00AF, 0x00B0, 0x00D2, 0x00F2, 0x00F2, 0x00F3, 0x00F4, 0x00F3,
    0x00F3, 0x00F4, 0x00F4, 0x00F4, 0x00F4, 0x00D2, 0x00D1, 0x00D0, 0x00AE, 0x00AD, 0x008C, 0x008D, 0x00AE, 0x00D0, 0x00F3, 0x0115,
    0x0137, 0x0116, 0x0116, 0x0137, 0x0116, 0x0115, 0x0115, 0x00F4, 0x00F2, 0x00D2, 0x00D1, 0x00D0, 0x00AE, 0x008C, 0x006A, 0x0069,
    0x0069, 0x006A, 0x006A, 0x008D, 0x00D1, 0x00F3, 0x00F4, 0x0115, 0x0115, 0x00F4, 0x00F3, 0x00D2, 0x00B0, 0x00AE, 0x008C, 0x006A,
    0x0069, 0x0068, 0x0069, 0x0046, 0x0045, 0x0025, 0x0023, 0x8000, 0x8000, 0x0424, 0x0022, 0x8000, 0x8000, 0x8000, 0x8000, 0x8000,
    0x8000, 0x8000, 0x8000, 0x8000, 0x8000, 0x8000, 0x8000, 0x8000, 0x8000, 0x8000, 0x8000, 0x8000, 0x8000, 0x8000, 0x8000, 0x8000,
    0x8000, 0x8000, 0x8000, 0x8000, 0x8000, 0x8000, 0x8000, 0x8000, 0x8000, 0x8000, 0x8000, 0x8000, 0x8000, 0x8000, 0x8000, 0x8000,
    0x008C, 0x006A, 0x0046, 0x0069, 0x006B, 0x006B, 0x008C, 0x00D0, 0x00F4, 0x00D2, 0x008E, 0x0068, 0x0044, 0x0048, 0x006B, 0x0069,
    0x0047, 0x0046, 0x0048, 0x006A, 0x006C, 0x008C, 0x008D, 0x04AE, 0x00AF, 0x00B0, 0x00D1, 0x00D2, 0x00D2, 0x00F3, 0x00D2, 0x00D2,
    0x00D2, 0x00D1, 0x00B0, 0x00B0, 0x00AF, 0x008E, 0x008D, 0x006B, 0x008B, 0x008C, 0x00D0, 0x00F3, 0x0115, 0x0137, 0x0137, 0x0116,
    0x0116, 0x0116, 0x0116, 0x0115, 0x0115, 0x00F4, 0x00D2, 0x00D1, 0x00B0, 0x00AE, 0x008D, 0x006B, 0x006B, 0x006B, 0x008B, 0x00AD,
    0x00AF, 0x00D1, 0x00F4, 0x00F5, 0x0115, 0x0115, 0x0114, 0x00F4, 0x00F3, 0x00D1, 0x00AE, 0x008B, 0x006A, 0x0069, 0x0069, 0x006A,
    0x008B, 0x008D, 0x008D, 0x008E, 0x00AE, 0x00AE, 0x008C, 0x0069, 0x0044, 0x0023, 0x8000, 0x8000, 0x8000, 0x8000, 0x8000, 0x8000,
    0x8000, 0x8000, 0x8000, 0x8000, 0x8000, 0x8000, 0x8000, 0x8000, 0x8000, 0x8000, 0x8000, 0x8000, 0x8000, 0x8000, 0x8000, 0x8000,
    0x8000, 0x8000, 0x8000, 0x8000, 0x8000, 0x8000, 0x8000, 0x8000, 0x8000, 0x8000, 0x8000, 0x8000, 0x8000, 0x8000, 0x8000, 0x8000,
    0x006A, 0x0047, 0x0046, 0x006A, 0x006B, 0x006B, 0x008C, 0x00B0, 0x00F3, 0x0114, 0x00D0, 0x008C, 0x0047, 0x0046, 0x0069, 0x006A,
    0x0069, 0x0047, 0x0046, 0x0069, 0x006B, 0x006C, 0x008D, 0x008D, 0x008E, 0x00AF, 0x00AF, 0x00AE, 0x00AE, 0x008E, 0x008D, 0x008D,
    0x006C, 0x006B, 0x006A, 0x006A, 0x006A, 0x008B, 0x008D, 0x00B0, 0x00F3, 0x0115, 0x0116, 0x0116, 0x0116, 0x0115, 0x0115, 0x0116,
    0x0115, 0x0115, 0x00F4, 0x00F4, 0x00D2, 0x00D1, 0x00B0, 0x008E, 0x008C, 0x006A, 0x0069, 0x006B, 0x00AE, 0x00D1, 0x00D2, 0x00D2,
    0x00F4, 0x00F5, 0x00F4, 0x0115, 0x0114, 0x00F3, 0x00D2, 0x00AE, 0x006A, 0x0069, 0x0047, 0x0069, 0x008D, 0x00AF, 0x00D2, 0x00F3,
    0x00F3, 0x00F3, 0x00F3, 0x00F3, 0x00D2, 0x00D2, 0x00D2, 0x00D1, 0x00AE, 0x008B, 0x0046, 0x0001, 0x8000, 0x8000, 0x8000, 0x8000,
    0x8000, 0x8000, 0x8000, 0x8000, 0x8000, 0x8000, 0x8000, 0x8000, 0x8000, 0x8000, 0x8000, 0x8000, 0x8000, 0x8000, 0x8000, 0x8000,
    0x8000, 0x8000, 0x8000, 0x8000, 0x8000, 0x8000, 0x8000, 0x8000, 0x8000, 0x8000, 0x8000, 0x8000, 0x8000, 0x8000, 0x8000, 0x8000,
    0x0069, 0x0046, 0x0046, 0x006A, 0x006B, 0x006B, 0x006C, 0x00B0, 0x00F3, 0x0114, 0x00D2, 0x00AF, 0x006B, 0x0045, 0x0046, 0x006A,
    0x006B, 0x0068, 0x0047, 0x0047, 0x0069, 0x006A, 0x006B, 0x008C, 0x008C, 0x006C, 0x006B, 0x006B, 0x006B, 0x006B, 0x006A, 0x006A,
    0x0069, 0x0069, 0x006A, 0x008D, 0x00AF, 0x00D2, 0x00F4, 0x0115, 0x0115, 0x0116, 0x0115, 0x0115, 0x0116, 0x0116, 0x0116, 0x0116,
    0x0115, 0x00F4, 0x00D2, 0x00D1, 0x00AF, 0x008C, 0x006B, 0x006A, 0x006A, 0x008D, 0x00B0, 0x00F2, 0x00F4, 0x00F4, 0x00F4, 0x00F4,
    0x00F5, 0x0115, 0x0115, 0x00F4, 0x00D2, 0x008E, 0x006A, 0x0047, 0x0047, 0x006B, 0x00AE, 0x00D2, 0x00F4, 0x0115, 0x0115, 0x0115,
    0x0115, 0x00F4, 0x00F4, 0x0115, 0x0515, 0x00F3, 0x00D3, 0x00B0, 0x00AF, 0x00AF, 0x008E, 0x006B, 0x0047, 0x0001, 0x8000, 0x8000,
    0x8000, 0x8000, 0x8000, 0x8000, 0x8000, 0x8000, 0x8000, 0x8000, 0x8000, 0x8000, 0x8000, 0x8000, 0x8000, 0x8000, 0x8000, 0x8000,
    0x8000, 0x8000, 0x8000, 0x8000, 0x8000, 0x8000, 0x8000, 0x8000, 0x8000, 0x8000, 0x8000, 0x8000, 0x8000, 0x8000, 0x8000, 0x8000,
    0x0048, 0x0046, 0x0047, 0x006B, 0x006B, 0x006B, 0x006B, 0x00B0, 0x04F2, 0x00F4, 0x00F4, 0x00D1, 0x008E, 0x006B, 0x0046, 0x0046,
    0x0048, 0x0048, 0x0048, 0x0047, 0x0048, 0x0048, 0x0069, 0x0069, 0x0069, 0x006A, 0x0069, 0x0048, 0x0047, 0x0047, 0x0048, 0x006B,
    0x008D, 0x00D0, 0x00D1, 0x00F3, 0x00F4, 0x0115, 0x0115, 0x00F5, 0x0115, 0x0115, 0x0116, 0x0116, 0x0116, 0x0115, 0x00F4, 0x00F2,
    0x00D1, 0x00B0, 0x008E, 0x008C, 0x006B, 0x006A, 0x008B, 0x00AE, 0x00D1, 0x00F3, 0x00F3, 0x00F3, 0x00F4, 0x00F4, 0x0115, 0x00F5,
    0x0115, 0x00F4, 0x00F3, 0x00AF, 0x006B, 0x0048, 0x0047, 0x006B, 0x00AF, 0x00D1, 0x00F3, 0x00F4, 0x00F5, 0x0115, 0x0115, 0x0115,
    0x0116, 0x00F4, 0x00F4, 0x00D2, 0x00AF, 0x008D, 0x006A, 0x0068, 0x0069, 0x0069, 0x006A, 0x008C, 0x008D, 0x006C, 0x0068, 0x0023,
    0x8000, 0x8000, 0x8000, 0x8000, 0x8000, 0x8000, 0x8000, 0x8000, 0x8000, 0x8000, 0x8000, 0x8000, 0x8000, 0x8000, 0x8000, 0x8000,
    0x8000, 0x8000, 0x8000, 0x8000, 0x8000, 0x8000, 0x8000, 0x8000, 0x8000, 0x8000, 0x8000, 0x8000, 0x8000, 0x8000, 0x8000, 0x8000,
    0x0046, 0x0046, 0x0047, 0x006A, 0x006A, 0x006B, 0x006B, 0x00AE, 0x00D1, 0x00F3, 0x00F4, 0x00F3, 0x00D2, 0x00B0, 0x008E, 0x008B,
    0x0047, 0x0046, 0x0046, 0x0046, 0x0046, 0x0046, 0x0046, 0x0046, 0x0046, 0x0046, 0x0068, 0x006A, 0x008C, 0x00AE, 0x00D0, 0x00D2,
    0x00F3, 0x00F3, 0x00F4, 0x0115, 0x0116, 0x0115, 0x0115, 0x0115, 0x0116, 0x0116, 0x0116, 0x00F5, 0x00F4, 0x00F2, 0x00D0, 0x008E,
    0x008D, 0x008C, 0x006B, 0x006A, 0x008B, 0x00AF, 0x00D1, 0x00F3, 0x00F4, 0x00F4, 0x00F3, 0x00F3, 0x00F4, 0x00F4, 0x00F4, 0x00F4,
    0x00F3, 0x00B0, 0x008C, 0x0068, 0x0047, 0x008B, 0x00AF, 0x00D2, 0x00F3, 0x00F5, 0x0115, 0x0115, 0x0116, 0x0116, 0x0115, 0x0115,
    0x00F3, 0x00B0, 0x008D, 0x0069, 0x0046, 0x0024, 0x0022, 0x0021, 0x0021, 0x0021, 0x0022, 0x0044, 0x0046, 0x0069, 0x006B, 0x008B,
    0x0068, 0x0022, 0x8000, 0x8000, 0x8000, 0x8000, 0x8000, 0x8000, 0x8000, 0x8000, 0x8000, 0x8000, 0x8000, 0x8000, 0x8000, 0x8000,
    0x8000, 0x8000, 0x8000, 0x8000, 0x8000, 0x8000, 0x8000, 0x8000, 0x8000, 0x8000, 0x8000, 0x8000, 0x8000, 0x8000, 0x8000, 0x8000,
    0x0047, 0x0046, 0x0046, 0x006A, 0x006A, 0x006B, 0x006B, 0x008D, 0x00D0, 0x00F3, 0x00F3, 0x00F4, 0x00F4, 0x00F3, 0x00F3, 0x00D2,
    0x00B0, 0x00AF, 0x008C, 0x006A, 0x0069, 0x0069, 0x006A, 0x008B, 0x008C, 0x00AE, 0x00D1, 0x00D1, 0x00F3, 0x00F4, 0x0115, 0x0115,
    0x0115, 0x0115, 0x0115, 0x0116, 0x0115, 0x0115, 0x0115, 0x0116, 0x0115, 0x00F4, 0x00F3, 0x00D1, 0x00AF, 0x008E, 0x008C, 0x006B,
    0x006A, 0x0069, 0x006A, 0x00AE, 0x00D2, 0x00F4, 0x0115, 0x0115, 0x00F4, 0x00F4, 0x00F4, 0x00F4, 0x00F4, 0x00F4, 0x00F3, 0x00D1,
    0x008C, 0x0069, 0x0047, 0x0069, 0x008D, 0x00D1, 0x00F3, 0x00F4, 0x0116, 0x0116, 0x0116, 0x0116, 0x0116, 0x0116, 0x00F3, 0x00B0,
    0x008B, 0x0047, 0x0023, 0x0020, 0x0421, 0x0821, 0x0841, 0x0842, 0x0842, 0x0842, 0x0842, 0x0841, 0x0841, 0x0821, 0x0421, 0x0024,
    0x0047, 0x0046, 0x8000, 0x8000, 0x8000, 0x8000, 0x8000, 0x8000, 0x8000, 0x8000, 0x8000, 0x8000, 0x8000, 0x8000, 0x8000, 0x8000,
    0x8000, 0x8000, 0x8000, 0x8000, 0x8000, 0x8000, 0x8000, 0x8000, 0x8000, 0x8000, 0x8000, 0x8000, 0x8000, 0x8000, 0x8000, 0x8000,
    0x0048, 0x0047, 0x0045, 0x0069, 0x006A, 0x006B, 0x006B, 0x008C, 0x00AF, 0x00D2, 0x00D3, 0x00F3, 0x00F4, 0x00F4, 0x00F4, 0x00F4,
    0x00F4, 0x00F4, 0x00F3, 0x00D2, 0x00D2, 0x04D2, 0x00D1, 0x04F2, 0x00F3, 0x00F4, 0x0114, 0x00F4, 0x0115, 0x0115, 0x0115, 0x0115,
    0x0115, 0x0115, 0x0115, 0x0116, 0x0115, 0x0115, 0x00F4, 0x00F3, 0x00D2, 0x00B0, 0x00AF, 0x008E, 0x006B, 0x006B, 0x006B, 0x006A,
    0x006A, 0x008C, 0x00D1, 0x00F4, 0x0115, 0x0115, 0x0115, 0x0115, 0x00F4, 0x00F5, 0x0115, 0x00F4, 0x00F4, 0x00F3, 0x00B0, 0x006B,
    0x0047, 0x0047, 0x008C, 0x00B0, 0x00D2, 0x00F4, 0x00F4, 0x00F5, 0x0116, 0x0115, 0x0116, 0x0115, 0x00F4, 0x00D1, 0x008D, 0x0047,
    0x0022, 0x0420, 0x0821, 0x0842, 0x0C42, 0x0C63, 0x1063, 0x1063, 0x1063, 0x1063, 0x1063, 0x1062, 0x0C42, 0x0C64, 0x0CA6, 0x0CC8,
    0x090B, 0x04EC, 0x04C9, 0x0486, 0x0022, 0x8000, 0x8000, 0x8000, 0x8000, 0x8000, 0x8000, 0x8000, 0x8000, 0x8000, 0x8000, 0x8000,
    0x8000, 0x8000, 0x8000, 0x8000, 0x8000, 0x8000, 0x8000, 0x8000, 0x8000, 0x8000, 0x8000, 0x8000, 0x8000, 0x8000, 0x8000, 0x8000,
    0x0048, 0x0047, 0x0045, 0x0048, 0x006A, 0x006B, 0x006B, 0x006B, 0x008C, 0x00D0, 0x00D2, 0x00F3, 0x00F4, 0x00F4, 0x00F4, 0x00F4,
    0x00F4, 0x00F4, 0x00F4, 0x00F4, 0x0114, 0x00F4, 0x00F4, 0x0114, 0x00F4, 0x00F4, 0x0115, 0x0115, 0x0115, 0x0115, 0x00F4, 0x00F4,
    0x0114, 0x0115, 0x0115, 0x0115, 0x00F4, 0x00F2, 0x00D1, 0x00AF, 0x008C, 0x006B, 0x006B, 0x006B, 0x006B, 0x006A, 0x006A, 0x008C,
    0x00AF, 0x00F4, 0x0116, 0x0116, 0x0115, 0x0115, 0x0115, 0x0115, 0x00F5, 0x00F4, 0x00F4, 0x00F3, 0x00D2, 0x00AF, 0x006A, 0x0046,
    0x006A, 0x008D, 0x00D0, 0x00F3, 0x00F4, 0x00F4, 0x00F4, 0x0115, 0x0115, 0x0115, 0x00F4, 0x00D1, 0x008E, 0x0069, 0x0023, 0x0420,
    0x0821, 0x0842, 0x0C63, 0x1063, 0x1063, 0x1484, 0x1484, 0x1484, 0x1484, 0x1463, 0x1063, 0x10C8, 0x1190, 0x11F5, 0x1658, 0x1659,
    0x1258, 0x1238, 0x1217, 0x0DF6, 0x0D92, 0x04EA, 0x0022, 0x8000, 0x8000, 0x8000, 0x8000, 0x8000, 0x8000, 0x8000, 0x8000, 0x8000,
    0x8000, 0x8000, 0x8000, 0x8000, 0x8000, 0x8000, 0x8000, 0x8000, 0x8000, 0x8000, 0x8000, 0x8000, 0x8000, 0x8000, 0x8000, 0x8000,
    0x0069, 0x0047, 0x0044, 0x0047, 0x0069, 0x006B, 0x006A, 0x006A, 0x006C, 0x00AF, 0x00D2, 0x00F3, 0x00F4, 0x00F4, 0x00F4, 0x00F4,
    0x00F4, 0x00F4, 0x00F4, 0x00F4, 0x0115, 0x0115, 0x0115, 0x0516, 0x0115, 0x00F4, 0x0115, 0x0115, 0x00F4, 0x00F4, 0x00F4, 0x00F4,
    0x00F4, 0x00F4, 0x00F3, 0x00D1, 0x00AF, 0x008E, 0x008C, 0x006B, 0x006C, 0x006C, 0x006C, 0x006A, 0x0069, 0x006A, 0x008D, 0x00D2,
    0x0115, 0x0115, 0x0115, 0x0116, 0x0115, 0x0115, 0x00F4, 0x0115, 0x0115, 0x00F4, 0x00F3, 0x00D1, 0x008E, 0x0048, 0x0047, 0x006B,
    0x008E, 0x00D0, 0x00F3, 0x00F4, 0x00F4, 0x00F4, 0x0115, 0x0116, 0x0115, 0x00F3, 0x00AF, 0x008B, 0x0046, 0x0021, 0x0421, 0x0842,
    0x0C63, 0x1063, 0x1484, 0x1484, 0x1484, 0x1484, 0x1484, 0x1884, 0x1463, 0x0CC8, 0x11D2, 0x1A9A, 0x1A9B, 0x1A7A, 0x1659, 0x1679,
    0x1A79, 0x1A79, 0x1E9A, 0x1A79, 0x1A79, 0x1A79, 0x1637, 0x092D, 0x0022, 0x8000, 0x8000, 0x8000, 0x8000, 0x8000, 0x8000, 0x8000,
    0x8000, 0x8000, 0x8000, 0x8000, 0x8000, 0x8000, 0x8000, 0x8000, 0x8000, 0x8000, 0x8000, 0x8000, 0x8000, 0x8000, 0x8000, 0x8000,
    0x006A, 0x0068, 0x0045, 0x0046, 0x0068, 0x006B, 0x006A, 0x006A, 0x006B, 0x008C, 0x00B0, 0x04F3, 0x00F4, 0x00F4, 0x00F4, 0x00F4,
    0x00F4, 0x00F4, 0x00F4, 0x0114, 0x0115, 0x0115, 0x0115, 0x0115, 0x0115, 0x00F4, 0x00F4, 0x00F4, 0x00F4, 0x00F4, 0x00F4, 0x00F2,
    0x00D1, 0x00D0, 0x00AF, 0x00AF, 0x008E, 0x008E, 0x008C, 0x006C, 0x006C, 0x006A, 0x0069, 0x0069, 0x006B, 0x00B0, 0x00F4, 0x0115,
    0x0116, 0x0115, 0x0115, 0x0115, 0x00F4, 0x00F4, 0x00F4, 0x00F4, 0x00F4, 0x00F3, 0x00D0, 0x008C, 0x0047, 0x0068, 0x006B, 0x00AF,
    0x00D2, 0x00F3, 0x00F3, 0x00F4, 0x00F5, 0x00F4, 0x0115, 0x00F4, 0x00D2, 0x008D, 0x0069, 0x0024, 0x0420, 0x0821, 0x0842, 0x1063,
    0x1484, 0x1484, 0x1484, 0x1484, 0x1484, 0x18A5, 0x1884, 0x1084, 0x15B1, 0x1A9A, 0x1EBB, 0x1A7A, 0x1679, 0x1A9A, 0x22DC, 0x229A,
    0x1A58, 0x11F5, 0x0DB3, 0x0971, 0x0950, 0x0D91, 0x0DB3, 0x0DD5, 0x0DB3, 0x0087, 0x8000, 0x8000, 0x8000, 0x8000, 0x8000, 0x8000,
    0x8000, 0x8000, 0x8000, 0x8000, 0x8000, 0x8000, 0x8000, 0x8000, 0x8000, 0x8000, 0x8000, 0x8000, 0x8000, 0x8000, 0x8000, 0x8000,
    0x006B, 0x0069, 0x0047, 0x0045, 0x0047, 0x006A, 0x006B, 0x006B, 0x006B, 0x006B, 0x008E, 0x04D0, 0x00F3, 0x00F4, 0x00F4, 0x00F4,
    0x00F4, 0x00F4, 0x00F4, 0x00F4, 0x00F4, 0x00F4, 0x00F4, 0x00F4, 0x00F4, 0x00F4, 0x00F3, 0x00D2, 0x00D2, 0x00D2, 0x00D1, 0x00D1,
    0x00B0, 0x00B0, 0x008E, 0x008D, 0x008D, 0x008D, 0x006B, 0x006A, 0x0068, 0x0069, 0x006A, 0x00AE, 0x04F3, 0x0115, 0x0116, 0x0116,
    0x0116, 0x0115, 0x00F4, 0x00F4, 0x00F4, 0x00F4, 0x00F4, 0x00F4, 0x00F3, 0x00B0, 0x008D, 0x0048, 0x0068, 0x008C, 0x00B0, 0x00D2,
    0x00F4, 0x00F4, 0x0115, 0x0115, 0x00F4, 0x0115, 0x00F4, 0x00B0, 0x008C, 0x0048, 0x0023, 0x0421, 0x0842, 0x0C42, 0x1063, 0x1484,
    0x1884, 0x1484, 0x1484, 0x1484, 0x18A5, 0x1483, 0x10A6, 0x1A37, 0x1EDD, 0x1EBB, 0x22BB, 0x1E9A, 0x22DC, 0x1E99, 0x15F5, 0x0971,
    0x052F, 0x04EC, 0x00CB, 0x04EB, 0x050D, 0x050D, 0x052E, 0x052E, 0x0992, 0x0DB3, 0x0065, 0x8000, 0x8000, 0x8000, 0x8000, 0x8000,
    0x8000, 0x8000, 0x8000, 0x8000, 0x8000, 0x8000, 0x8000, 0x8000, 0x8000, 0x8000, 0x8000, 0x8000, 0x8000, 0x8000, 0x8000, 0x8000,
    0x006B, 0x006A, 0x0048, 0x0045, 0x0046, 0x006A, 0x006B, 0x006B, 0x006B, 0x006B, 0x008C, 0x00AE, 0x00D1, 0x00F3, 0x00F3, 0x00F3,
    0x00F3, 0x00F4, 0x00F4, 0x00F4, 0x00F4, 0x00F4, 0x00F3, 0x00F4, 0x00F3, 0x00D3, 0x00D2, 0x00D1, 0x00D1, 0x00D0, 0x00D0, 0x00AF,
    0x00AF, 0x008E, 0x006C, 0x006B, 0x006B, 0x006A, 0x0069, 0x0048, 0x0069, 0x008C, 0x00AE, 0x00F3, 0x0116, 0x0116, 0x0115, 0x0116,
    0x0115, 0x00F5, 0x00F4, 0x00F4, 0x00F4, 0x00F4, 0x00F3, 0x00F3, 0x00D1, 0x008D, 0x0048, 0x0068, 0x008C, 0x00AF, 0x00D2, 0x00F4,
    0x00F4, 0x00F4, 0x0115, 0x0115, 0x0115, 0x00F3, 0x00B0, 0x006B, 0x0048, 0x0022, 0x0420, 0x0842, 0x0C42, 0x1063, 0x1484, 0x1884,
    0x1484, 0x1884, 0x1484, 0x18A5, 0x1463, 0x10E9, 0x1A79, 0x22DC, 0x1E9A, 0x1EBB, 0x26FC, 0x26DC, 0x1E57, 0x0950, 0x00EC, 0x04C9,
    0x0486, 0x0442, 0x0421, 0x0021, 0x0021, 0x0066, 0x04C9, 0x050D, 0x052E, 0x0970, 0x0970, 0x8000, 0x8000, 0x8000, 0x8000, 0x8000,
    0x8000, 0x8000, 0x8000, 0x8000, 0x8000, 0x8000, 0x8000, 0x8000, 0x8000, 0x8000, 0x8000, 0x8000, 0x8000, 0x8000, 0x8000, 0x8000,
    0x006A, 0x006A, 0x0069, 0x0046, 0x0046, 0x0069, 0x006A, 0x006B, 0x006B, 0x006B, 0x006B, 0x006B, 0x008E, 0x00B0, 0x00D2, 0x00F2,
    0x00F3, 0x00F3, 0x00F3, 0x00F4, 0x00F4, 0x00F3, 0x00F3, 0x00F3, 0x00F2, 0x00D2, 0x00D2, 0x00D2, 0x00D1, 0x00B0, 0x00AF, 0x008D,
    0x006C, 0x006B, 0x006C, 0x006A, 0x0069, 0x0068, 0x0068, 0x006B, 0x008D, 0x00B0, 0x00F4, 0x0116, 0x0115, 0x0116, 0x0115, 0x0115,
    0x0115, 0x00F4, 0x00F4, 0x00F4, 0x00F4, 0x00F3, 0x00F3, 0x00D1, 0x008D, 0x006A, 0x0047, 0x006B, 0x00AF, 0x00D2, 0x00F3, 0x00F4,
    0x00F4, 0x0115, 0x0114, 0x0114, 0x00F3, 0x00AF, 0x006A, 0x0049, 0x0024, 0x0420, 0x0842, 0x0842, 0x1063, 0x1484, 0x1884, 0x18A5,
    0x18A4, 0x1484, 0x14A5, 0x1483, 0x10E9, 0x1A9A, 0x26FD, 0x22DC, 0x22DC, 0x26FC, 0x2ADB, 0x11D4, 0x010E, 0x00A8, 0x0442, 0x0820,
    0x0821, 0x0821, 0x0821, 0x0421, 0x8000, 0x0021, 0x0043, 0x0044, 0x04CA, 0x050D, 0x0971, 0x0044, 0x8000, 0x8000, 0x8000, 0x8000,
    0x8000, 0x8000, 0x8000, 0x8000, 0x8000, 0x8000, 0x8000, 0x8000, 0x8000, 0x8000, 0x8000, 0x8000, 0x8000, 0x8000, 0x8000, 0x8000,
    0x006A, 0x006B, 0x006A, 0x0047, 0x0046, 0x0047, 0x006A, 0x006B, 0x006B, 0x006B, 0x006B, 0x006B, 0x006C, 0x008D, 0x00AF, 0x00D1,
    0x00D2, 0x00F2, 0x00F3, 0x00F3, 0x00F3, 0x00F3, 0x00F3, 0x00F3, 0x00F2, 0x00D2, 0x00D1, 0x00AF, 0x008E, 0x008D, 0x006C, 0x006B,
    0x006B, 0x006A, 0x0068, 0x0047, 0x0068, 0x006A, 0x006C, 0x00AE, 0x00D1, 0x00F4, 0x0115, 0x00F4, 0x00F4, 0x00F3, 0x0115, 0x0116,
    0x0115, 0x00F4, 0x00F4, 0x00F4, 0x00F4, 0x00F3, 0x00D1, 0x008E, 0x006A, 0x0048, 0x006B, 0x00AE, 0x00D2, 0x00F3, 0x00F4, 0x00F4,
    0x00F4, 0x00F4, 0x00F4, 0x00F3, 0x00AF, 0x006B, 0x0069, 0x0045, 0x0420, 0x0842, 0x0842, 0x0C63, 0x1484, 0x1484, 0x18A5, 0x18A5,
    0x1484, 0x14A5, 0x1483, 0x10C8, 0x2AFC, 0x26FD, 0x22DC, 0x26FC, 0x2B1D, 0x1E79, 0x0971, 0x00CB, 0x0464, 0x0421, 0x0821, 0x0842,
    0x0842, 0x0842, 0x0842, 0x0821, 0x0821, 0x0421, 0x0021, 0x0065, 0x0086, 0x04EC, 0x054F, 0x04CA, 0x8000, 0x8000, 0x8000, 0x8000,
    0x8000, 0x8000, 0x8000, 0x8000, 0x8000, 0x8000, 0x8000, 0x8000, 0x8000, 0x8000, 0x8000, 0x8000, 0x8000, 0x8000, 0x8000, 0x8000,
    0x006A, 0x008B, 0x006B, 0x0069, 0x0046, 0x0046, 0x0069, 0x006A, 0x006B, 0x006B, 0x006B, 0x006B, 0x006B, 0x006B, 0x006C, 0x008C,
    0x008D, 0x00AF, 0x00B0, 0x00D1, 0x00D1, 0x00D1, 0x00D1, 0x00D1, 0x00AF, 0x008E, 0x008D, 0x006C, 0x006B, 0x006B, 0x006B, 0x006B,
    0x0069, 0x0047, 0x0046, 0x0069, 0x008C, 0x008E, 0x00D1, 0x00F3, 0x00F4, 0x00F4, 0x00F3, 0x00F2, 0x00F3, 0x00F4, 0x0115, 0x0114,
    0x00F4, 0x00F4, 0x00F4, 0x00F4, 0x00F4, 0x00F2, 0x00AF, 0x006B, 0x0047, 0x006A, 0x00AE, 0x00D2, 0x00F3, 0x00F4, 0x00F4, 0x00F4,
    0x00F4, 0x00F4, 0x00D3, 0x00AE, 0x0069, 0x0069, 0x0047, 0x0021, 0x0821, 0x0842, 0x0C62, 0x1063, 0x1484, 0x1484, 0x18A5, 0x1484,
    0x14A5, 0x1883, 0x10A6, 0x1E99, 0x2B1D, 0x2AFC, 0x26FC, 0x333E, 0x2278, 0x054F, 0x00A9, 0x0422, 0x0420, 0x0842, 0x0821, 0x0421,
    0x0821, 0x0842, 0x0C42, 0x0C62, 0x0C62, 0x0C43, 0x0821, 0x0022, 0x0086, 0x00A9, 0x052E, 0x052D, 0x8000, 0x8000, 0x8000, 0x8000,
    0x8000, 0x8000, 0x8000, 0x8000, 0x8000, 0x8000, 0x8000, 0x8000, 0x8000, 0x8000, 0x8000, 0x8000, 0x8000, 0x8000, 0x8000, 0x8000,
    0x006B, 0x008C, 0x008C, 0x006B, 0x0068, 0x0045, 0x0046, 0x0069, 0x006B, 0x006C, 0x008C, 0x006C, 0x006B, 0x006B, 0x006B, 0x006B,
    0x006B, 0x006C, 0x008D, 0x008D, 0x008E, 0x008E, 0x008E, 0x008D, 0x008C, 0x006B, 0x006B, 0x006A, 0x006B, 0x006A, 0x0069, 0x0048,
    0x0047, 0x0069, 0x008C, 0x008E, 0x00D0, 0x00F3, 0x00F4, 0x00F4, 0x00F3, 0x00D1, 0x00D1, 0x00F3, 0x00F4, 0x0115, 0x00F4, 0x00F3,
    0x00F3, 0x00F4, 0x00F4, 0x00F3, 0x00D2, 0x00AF, 0x006C, 0x0047, 0x0048, 0x008D, 0x00D1, 0x00F4, 0x00F4, 0x00F4, 0x00F4, 0x00F4,
    0x00F4, 0x00D2, 0x00AF, 0x006A, 0x0069, 0x0069, 0x0022, 0x0421, 0x0842, 0x0C62, 0x1063, 0x1484, 0x1484, 0x1484, 0x18A4, 0x18A5,
    0x1884, 0x1085, 0x1E57, 0x2B3E, 0x26FC, 0x26FC, 0x2F1D, 0x2699, 0x052E, 0x0487, 0x0421, 0x0821, 0x0842, 0x0821, 0x0842, 0x0C42,
    0x1063, 0x1083, 0x1484, 0x1063, 0x1063, 0x1063, 0x0C63, 0x0841, 0x0442, 0x0088, 0x050D, 0x052E, 0x8000, 0x8000, 0x8000, 0x8000,
    0x8000, 0x8000, 0x8000, 0x8000, 0x8000, 0x8000, 0x8000, 0x8000, 0x8000, 0x8000, 0x8000, 0x8000, 0x8000, 0x8000, 0x8000, 0x8000,
    0x006B, 0x008C, 0x008D, 0x008C, 0x006A, 0x0047, 0x0045, 0x0047, 0x0069, 0x006B, 0x008C, 0x008C, 0x006C, 0x006C, 0x006C, 0x006C,
    0x006C, 0x006C, 0x008C, 0x008C, 0x006C, 0x006B, 0x006C, 0x006B, 0x006B, 0x006B, 0x006A, 0x006A, 0x0069, 0x0047, 0x0048, 0x0069,
    0x008C, 0x00AE, 0x00B0, 0x00D2, 0x00F4, 0x00F4, 0x00F4, 0x00F2, 0x00D1, 0x00D1, 0x00F3, 0x00F4, 0x00F4, 0x00F4, 0x00F3, 0x00F3,
    0x00F4, 0x00F4, 0x00F4, 0x00D2, 0x00B0, 0x008D, 0x006A, 0x0046, 0x006B, 0x00AF, 0x00F3, 0x00F4, 0x00F4, 0x00F4, 0x00F4, 0x00F3,
    0x00F3, 0x00AF, 0x006B, 0x006A, 0x006A, 0x0045, 0x0421, 0x0841, 0x0C42, 0x1063, 0x1084, 0x1483, 0x1484, 0x1484, 0x1484, 0x18A5,
    0x1063, 0x11B1, 0x271E, 0x26FC, 0x26DC, 0x2F1D, 0x26BA, 0x0550, 0x0086, 0x0420, 0x0842, 0x0842, 0x0841, 0x0842, 0x0C62, 0x1083,
    0x18A4, 0x1484, 0x1484, 0x1484, 0x1063, 0x1063, 0x1063, 0x1063, 0x0C42, 0x0442, 0x050C, 0x050D, 0x0001, 0x8000, 0x8000, 0x8000,
    0x8000, 0x8000, 0x8000, 0x8000, 0x8000, 0x8000, 0x8000, 0x8000, 0x8000, 0x8000, 0x8000, 0x8000, 0x8000, 0x8000, 0x8000, 0x8000,
    0x006B, 0x008C, 0x008E, 0x008E, 0x006A, 0x0068, 0x0046, 0x0045, 0x0047, 0x0069, 0x006A, 0x006B, 0x006C, 0x008C, 0x006C, 0x006C,
    0x008C, 0x006C, 0x006B, 0x006C, 0x006B, 0x006B, 0x006B, 0x006B, 0x006B, 0x0069, 0x0048, 0x0068, 0x0069, 0x006A, 0x008C, 0x008D,
    0x00AF, 0x00D0, 0x00F3, 0x00F4, 0x00F4, 0x00F4, 0x00D2, 0x00D0, 0x00D1, 0x00F3, 0x00F4, 0x00F4, 0x00F4, 0x00F3, 0x00F3, 0x00F4,
    0x00F4, 0x00F4, 0x00F3, 0x00D1, 0x008E, 0x006B, 0x0047, 0x0069, 0x008E, 0x00D2, 0x00F4, 0x00F3, 0x00F4, 0x00F4, 0x00F4, 0x00F3,
    0x00D1, 0x008C, 0x006B, 0x006B, 0x0069, 0x0022, 0x0421, 0x0842, 0x1063, 0x1063, 0x1063, 0x1083, 0x1484, 0x1484, 0x1484, 0x1483,
    0x0D0B, 0x1A9B, 0x1EBB, 0x26DC, 0x2B1D, 0x26BA, 0x0551, 0x0487, 0x0421, 0x0842, 0x0822, 0x0842, 0x0C42, 0x1063, 0x1083, 0x1484,
    0x1484, 0x1484, 0x1884, 0x18A4, 0x1884, 0x1484, 0x1063, 0x1063, 0x0C63, 0x0C41, 0x0465, 0x050C, 0x0022, 0x8000, 0x8000, 0x8000,
    0x8000, 0x8000, 0x8000, 0x8000, 0x8000, 0x8000, 0x8000, 0x8000, 0x8000, 0x8000, 0x8000, 0x8000, 0x8000, 0x8000, 0x8000, 0x8000,
    0x006B, 0x008C, 0x00AE, 0x00AF, 0x006B, 0x006B, 0x006A, 0x0046, 0x0046, 0x0047, 0x0047, 0x0069, 0x006A, 0x006B, 0x006B, 0x006B,
    0x006B, 0x006A, 0x0069, 0x006A, 0x006A, 0x006A, 0x006B, 0x006A, 0x006A, 0x006A, 0x006A, 0x006A, 0x006B, 0x008D, 0x00AF, 0x00D2,
    0x00F3, 0x00F3, 0x00F4, 0x00F4, 0x00F3, 0x00D1, 0x00D0, 0x00D1, 0x00F3, 0x00F4, 0x00F4, 0x00F4, 0x00F2, 0x00D1, 0x00F3, 0x0114,
    0x00F4, 0x00F3, 0x00D1, 0x008E, 0x006C, 0x0069, 0x0047, 0x008C, 0x00D1, 0x00F3, 0x00F4, 0x00F3, 0x00F4, 0x00F4, 0x00F3, 0x00D1,
    0x008C, 0x006B, 0x008D, 0x006A, 0x0045, 0x0420, 0x0842, 0x0C42, 0x0C63, 0x1063, 0x1063, 0x1083, 0x1484, 0x1484, 0x1484, 0x0C85,
    0x1658, 0x167A, 0x1A7A, 0x22DC, 0x26DB, 0x0992, 0x00A9, 0x0421, 0x0842, 0x0421, 0x0842, 0x0C42, 0x1063, 0x1484, 0x1884, 0x18A4,
    0x18A4, 0x18A4, 0x18A5, 0x18A4, 0x18A4, 0x18A5, 0x1884, 0x1484, 0x1063, 0x1063, 0x0841, 0x0065, 0x0021, 0x8000, 0x8000, 0x8000,
    0x8000, 0x8000, 0x8000, 0x8000, 0x8000, 0x8000, 0x8000, 0x8000, 0x8000, 0x8000, 0x8000, 0x8000, 0x8000, 0x8000, 0x8000, 0x8000,
    0x006B, 0x006B, 0x00AE, 0x00B0, 0x00AF, 0x008D, 0x006A, 0x006A, 0x0046, 0x0046, 0x0047, 0x0047, 0x0048, 0x0047, 0x0048, 0x0048,
    0x0048, 0x0068, 0x0069, 0x0069, 0x006A, 0x006B, 0x006B, 0x006B, 0x006B, 0x006B, 0x008C, 0x008E, 0x00AF, 0x00D1, 0x00F3, 0x00F4,
    0x00F4, 0x00F4, 0x00F4, 0x00D3, 0x00D1, 0x00B0, 0x04D1, 0x00F3, 0x00F4, 0x00F4, 0x00F4, 0x00D2, 0x00B0, 0x00F3, 0x00F4, 0x00F4,
    0x00F3, 0x00D2, 0x00B0, 0x008C, 0x006A, 0x0047, 0x006A, 0x00AF, 0x00F3, 0x00F4, 0x00F3, 0x00F4, 0x00F4, 0x00F4, 0x00D2, 0x008E,
    0x006B, 0x00AF, 0x008D, 0x0069, 0x0022, 0x0421, 0x0842, 0x0C42, 0x1063, 0x1063, 0x1063, 0x1063, 0x1063, 0x1484, 0x1062, 0x0D70,
    0x167A, 0x1658, 0x1679, 0x22DC, 0x11F5, 0x00CA, 0x0421, 0x0821, 0x0842, 0x0842, 0x0C63, 0x1063, 0x1484, 0x1884, 0x18A4, 0x18A4,
    0x18A5, 0x18A5, 0x18A5, 0x18A5, 0x18A5, 0x18A5, 0x18A5, 0x1884, 0x1484, 0x1063, 0x1063, 0x0842, 0x8000, 0x8000, 0x8000, 0x8000,
    0x8000, 0x8000, 0x8000, 0x8000, 0x8000, 0x8000, 0x8000, 0x8000, 0x8000, 0x8000, 0x8000, 0x8000, 0x8000, 0x8000, 0x8000, 0x8000,
    0x006B, 0x006C, 0x008D, 0x00D0, 0x00D1, 0x00B0, 0x008D, 0x006A, 0x0069, 0x0047, 0x0046, 0x0046, 0x0046, 0x0046, 0x0047, 0x0046,
    0x0046, 0x0047, 0x0068, 0x006A, 0x006A, 0x006C, 0x006C, 0x006C, 0x008C, 0x008D, 0x00D0, 0x00D2, 0x00F4, 0x00F4, 0x00F4, 0x00F4,
    0x00F4, 0x00F3, 0x00D2, 0x00B0, 0x00B0, 0x00D1, 0x00F3, 0x00F4, 0x00F4, 0x00F4, 0x00D2, 0x00D0, 0x00D2, 0x00F4, 0x00F4, 0x00F4,
    0x00F3, 0x00D1, 0x00AE, 0x006B, 0x0047, 0x0047, 0x008D, 0x00D2, 0x00F4, 0x00F4, 0x00F4, 0x00F4, 0x00F4, 0x00D2, 0x00AF, 0x008D,
    0x00AE, 0x00AF, 0x008C, 0x0047, 0x0420, 0x0821, 0x0842, 0x0C63, 0x0C63, 0x0C62, 0x0C63, 0x1063, 0x1063, 0x1062, 0x0CC8, 0x1237,
    0x1237, 0x1237, 0x1A9A, 0x1A37, 0x00EC, 0x0443, 0x0421, 0x0842, 0x0841, 0x0C42, 0x1083, 0x1484, 0x1884, 0x1884, 0x1884, 0x18A5,
    0x18A5, 0x18A5, 0x18A5, 0x18A4, 0x18A5, 0x18A5, 0x18A5, 0x18A5, 0x1484, 0x1484, 0x1484, 0x1063, 0x0841, 0x8000, 0x8000, 0x8000,
    0x8000, 0x8000, 0x8000, 0x8000, 0x8000, 0x8000, 0x8000, 0x8000, 0x8000, 0x8000, 0x8000, 0x8000, 0x8000, 0x8000, 0x8000, 0x8000,
    0x006B, 0x006B, 0x008D, 0x00AF, 0x00D1, 0x00D1, 0x00AF, 0x008C, 0x006B, 0x006A, 0x0048, 0x0047, 0x0047, 0x0047, 0x0047, 0x0047,
    0x0048, 0x0048, 0x0069, 0x006B, 0x006C, 0x006C, 0x006C, 0x008D, 0x00B0, 0x00D2, 0x00F4, 0x00F4, 0x00F4, 0x00F4, 0x00F4, 0x00F3,
    0x00D2, 0x00D1, 0x00AF, 0x00AF, 0x00D1, 0x00F3, 0x00F4, 0x00F4, 0x00F3, 0x00D2, 0x00AF, 0x00D0, 0x00F3, 0x00F4, 0x00F4, 0x00F3,
    0x00D2, 0x00AE, 0x008C, 0x0069, 0x0047, 0x006A, 0x00AF, 0x00F4, 0x00F4, 0x00F4, 0x00F4, 0x00F4, 0x00F3, 0x00D0, 0x008D, 0x008E,
    0x00D1, 0x008E, 0x006A, 0x0024, 0x0421, 0x0822, 0x0C42, 0x0C62, 0x0C42, 0x0C63, 0x1063, 0x0C63, 0x1063, 0x0C63, 0x0DB3, 0x1238,
    0x1216, 0x1238, 0x1E79, 0x052F, 0x0065, 0x0420, 0x0842, 0x0821, 0x0C42, 0x1063, 0x1484, 0x1484, 0x18A4, 0x1884, 0x1884, 0x18A5,
    0x18A4, 0x1884, 0x18A4, 0x18A4, 0x18A5, 0x18A5, 0x18A5, 0x18A5, 0x18A5, 0x18A5, 0x1884, 0x1084, 0x1063, 0x0821, 0x8000, 0x8000,
    0x8000, 0x8000, 0x8000, 0x8000, 0x8000, 0x8000, 0x8000, 0x8000, 0x8000, 0x8000, 0x8000, 0x8000, 0x8000, 0x8000, 0x8000, 0x8000,
    0x006A, 0x006A, 0x008C, 0x00AE, 0x00D1, 0x04F3, 0x00F3, 0x00D0, 0x008D, 0x006B, 0x006B, 0x006B, 0x0069, 0x0069, 0x0069, 0x006A,
    0x006B, 0x006B, 0x006B, 0x006B, 0x006C, 0x008D, 0x00B0, 0x00F3, 0x00F4, 0x00F4, 0x00F4, 0x00F4, 0x00F4, 0x00F4, 0x00F3, 0x00D1,
    0x00B0, 0x00AF, 0x00AF, 0x00B0, 0x00F3, 0x00F4, 0x00F4, 0x00F3, 0x00D2, 0x00AF, 0x00AF, 0x00D1, 0x00F4, 0x00F4, 0x00F4, 0x00D2,
    0x00AF, 0x008C, 0x006B, 0x0047, 0x0068, 0x008D, 0x00D1, 0x00F4, 0x0115, 0x00F4, 0x00F4, 0x00F4, 0x00D1, 0x008D, 0x008E, 0x00D1,
    0x00B0, 0x008D, 0x0068, 0x0421, 0x0821, 0x0842, 0x0842, 0x0C42, 0x0C42, 0x0C63, 0x0C63, 0x0C63, 0x0C41, 0x0D0A, 0x1238, 0x1216,
    0x0E16, 0x1A79, 0x0DD4, 0x00A9, 0x0421, 0x0821, 0x0821, 0x0842, 0x0C63, 0x1484, 0x1484, 0x1484, 0x1884, 0x18A4, 0x18A5, 0x18A5,
    0x18A5, 0x18A4, 0x18A4, 0x18A5, 0x18A5, 0x18A5, 0x18A5, 0x18A5, 0x18A5, 0x18A5, 0x18A5, 0x1484, 0x1484, 0x1063, 0x0821, 0x8000,
    0x8000, 0x8000, 0x8000, 0x8000, 0x8000, 0x8000, 0x8000, 0x8000, 0x8000, 0x8000, 0x8000, 0x8000, 0x8000, 0x8000, 0x8000, 0x8000,
    0x0069, 0x006B, 0x006B, 0x008E, 0x00B0, 0x04F3, 0x00F4, 0x00F3, 0x00D1, 0x008E, 0x008D, 0x006B, 0x006B, 0x006B, 0x006B, 0x006B,
    0x006B, 0x006B, 0x008D, 0x00AE, 0x00D1, 0x00F3, 0x00F4, 0x00F4, 0x00F4, 0x00F4, 0x00F4, 0x00F4, 0x00F4, 0x00F3, 0x00D1, 0x00B0,
    0x00AF, 0x00AE, 0x00B0, 0x00F3, 0x00F4, 0x00F4, 0x00F3, 0x00D2, 0x00AF, 0x00AF, 0x00D0, 0x00F3, 0x00F4, 0x00F4, 0x00F3, 0x00D1,
    0x008D, 0x006B, 0x0068, 0x0047, 0x006A, 0x008E, 0x00F3, 0x00F4, 0x00F4, 0x0114, 0x00F4, 0x00D2, 0x00AE, 0x008C, 0x00B0, 0x00D2,
    0x00AF, 0x006C, 0x0045, 0x0420, 0x0842, 0x0842, 0x0C42, 0x0C42, 0x0C42, 0x0C42, 0x0C42, 0x0C62, 0x0842, 0x0DB2, 0x1217, 0x1216,
    0x1658, 0x1637, 0x050D, 0x0443, 0x0420, 0x0842, 0x0842, 0x0C42, 0x1063, 0x1484, 0x1884, 0x1884, 0x1484, 0x18A4, 0x1884, 0x18A5,
    0x18A5, 0x18A5, 0x18A5, 0x18A5, 0x18A5, 0x18A5, 0x18A5, 0x18A5, 0x18A5, 0x18A5, 0x18A5, 0x18A5, 0x1884, 0x1484, 0x0C63, 0x0842,
    0x8000, 0x8000, 0x8000, 0x8000, 0x8000, 0x8000, 0x8000, 0x8000, 0x8000, 0x8000, 0x8000, 0x8000, 0x8000, 0x8000, 0x8000, 0x8000,
    0x0047, 0x006A, 0x006B, 0x008D, 0x00B0, 0x00D1, 0x00F3, 0x00F4, 0x00F4, 0x00D2, 0x00D1, 0x00AF, 0x008E, 0x008E, 0x008D, 0x008D,
    0x00AF, 0x00D1, 0x00D2, 0x00F3, 0x00F3, 0x00F4, 0x00F4, 0x00F4, 0x00F4, 0x00F4, 0x00F3, 0x00F3, 0x00D1, 0x00B0, 0x00AE, 0x008E,
    0x00AF, 0x04D1, 0x00F3, 0x00F3, 0x00F4, 0x00F3, 0x00D2, 0x00AF, 0x008D, 0x00AF, 0x00D2, 0x00F4, 0x00F4, 0x00F4, 0x00F3, 0x00B0,
    0x006B, 0x006B, 0x0046, 0x0068, 0x006B, 0x00B0, 0x00F4, 0x00F4, 0x00F4, 0x00F4, 0x00F3, 0x00B0, 0x006C, 0x008E, 0x00B0, 0x00D1,
    0x008D, 0x006A, 0x0022, 0x0421, 0x0842, 0x0842, 0x0842, 0x0842, 0x0C42, 0x0C42, 0x0C63, 0x0C41, 0x08C9, 0x1217, 0x11F5, 0x0DF5,
    0x1A79, 0x0991, 0x0087, 0x0421, 0x0421, 0x0821, 0x0842, 0x0C63, 0x1484, 0x1884, 0x1484, 0x1484, 0x18A4, 0x1484, 0x1884, 0x18A5,
    0x18A5, 0x18A5, 0x18A5, 0x18A5, 0x18A5, 0x18A4, 0x18A5, 0x18A5, 0x18A5, 0x18A5, 0x18A5, 0x18A5, 0x18A5, 0x1884, 0x1484, 0x0C63,
    0x0821, 0x8000, 0x8000, 0x8000, 0x8000, 0x8000, 0x8000, 0x8000, 0x8000, 0x8000, 0x8000, 0x8000, 0x8000, 0x8000, 0x8000, 0x8000,
    0x0045, 0x006A, 0x006B, 0x008C, 0x00AE, 0x00B0, 0x00F2, 0x00F4, 0x00F4, 0x00F3, 0x00F3, 0x00F3, 0x00D2, 0x00D1, 0x00D1, 0x00F2,
    0x00F3, 0x00F4, 0x00F4, 0x00F4, 0x0114, 0x00F4, 0x00F4, 0x00F3, 0x00F3, 0x00F3, 0x00D2, 0x00B0, 0x00AE, 0x008E, 0x008D, 0x008D,
    0x00B0, 0x00F3, 0x00F4, 0x00F3, 0x00D2, 0x00D0, 0x00AF, 0x008C, 0x008D, 0x00B0, 0x00F3, 0x00F4, 0x00F4, 0x0114, 0x00D1, 0x008D,
    0x006A, 0x0068, 0x0046, 0x0069, 0x008C, 0x00D1, 0x00F4, 0x00F4, 0x00F4, 0x00F3, 0x00D1, 0x008D, 0x006C, 0x00AF, 0x00D1, 0x00D0,
    0x006C, 0x0047, 0x0021, 0x0421, 0x0C42, 0x0842, 0x0842, 0x0842, 0x0842, 0x0C42, 0x0C42, 0x0842, 0x0970, 0x0DF6, 0x0DD4, 0x1216,
    0x1216, 0x04CB, 0x0442, 0x0421, 0x0842, 0x0842, 0x0842, 0x1063, 0x1484, 0x1484, 0x1484, 0x1484, 0x1484, 0x1484, 0x1884, 0x18A5,
    0x18A5, 0x18A5, 0x18A5, 0x18A5, 0x18A5, 0x18A5, 0x18A5, 0x18A5, 0x1884, 0x1484, 0x1484, 0x18A5, 0x18A5, 0x18A5, 0x18A4, 0x1484,
    0x1063, 0x0841, 0x8000, 0x8000, 0x8000, 0x8000, 0x8000, 0x8000, 0x8000, 0x8000, 0x8000, 0x8000, 0x8000, 0x8000, 0x8000, 0x8000,
    0x0044, 0x0068, 0x006B, 0x006B, 0x008D, 0x00AF, 0x00D2, 0x00F4, 0x00F4, 0x00F4, 0x00F3, 0x00F3, 0x00F4, 0x00F4, 0x00F4, 0x0114,
    0x00F4, 0x00F4, 0x00F4, 0x00F4, 0x00F4, 0x00F4, 0x00F3, 0x00D2, 0x00D1, 0x00D0, 0x00AE, 0x008D, 0x006C, 0x006C, 0x008C, 0x00AF,
    0x00D2, 0x00F4, 0x00F3, 0x00D2, 0x00B0, 0x008D, 0x006B, 0x006B, 0x04AE, 0x00D2, 0x00F4, 0x00F4, 0x00F4, 0x00F3, 0x00AF, 0x006B,
    0x006A, 0x0046, 0x0047, 0x0069, 0x008D, 0x00F2, 0x00F4, 0x00F3, 0x00F4, 0x00D2, 0x008D, 0x006B, 0x008D, 0x00B0, 0x00D1, 0x00AF,
    0x006B, 0x0025, 0x0420, 0x0842, 0x0C42, 0x0842, 0x0842, 0x0842, 0x0842, 0x0842, 0x0821, 0x08A8, 0x0DD5, 0x0DD4, 0x0DB4, 0x1658,
    0x0950, 0x0066, 0x0421, 0x0842, 0x0842, 0x0842, 0x0C42, 0x1484, 0x1484, 0x1063, 0x1484, 0x1484, 0x1484, 0x1484, 0x18A5, 0x18A5,
    0x18A5, 0x18A5, 0x18A5, 0x18A5, 0x18A5, 0x18A5, 0x18A5, 0x18A4, 0x1884, 0x1484, 0x1484, 0x1484, 0x1484, 0x1484, 0x18A4, 0x18A5,
    0x1484, 0x1063, 0x0842, 0x8000, 0x8000, 0x8000, 0x8000, 0x8000, 0x8000, 0x8000, 0x8000, 0x8000, 0x8000, 0x8000, 0x8000, 0x8000,
    0x0045, 0x0046, 0x006A, 0x006B, 0x006C, 0x00AF, 0x00D0, 0x00D1, 0x00F3, 0x00F3, 0x00F3, 0x00F3, 0x00F4, 0x00F4, 0x00F4, 0x00F3,
    0x00F4, 0x00F4, 0x00F4, 0x00F3, 0x00F3, 0x00D2, 0x00D1, 0x00B0, 0x008E, 0x008D, 0x006C, 0x006B, 0x006B, 0x008C, 0x00AF, 0x00F3,
    0x00F4, 0x00F3, 0x00D1, 0x00AF, 0x008D, 0x006C, 0x006A, 0x008C, 0x00B0, 0x00F3, 0x00F4, 0x00F4, 0x00F3, 0x00D1, 0x008D, 0x006A,
    0x0068, 0x0045, 0x0068, 0x006A, 0x00AF, 0x00F4, 0x00F4, 0x00F3, 0x00F3, 0x00B0, 0x006C, 0x006A, 0x008E, 0x00B0, 0x00B0, 0x008D,
    0x006A, 0x0022, 0x0420, 0x0842, 0x0C42, 0x0842, 0x0842, 0x0842, 0x0842, 0x0842, 0x0821, 0x092E, 0x0DD5, 0x0993, 0x0DD5, 0x11F6,
    0x00EB, 0x0442, 0x0821, 0x0842, 0x0842, 0x0842, 0x0C63, 0x1484, 0x1484, 0x1083, 0x1063, 0x1063, 0x1484, 0x1884, 0x18A5, 0x18A5,
    0x18A5, 0x18A5, 0x18A5, 0x18A5, 0x18A5, 0x18A5, 0x1884, 0x1484, 0x1484, 0x1063, 0x1063, 0x0C63, 0x0C62, 0x0C63, 0x1063, 0x1484,
    0x18A4, 0x1484, 0x1063, 0x0842, 0x8000, 0x8000, 0x8000, 0x8000, 0x8000, 0x8000, 0x8000, 0x8000, 0x8000, 0x8000, 0x8000, 0x8000,
    0x0046, 0x0045, 0x0068, 0x006B, 0x006B, 0x008D, 0x00AF, 0x00D1, 0x00D2, 0x00F3, 0x00F4, 0x00F4, 0x00F4, 0x00F4, 0x00F4, 0x00F3,
    0x00F3, 0x00F3, 0x00D2, 0x00D1, 0x00D1, 0x00AF, 0x008D, 0x008C, 0x006C, 0x006B, 0x006B, 0x006B, 0x008C, 0x00AF, 0x00F3, 0x00F4,
    0x00F3, 0x00D1, 0x00AF, 0x008D, 0x006B, 0x006A, 0x006A, 0x008E, 0x00F2, 0x00F4, 0x00F4, 0x00F4, 0x00F3, 0x00AE, 0x008C, 0x006A,
    0x0046, 0x0046, 0x006A, 0x008C, 0x00D0, 0x00F4, 0x00F4, 0x00F4, 0x00D1, 0x008E, 0x006B, 0x008C, 0x00AF, 0x00D1, 0x00AF, 0x006B,
    0x0047, 0x0021, 0x0421, 0x0842, 0x0842, 0x0842, 0x0842, 0x0842, 0x0842, 0x0821, 0x0864, 0x0992, 0x0DB3, 0x0993, 0x11F6, 0x0950,
    0x0086, 0x0421, 0x0842, 0x0842, 0x0842, 0x0C42, 0x1063, 0x1484, 0x1063, 0x0C63, 0x1063, 0x1484, 0x1484, 0x18A5, 0x18A5, 0x18A5,
    0x18A5, 0x18A5, 0x18A5, 0x18A5, 0x18A5, 0x18A5, 0x18A4, 0x1484, 0x1084, 0x1063, 0x0C63, 0x0C42, 0x0842, 0x0842, 0x0842, 0x0C42,
    0x0C63, 0x1484, 0x1484, 0x0C63, 0x0421, 0x8000, 0x8000, 0x8000, 0x8000, 0x8000, 0x8000, 0x8000, 0x8000, 0x8000, 0x8000, 0x8000,
    0x0046, 0x0045, 0x0046, 0x006A, 0x006B, 0x006C, 0x008E, 0x00B0, 0x00D1, 0x00D2, 0x00D2, 0x00F2, 0x00F3, 0x00D2, 0x00D2, 0x00D2,
    0x00D1, 0x00D1, 0x00D0, 0x00AE, 0x008D, 0x008D, 0x006B, 0x006B, 0x006B, 0x006B, 0x006C, 0x008C, 0x00AF, 0x00D2, 0x00F4, 0x00F3,
    0x00D1, 0x00AF, 0x008D, 0x006B, 0x006B, 0x0069, 0x006C, 0x00B0, 0x00F4, 0x00F4, 0x00F3, 0x00F3, 0x00D1, 0x008C, 0x006B, 0x0048,
    0x0045, 0x0047, 0x006A, 0x008D, 0x00D1, 0x00F4, 0x00F3, 0x00F3, 0x00AF, 0x008C, 0x006A, 0x008C, 0x00B0, 0x00D1, 0x008E, 0x006B,
    0x0046, 0x8000, 0x0421, 0x0842, 0x0842, 0x0842, 0x0842, 0x0842, 0x0842, 0x0821, 0x04C9, 0x0DD4, 0x0993, 0x0DD4, 0x0DF5, 0x04EC,
    0x0443, 0x0421, 0x0842, 0x0842, 0x0842, 0x0C42, 0x1063, 0x1063, 0x1063, 0x1063, 0x1063, 0x1484, 0x18A5, 0x18A5, 0x18A5, 0x18A5,
    0x18A5, 0x18A5, 0x18A5, 0x18A5, 0x18A5, 0x18A5, 0x18A5, 0x1884, 0x1484, 0x1484, 0x1063, 0x0C63, 0x0C42, 0x0842, 0x0842, 0x0842,
    0x0842, 0x0C42, 0x1063, 0x1063, 0x0421, 0x8000, 0x8000, 0x8000, 0x8000, 0x8000, 0x8000, 0x8000, 0x8000, 0x8000, 0x8000, 0x8000,
    0x0047, 0x0045, 0x0045, 0x0046, 0x006A, 0x008C, 0x006C, 0x008D, 0x00AF, 0x00D0, 0x00D1, 0x00D1, 0x00D0, 0x00B0, 0x00AF, 0x00AF,
    0x00AF, 0x00AE, 0x008C, 0x006C, 0x006B, 0x006B, 0x006C, 0x006B, 0x006B, 0x006B, 0x008C, 0x00AE, 0x00D2, 0x00F3, 0x00F3, 0x00D1,
    0x00AF, 0x008D, 0x006B, 0x006B, 0x0069, 0x006B, 0x00AE, 0x00D2, 0x00F4, 0x00F3, 0x00F4, 0x00F3, 0x00AE, 0x006C, 0x006A, 0x0045,
    0x0046, 0x0047, 0x006B, 0x00AF, 0x00D2, 0x00F4, 0x00F3, 0x00D1, 0x008D, 0x006B, 0x006B, 0x008D, 0x00D1, 0x00B0, 0x008C, 0x006A,
    0x0023, 0x0420, 0x0421, 0x0842, 0x0842, 0x0842, 0x0842, 0x0842, 0x0842, 0x0821, 0x094E, 0x0DD4, 0x0993, 0x0DD5, 0x0971, 0x0087,
    0x0420, 0x0842, 0x0842, 0x0842, 0x0842, 0x0C42, 0x1063, 0x0C63, 0x0C63, 0x1063, 0x1484, 0x18A5, 0x18A5, 0x1884, 0x1884, 0x18A5,
    0x1484, 0x1884, 0x1884, 0x18A5, 0x18A5, 0x18A5, 0x18A5, 0x18A5, 0x18A5, 0x18A4, 0x1484, 0x1063, 0x1063, 0x0C42, 0x0842, 0x0842,
    0x0842, 0x0842, 0x0C42, 0x0C62, 0x0421, 0x8000, 0x8000, 0x8000, 0x8000, 0x8000, 0x8000, 0x8000, 0x8000, 0x8000, 0x8000, 0x8000,
    0x0048, 0x0046, 0x0045, 0x0045, 0x0068, 0x006B, 0x006C, 0x008C, 0x008E, 0x00AF, 0x00AF, 0x00AF, 0x008E, 0x008E, 0x008D, 0x006C,
    0x006B, 0x006B, 0x006B, 0x006B, 0x006C, 0x006B, 0x006B, 0x006B, 0x006B, 0x006C, 0x00AF, 0x00F2, 0x00F3, 0x00F3, 0x00D1, 0x00AF,
    0x008D, 0x006B, 0x006B, 0x006A, 0x006A, 0x008D, 0x00D1, 0x00F3, 0x00F3, 0x00F3, 0x00F3, 0x00D1, 0x008C, 0x006B, 0x0068, 0x0045,
    0x0046, 0x0069, 0x006B, 0x00B0, 0x00F2, 0x00F3, 0x00D2, 0x00AF, 0x006B, 0x006A, 0x006B, 0x008E, 0x00D1, 0x00AF, 0x006B, 0x0069,
    0x0022, 0x0420, 0x0821, 0x0842, 0x0842, 0x0842, 0x0842, 0x0842, 0x0841, 0x0464, 0x0992, 0x09B3, 0x09B3, 0x0DF5, 0x050D, 0x0022,
    0x0421, 0x0842, 0x0842, 0x0842, 0x0842, 0x0C42, 0x1063, 0x0C63, 0x1063, 0x1484, 0x1484, 0x18A5, 0x18A5, 0x18A4, 0x18A4, 0x1484,
    0x1484, 0x1484, 0x1484, 0x1484, 0x18A5, 0x18A5, 0x18A5, 0x18A5, 0x18A5, 0x18A5, 0x18A4, 0x1484, 0x1084, 0x1063, 0x0C63, 0x0842,
    0x0421, 0x0421, 0x0842, 0x0C42, 0x0421, 0x8000, 0x8000, 0x8000, 0x8000, 0x8000, 0x8000, 0x8000, 0x8000, 0x8000, 0x8000, 0x8000,
    0x0069, 0x0046, 0x0046, 0x0046, 0x0045, 0x0068, 0x006B, 0x008C, 0x008C, 0x008D, 0x008D, 0x008C, 0x006B, 0x006B, 0x006B, 0x006B,
    0x006B, 0x006C, 0x006C, 0x006B, 0x006C, 0x006B, 0x006B, 0x006B, 0x006C, 0x00AF, 0x00D2, 0x00F3, 0x00F3, 0x00D2, 0x00AF, 0x008D,
    0x006C, 0x006B, 0x0069, 0x0068, 0x006B, 0x008E, 0x00F2, 0x00F3, 0x00F3, 0x00F4, 0x00D2, 0x00AE, 0x006B, 0x006B, 0x0046, 0x0045,
    0x0047, 0x006A, 0x006C, 0x00D0, 0x00F3, 0x00F3, 0x00B0, 0x008D, 0x006B, 0x006A, 0x006B, 0x00AF, 0x00D1, 0x008E, 0x006A, 0x0047,
    0x0021, 0x0421, 0x0421, 0x0842, 0x0842, 0x0842, 0x0842, 0x0842, 0x0821, 0x04C9, 0x0993, 0x0993, 0x0DD5, 0x0992, 0x00A9, 0x0421,
    0x0421, 0x0821, 0x0842, 0x0842, 0x0C42, 0x0C62, 0x1063, 0x1063, 0x1484, 0x1484, 0x18A4, 0x18A5, 0x18A5, 0x18A5, 0x1484, 0x1484,
    0x1484, 0x1063, 0x1063, 0x1063, 0x1063, 0x1484, 0x18A5, 0x18A5, 0x18A5, 0x18A5, 0x18A5, 0x1884, 0x18A5, 0x1484, 0x1063, 0x0C63,
    0x0842, 0x0841, 0x0421, 0x0842, 0x0421, 0x8000, 0x8000, 0x8000, 0x8000, 0x8000, 0x8000, 0x8000, 0x8000, 0x8000, 0x8000, 0x8000,
    0x006A, 0x0047, 0x0046, 0x0047, 0x0046, 0x0046, 0x0068, 0x006A, 0x008C, 0x008C, 0x008C, 0x006C, 0x006C, 0x006B, 0x006B, 0x006B,
    0x006C, 0x006C, 0x006B, 0x006B, 0x006A, 0x0069, 0x006A, 0x008C, 0x00B0, 0x00D2, 0x00F3, 0x00F3, 0x00D1, 0x00B0, 0x008E, 0x006B,
    0x006B, 0x0069, 0x0047, 0x0069, 0x008C, 0x00AF, 0x00F3, 0x00D2, 0x00F3, 0x00F3, 0x00D1, 0x008C, 0x006B, 0x0069, 0x0045, 0x0045,
    0x0047, 0x006A, 0x008D, 0x00D1, 0x00F3, 0x00D1, 0x00AF, 0x006B, 0x006A, 0x006A, 0x008C, 0x00B0, 0x00D0, 0x008D, 0x0069, 0x0046,
    0x0421, 0x0421, 0x0421, 0x0842, 0x0C42, 0x0842, 0x0842, 0x0842, 0x0821, 0x050D, 0x09B3, 0x09B3, 0x0DD5, 0x052E, 0x0465, 0x0400,
    0x0421, 0x0421, 0x0842, 0x0842, 0x0C42, 0x0C63, 0x1063, 0x1063, 0x1484, 0x1884, 0x18A5, 0x18A5, 0x18A5, 0x18A4, 0x1484, 0x1484,
    0x1063, 0x0C63, 0x0C42, 0x0C42, 0x0C42, 0x0C63, 0x1063, 0x1484, 0x18A5, 0x18A5, 0x18A5, 0x18A5, 0x18A5, 0x18A5, 0x1884, 0x1484,
    0x1063, 0x0842, 0x0421, 0x0841, 0x0421, 0x8000, 0x8000, 0x8000, 0x8000, 0x8000, 0x8000, 0x8000, 0x8000, 0x8000, 0x8000, 0x8000,
    0x006B, 0x0047, 0x0045, 0x0047, 0x0047, 0x0046, 0x0046, 0x0048, 0x006A, 0x006B, 0x006B, 0x008C, 0x006B, 0x006B, 0x006B, 0x006B,
    0x006A, 0x0069, 0x0069, 0x0069, 0x0069, 0x0069, 0x006B, 0x00AF, 0x00D2, 0x00F3, 0x00F3, 0x00D1, 0x00B0, 0x008D, 0x006C, 0x006B,
    0x006A, 0x0047, 0x0047, 0x006A, 0x008D, 0x00D1, 0x00F3, 0x00D2, 0x00F3, 0x00D2, 0x00AF, 0x006C, 0x006B, 0x0047, 0x0045, 0x0046,
    0x0047, 0x006A, 0x008E, 0x00D2, 0x00D2, 0x00B0, 0x008E, 0x006B, 0x0069, 0x006A, 0x008D, 0x00D0, 0x00AF, 0x008C, 0x0069, 0x0045,
    0x0421, 0x0421, 0x0421, 0x0842, 0x0C42, 0x0842, 0x0842, 0x0842, 0x0863, 0x0970, 0x0993, 0x09B4, 0x0992, 0x04EB, 0x0422, 0x0420,
    0x0421, 0x0421, 0x0821, 0x0842, 0x0842, 0x0C63, 0x1063, 0x1484, 0x1484, 0x1484, 0x18A4, 0x18A5, 0x18A5, 0x1484, 0x1884, 0x1484,
    0x1063, 0x0C63, 0x0C62, 0x0C42, 0x0842, 0x0C42, 0x0C42, 0x0C62, 0x1063, 0x1484, 0x1484, 0x18A4, 0x18A5, 0x18A5, 0x18A5, 0x18A5,
    0x1484, 0x1063, 0x0C42, 0x0841, 0x0421, 0x8000, 0x8000, 0x8000, 0x8000, 0x8000, 0x8000, 0x8000, 0x8000, 0x8000, 0x8000, 0x8000,
    0x006B, 0x0069, 0x0046, 0x0046, 0x0047, 0x0047, 0x0046, 0x0046, 0x0047, 0x0069, 0x0069, 0x006A, 0x0069, 0x0069, 0x0069, 0x0069,
    0x0068, 0x0047, 0x0047, 0x0069, 0x006B, 0x008C, 0x00AF, 0x00F3, 0x00F3, 0x00F3, 0x00D1, 0x00AF, 0x008E, 0x006C, 0x006B, 0x006A,
    0x0068, 0x0046, 0x0069, 0x006B, 0x00AE, 0x00D1, 0x00D2, 0x00F2, 0x00F2, 0x00D0, 0x008D, 0x006B, 0x006A, 0x0046, 0x0046, 0x0046,
    0x0048, 0x006B, 0x00AE, 0x00D2, 0x00D1, 0x00AF, 0x008C, 0x006A, 0x006A, 0x006B, 0x008D, 0x00B0, 0x00AF, 0x008C, 0x0068, 0x0024,
    0x0420, 0x0421, 0x0821, 0x0842, 0x0C42, 0x0C42, 0x0842, 0x0821, 0x0885, 0x0992, 0x0992, 0x0DD4, 0x0971, 0x00A9, 0x0421, 0x0421,
    0x0421, 0x0421, 0x0421, 0x0821, 0x0842, 0x0842, 0x0C63, 0x1063, 0x1484, 0x1484, 0x1884, 0x1884, 0x18A5, 0x18A5, 0x18A5, 0x1484,
    0x1484, 0x1083, 0x1063, 0x0C63, 0x0C42, 0x0842, 0x0842, 0x0842, 0x0842, 0x0C42, 0x1063, 0x1063, 0x1484, 0x1484, 0x18A4, 0x18A5,
    0x18A4, 0x1484, 0x1084, 0x0C63, 0x0842, 0x8000, 0x8000, 0x8000, 0x8000, 0x8000, 0x8000, 0x8000, 0x8000, 0x8000, 0x8000, 0x8000,
    0x006B, 0x006A, 0x0047, 0x0046, 0x0047, 0x0068, 0x0047, 0x0046, 0x0046, 0x0047, 0x0047, 0x0047, 0x0047, 0x0047, 0x0047, 0x0047,
    0x0047, 0x0047, 0x0069, 0x006B, 0x008C, 0x00AF, 0x04F2, 0x00F3, 0x00D3, 0x00D1, 0x00AF, 0x008D, 0x006B, 0x006B, 0x006A, 0x0048,
    0x0046, 0x0047, 0x006B, 0x008C, 0x00B0, 0x00D1, 0x00D1, 0x00D2, 0x00D1, 0x00AE, 0x006C, 0x006B, 0x0048, 0x0045, 0x0046, 0x0046,
    0x0069, 0x006B, 0x00AF, 0x00D1, 0x00D0, 0x00AE, 0x006B, 0x006A, 0x006A, 0x006B, 0x008E, 0x00B0, 0x008D, 0x006A, 0x0068, 0x0022,
    0x0420, 0x0421, 0x0821, 0x0842, 0x0841, 0x0C62, 0x0842, 0x0821, 0x04A8, 0x0972, 0x0992, 0x09B3, 0x052F, 0x0065, 0x0420, 0x0421,
    0x0821, 0x0421, 0x0421, 0x0421, 0x0842, 0x0842, 0x0842, 0x0C63, 0x1063, 0x1484, 0x1484, 0x1884, 0x18A5, 0x18A5, 0x18A5, 0x18A5,
    0x18A5, 0x1484, 0x1484, 0x1063, 0x0C63, 0x0C42, 0x0C42, 0x0C42, 0x0842, 0x0842, 0x0842, 0x0C63, 0x0C42, 0x0C63, 0x1063, 0x1484,
    0x1484, 0x1884, 0x1884, 0x1484, 0x1063, 0x0842, 0x0421, 0x8000, 0x8000, 0x8000, 0x8000, 0x8000, 0x8000, 0x8000, 0x8000, 0x8000,
    0x006C, 0x006B, 0x0068, 0x0046, 0x0047, 0x0068, 0x0069, 0x0047, 0x0046, 0x0046, 0x0047, 0x0046, 0x0047, 0x0046, 0x0046, 0x0047,
    0x0048, 0x006A, 0x006B, 0x008C, 0x00B0, 0x00D2, 0x00D2, 0x00D2, 0x00B0, 0x00AF, 0x008D, 0x006B, 0x006B, 0x006B, 0x0048, 0x0047,
    0x0046, 0x0068, 0x008C, 0x00AE, 0x00B0, 0x00D1, 0x00D1, 0x00D1, 0x00AF, 0x008D, 0x006B, 0x006A, 0x0046, 0x0045, 0x0046, 0x0047,
    0x0069, 0x006C, 0x00AE, 0x00D1, 0x00AF, 0x008D, 0x006B, 0x0069, 0x0069, 0x008C, 0x00AF, 0x04B0, 0x008C, 0x006A, 0x0068, 0x0021,
    0x0421, 0x0421, 0x0842, 0x0842, 0x0842, 0x0C42, 0x0C42, 0x0842, 0x04EC, 0x0951, 0x0992, 0x0971, 0x04EC, 0x0022, 0x0421, 0x0821,
    0x0842, 0x0842, 0x0842, 0x0421, 0x0421, 0x0421, 0x0842, 0x0842, 0x0C42, 0x0C63, 0x1484, 0x1484, 0x18A5, 0x18A5, 0x1884, 0x18A5,
    0x18A5, 0x18A5, 0x18A5, 0x1484, 0x1484, 0x1063, 0x0C62, 0x0C42, 0x0C42, 0x0842, 0x0842, 0x0842, 0x0842, 0x0842, 0x0842, 0x0C42,
    0x0C63, 0x1063, 0x1484, 0x1484, 0x1484, 0x1063, 0x0C63, 0x0421, 0x8000, 0x8000, 0x8000, 0x8000, 0x8000, 0x8000, 0x8000, 0x8000,
    0x008C, 0x008C, 0x006A, 0x0048, 0x0047, 0x0047, 0x0069, 0x0069, 0x0047, 0x0046, 0x0046, 0x0046, 0x0046, 0x0046, 0x0047, 0x0069,
    0x006A, 0x006B, 0x008D, 0x00D0, 0x00D2, 0x00D2, 0x00D1, 0x00AF, 0x00AE, 0x008D, 0x008C, 0x006B, 0x006A, 0x0048, 0x0047, 0x0046,
    0x0047, 0x006A, 0x008C, 0x00AE, 0x00B0, 0x00B0, 0x00B0, 0x00D0, 0x008E, 0x008C, 0x006B, 0x006A, 0x0045, 0x0046, 0x0046, 0x0047,
    0x006A, 0x008C, 0x00AF, 0x00B0, 0x008E, 0x006B, 0x006A, 0x0068, 0x006A, 0x008E, 0x00B0, 0x008E, 0x006B, 0x0069, 0x0047, 0x0021,
    0x0421, 0x0421, 0x0841, 0x0842, 0x0821, 0x0842, 0x0C42, 0x0843, 0x050E, 0x094F, 0x0971, 0x0550, 0x00CA, 0x0421, 0x0421, 0x0821,
    0x0842, 0x0842, 0x0C42, 0x0842, 0x0842, 0x0421, 0x0421, 0x0842, 0x0842, 0x0842, 0x0C63, 0x1063, 0x1484, 0x1484, 0x1884, 0x18A5,
    0x18A5, 0x18A5, 0x18A5, 0x18A5, 0x18A4, 0x1484, 0x1084, 0x0C63, 0x0C42, 0x0842, 0x0842, 0x0842, 0x0842, 0x0842, 0x0842, 0x0842,
    0x0842, 0x0842, 0x0C42, 0x0C62, 0x1083, 0x1484, 0x1484, 0x0C63, 0x0421, 0x8000, 0x8000, 0x8000, 0x8000, 0x8000, 0x8000, 0x8000,
    0x008C, 0x008D, 0x006B, 0x0069, 0x0047, 0x0046, 0x0068, 0x006A, 0x006A, 0x0068, 0x0068, 0x0047, 0x0047, 0x0068, 0x0069, 0x006A,
    0x008C, 0x008E, 0x00B0, 0x00D1, 0x00D1, 0x00D1, 0x00AF, 0x008E, 0x008C, 0x008C, 0x006C, 0x006B, 0x0068, 0x0047, 0x0047, 0x0046,
    0x0068, 0x006B, 0x008C, 0x00AF, 0x00B0, 0x00B0, 0x00B0, 0x00B0, 0x008D, 0x006C, 0x006B, 0x0048, 0x0045, 0x0046, 0x0045, 0x0047,
    0x006A, 0x008D, 0x00AE, 0x00AF, 0x008D, 0x006B, 0x0068, 0x0069, 0x006B, 0x008D, 0x00B0, 0x008D, 0x006B, 0x0069, 0x0045, 0x0001,
    0x0421, 0x0421, 0x0421, 0x0821, 0x0821, 0x0842, 0x0841, 0x0465, 0x052F, 0x092F, 0x0950, 0x052F, 0x04A8, 0x0420, 0x0421, 0x0421,
    0x0842, 0x0C42, 0x0C63, 0x0C63, 0x0C42, 0x0842, 0x0842, 0x0842, 0x0842, 0x0842, 0x0842, 0x0C42, 0x1063, 0x1484, 0x1484, 0x1884,
    0x18A5, 0x18A5, 0x18A5, 0x18A5, 0x18A5, 0x18A4, 0x1884, 0x1084, 0x0C63, 0x0C42, 0x0C42, 0x0842, 0x0842, 0x0842, 0x0842, 0x0842,
    0x0841, 0x0842, 0x0842, 0x0842, 0x0C42, 0x1063, 0x1063, 0x1063, 0x1063, 0x0821, 0x8000, 0x8000, 0x8000, 0x8000, 0x8000, 0x8000,
    0x008C, 0x008D, 0x008D, 0x006B, 0x0068, 0x0047, 0x0047, 0x0069, 0x006B, 0x006B, 0x006B, 0x006A, 0x006A, 0x006A, 0x006B, 0x006C,
    0x008E, 0x00B0, 0x00D1, 0x00B0, 0x00AF, 0x00AF, 0x008D, 0x006C, 0x006B, 0x006B, 0x006A, 0x0069, 0x0047, 0x0047, 0x0046, 0x0047,
    0x0069, 0x006C, 0x008D, 0x00AF, 0x00AF, 0x00B0, 0x00AF, 0x00AE, 0x008C, 0x006C, 0x006A, 0x0047, 0x0045, 0x0046, 0x0046, 0x0047,
    0x006A, 0x008C, 0x00AE, 0x00AE, 0x008C, 0x006A, 0x0047, 0x0069, 0x006B, 0x008E, 0x00AF, 0x008D, 0x006A, 0x0068, 0x0044, 0x0020,
    0x0421, 0x0421, 0x0421, 0x0421, 0x0421, 0x0421, 0x0821, 0x0486, 0x052F, 0x052F, 0x0950, 0x052E, 0x0486, 0x0400, 0x0421, 0x0421,
    0x0821, 0x0842, 0x0C63, 0x0C63, 0x0C63, 0x0C42, 0x0842, 0x0842, 0x0842, 0x0842, 0x0842, 0x0842, 0x0C42, 0x0C63, 0x1084, 0x1484,
    0x1484, 0x18A5, 0x18A5, 0x18A5, 0x18A5, 0x18A5, 0x18A4, 0x1484, 0x1484, 0x1084, 0x1063, 0x0C42, 0x0C42, 0x0C42, 0x0842, 0x0842,
    0x0842, 0x0842, 0x0821, 0x0821, 0x0422, 0x0842, 0x0842, 0x0C63, 0x1063, 0x0C63, 0x0821, 0x8000, 0x8000, 0x8000, 0x8000, 0x8000,
    0x008B, 0x008C, 0x008E, 0x008D, 0x006A, 0x0048, 0x0047, 0x0047, 0x006A, 0x006B, 0x006B, 0x006B, 0x006B, 0x006C, 0x008C, 0x00AE,
    0x00AF, 0x00D0, 0x00AF, 0x00AF, 0x00AF, 0x008D, 0x006B, 0x006B, 0x008B, 0x006B, 0x0069, 0x0047, 0x0047, 0x0047, 0x0046, 0x0068,
    0x006A, 0x008C, 0x00AF, 0x00AF, 0x00AF, 0x00AF, 0x00AF, 0x008D, 0x006C, 0x008C, 0x006A, 0x0047, 0x0045, 0x0046, 0x0046, 0x0048,
    0x006A, 0x008C, 0x00AE, 0x008D, 0x006B, 0x0069, 0x0048, 0x006A, 0x008C, 0x00AE, 0x00AF, 0x008D, 0x006A, 0x0068, 0x0023, 0x8000,
    0x0001, 0x0421, 0x0421, 0x0421, 0x0842, 0x0421, 0x0820, 0x0486, 0x054F, 0x052F, 0x0950, 0x052E, 0x0465, 0x0420, 0x0421, 0x0421,
    0x0421, 0x0842, 0x0842, 0x0C62, 0x1063, 0x1063, 0x0C63, 0x0C42, 0x0842, 0x0842, 0x0842, 0x0842, 0x0842, 0x0842, 0x0C62, 0x0C63,
    0x1063, 0x1484, 0x18A4, 0x18A5, 0x18A5, 0x18A4, 0x1884, 0x1884, 0x18A5, 0x18A5, 0x1484, 0x1063, 0x0C63, 0x0C62, 0x0C42, 0x0C42,
    0x0842, 0x0842, 0x0842, 0x0821, 0x0821, 0x0821, 0x0421, 0x0841, 0x0C42, 0x0C63, 0x0C42, 0x0421, 0x8000, 0x8000, 0x8000, 0x8000,
};
